[2025-03-18T10:51:16.333+0000] {manager.py:483} INFO - Processing files using up to 1 processes at a time 
[2025-03-18T10:51:16.334+0000] {manager.py:484} INFO - Process each file at most once every 30 seconds
[2025-03-18T10:51:16.334+0000] {manager.py:485} INFO - Checking for new files in /workspaces/Data-Management-for-ML/airflow/dags every 300 seconds
[2025-03-18T10:51:16.334+0000] {manager.py:821} INFO - Searching for files in /workspaces/Data-Management-for-ML/airflow/dags
[2025-03-18T10:51:16.368+0000] {manager.py:824} INFO - There are 57 files in /workspaces/Data-Management-for-ML/airflow/dags
[2025-03-18T10:51:16.506+0000] {manager.py:997} INFO - 
================================================================================
DAG File Processing Stats

File Path                                                                                                                              PID    Runtime      # DAGs    # Errors  Last Runtime    Last Run               Last # of DB Queries
-------------------------------------------------------------------------------------------------------------------------------------  -----  ---------  --------  ----------  --------------  -------------------  ----------------------
/usr/local/python/3.12.1/lib/python3.12/site-packages/airflow/example_dags/subdags/subdag.py                                                                    0           0  0.11s           2025-03-18T10:51:16                       3
/usr/local/python/3.12.1/lib/python3.12/site-packages/airflow/example_dags/example_sensor_decorator.py                                                          0           0                                                            0
/usr/local/python/3.12.1/lib/python3.12/site-packages/airflow/example_dags/example_sensors.py                                                                   0           0                                                            0
/usr/local/python/3.12.1/lib/python3.12/site-packages/airflow/example_dags/example_python_decorator.py                                                          0           0                                                            0
/usr/local/python/3.12.1/lib/python3.12/site-packages/airflow/example_dags/example_complex.py                                                                   0           0                                                            0
/usr/local/python/3.12.1/lib/python3.12/site-packages/airflow/example_dags/example_display_name.py                                                              0           0                                                            0
/usr/local/python/3.12.1/lib/python3.12/site-packages/airflow/example_dags/example_task_group_decorator.py                                                      0           0                                                            0
/usr/local/python/3.12.1/lib/python3.12/site-packages/airflow/example_dags/example_short_circuit_decorator.py                                                   0           0                                                            0
/usr/local/python/3.12.1/lib/python3.12/site-packages/airflow/example_dags/example_dynamic_task_mapping_with_no_taskflow_operators.py                           0           0                                                            0
/usr/local/python/3.12.1/lib/python3.12/site-packages/airflow/example_dags/example_dataset_alias.py                                                             0           0                                                            0
/usr/local/python/3.12.1/lib/python3.12/site-packages/airflow/example_dags/example_branch_datetime_operator.py                                                  0           0                                                            0
/usr/local/python/3.12.1/lib/python3.12/site-packages/airflow/example_dags/example_time_delta_sensor_async.py                                                   0           0                                                            0
/usr/local/python/3.12.1/lib/python3.12/site-packages/airflow/example_dags/example_branch_operator.py                                                           0           0                                                            0
/usr/local/python/3.12.1/lib/python3.12/site-packages/airflow/example_dags/example_bash_decorator.py                                                            0           0                                                            0
/usr/local/python/3.12.1/lib/python3.12/site-packages/airflow/example_dags/example_xcom.py                                                                      0           0                                                            0
/usr/local/python/3.12.1/lib/python3.12/site-packages/airflow/example_dags/example_sla_dag.py                                                                   0           0                                                            0
/usr/local/python/3.12.1/lib/python3.12/site-packages/airflow/example_dags/example_branch_day_of_week_operator.py                                               0           0                                                            0
/usr/local/python/3.12.1/lib/python3.12/site-packages/airflow/example_dags/example_params_trigger_ui.py                                                         0           0                                                            0
/usr/local/python/3.12.1/lib/python3.12/site-packages/airflow/example_dags/example_setup_teardown.py                                                            0           0                                                            0
/usr/local/python/3.12.1/lib/python3.12/site-packages/airflow/example_dags/example_trigger_target_dag.py                                                        0           0                                                            0
/usr/local/python/3.12.1/lib/python3.12/site-packages/airflow/example_dags/example_branch_labels.py                                                             0           0                                                            0
/usr/local/python/3.12.1/lib/python3.12/site-packages/airflow/example_dags/example_setup_teardown_taskflow.py                                                   0           0                                                            0
/usr/local/python/3.12.1/lib/python3.12/site-packages/airflow/example_dags/example_dynamic_task_mapping.py                                                      0           0                                                            0
/usr/local/python/3.12.1/lib/python3.12/site-packages/airflow/example_dags/example_branch_operator_decorator.py                                                 0           0                                                            0
/usr/local/python/3.12.1/lib/python3.12/site-packages/airflow/example_dags/example_skip_dag.py                                                                  0           0                                                            0
/usr/local/python/3.12.1/lib/python3.12/site-packages/airflow/example_dags/example_latest_only.py                                                               0           0                                                            0
/usr/local/python/3.12.1/lib/python3.12/site-packages/airflow/example_dags/example_latest_only_with_trigger.py                                                  0           0                                                            0
/usr/local/python/3.12.1/lib/python3.12/site-packages/airflow/example_dags/tutorial_taskflow_api.py                                                             0           0                                                            0
/usr/local/python/3.12.1/lib/python3.12/site-packages/airflow/example_dags/example_dag_decorator.py                                                             0           0                                                            0
/usr/local/python/3.12.1/lib/python3.12/site-packages/airflow/example_dags/example_workday_timetable.py                                                         0           0                                                            0
/usr/local/python/3.12.1/lib/python3.12/site-packages/airflow/example_dags/example_trigger_controller_dag.py                                                    0           0                                                            0
/usr/local/python/3.12.1/lib/python3.12/site-packages/airflow/example_dags/tutorial_taskflow_api_virtualenv.py                                                  0           0                                                            0
/usr/local/python/3.12.1/lib/python3.12/site-packages/airflow/example_dags/example_kubernetes_executor.py                                                       0           0                                                            0
/usr/local/python/3.12.1/lib/python3.12/site-packages/airflow/example_dags/example_passing_params_via_test_command.py                                           0           0                                                            0
/usr/local/python/3.12.1/lib/python3.12/site-packages/airflow/example_dags/example_inlet_event_extra.py                                                         0           0                                                            0
/usr/local/python/3.12.1/lib/python3.12/site-packages/airflow/example_dags/example_short_circuit_operator.py                                                    0           0                                                            0
/usr/local/python/3.12.1/lib/python3.12/site-packages/airflow/example_dags/example_nested_branch_dag.py                                                         0           0                                                            0
/usr/local/python/3.12.1/lib/python3.12/site-packages/airflow/example_dags/example_bash_operator.py                                                             0           0                                                            0
/usr/local/python/3.12.1/lib/python3.12/site-packages/airflow/example_dags/example_local_kubernetes_executor.py                                                 0           0                                                            0
/usr/local/python/3.12.1/lib/python3.12/site-packages/airflow/example_dags/example_outlet_event_extra.py                                                        0           0                                                            0
/usr/local/python/3.12.1/lib/python3.12/site-packages/airflow/example_dags/example_task_group.py                                                                0           0                                                            0
/usr/local/python/3.12.1/lib/python3.12/site-packages/airflow/example_dags/tutorial_dag.py                                                                      0           0                                                            0
/usr/local/python/3.12.1/lib/python3.12/site-packages/airflow/example_dags/example_params_ui_tutorial.py                                                        0           0                                                            0
/usr/local/python/3.12.1/lib/python3.12/site-packages/airflow/example_dags/example_dataset_alias_with_no_taskflow.py                                            0           0                                                            0
/usr/local/python/3.12.1/lib/python3.12/site-packages/airflow/example_dags/tutorial.py                                                                          0           0                                                            0
/usr/local/python/3.12.1/lib/python3.12/site-packages/airflow/example_dags/example_python_operator.py                                                           0           0                                                            0
/usr/local/python/3.12.1/lib/python3.12/site-packages/airflow/example_dags/example_branch_python_dop_operator_3.py                                              0           0                                                            0
/usr/local/python/3.12.1/lib/python3.12/site-packages/airflow/example_dags/example_external_task_marker_dag.py                                                  0           0                                                            0
/usr/local/python/3.12.1/lib/python3.12/site-packages/airflow/example_dags/example_datasets.py                                                                  0           0                                                            0
/usr/local/python/3.12.1/lib/python3.12/site-packages/airflow/example_dags/tutorial_objectstorage.py                                                            0           0                                                            0
/usr/local/python/3.12.1/lib/python3.12/site-packages/airflow/example_dags/example_xcomargs.py                                                                  0           0                                                            0
/usr/local/python/3.12.1/lib/python3.12/site-packages/airflow/example_dags/example_subdag_operator.py                                                           0           0                                                            0
/usr/local/python/3.12.1/lib/python3.12/site-packages/airflow/example_dags/tutorial_taskflow_templates.py                                                       0           0                                                            0
/usr/local/python/3.12.1/lib/python3.12/site-packages/airflow/example_dags/plugins/event_listener.py                                                            0           0                                                            0
/usr/local/python/3.12.1/lib/python3.12/site-packages/airflow/example_dags/plugins/listener_plugin.py                                                           0           0                                                            0
/usr/local/python/3.12.1/lib/python3.12/site-packages/airflow/example_dags/plugins/decreasing_priority_weight_strategy.py                                       0           0                                                            0
/usr/local/python/3.12.1/lib/python3.12/site-packages/airflow/example_dags/plugins/workday.py                                                                   0           0                                                            0
================================================================================
[2025-03-18T10:51:46.776+0000] {manager.py:997} INFO - 
================================================================================
DAG File Processing Stats

File Path                                                                                                                              PID    Runtime      # DAGs    # Errors  Last Runtime    Last Run               Last # of DB Queries
-------------------------------------------------------------------------------------------------------------------------------------  -----  ---------  --------  ----------  --------------  -------------------  ----------------------
/usr/local/python/3.12.1/lib/python3.12/site-packages/airflow/example_dags/example_xcomargs.py                                                                  2           0  0.31s           2025-03-18T10:51:32                      79
/usr/local/python/3.12.1/lib/python3.12/site-packages/airflow/example_dags/example_workday_timetable.py                                                         1           0  0.21s           2025-03-18T10:51:29                      45
/usr/local/python/3.12.1/lib/python3.12/site-packages/airflow/example_dags/tutorial.py                                                                          1           0  0.21s           2025-03-18T10:51:31                      45
/usr/local/python/3.12.1/lib/python3.12/site-packages/airflow/example_dags/example_task_group_decorator.py                                                      1           0  0.21s           2025-03-18T10:51:33                      43
/usr/local/python/3.12.1/lib/python3.12/site-packages/airflow/example_dags/example_sensor_decorator.py                                                          1           0  0.21s           2025-03-18T10:51:41                      43
/usr/local/python/3.12.1/lib/python3.12/site-packages/airflow/example_dags/example_xcom.py                                                                      1           0  0.21s           2025-03-18T10:51:26                      45
/usr/local/python/3.12.1/lib/python3.12/site-packages/airflow/example_dags/example_setup_teardown.py                                                            1           0  0.21s           2025-03-18T10:51:43                      43
/usr/local/python/3.12.1/lib/python3.12/site-packages/airflow/example_dags/example_task_group.py                                                                1           0  0.20s           2025-03-18T10:51:38                      43
/usr/local/python/3.12.1/lib/python3.12/site-packages/airflow/example_dags/example_sensors.py                                                                   1           0  0.20s           2025-03-18T10:51:42                      43
/usr/local/python/3.12.1/lib/python3.12/site-packages/airflow/example_dags/example_short_circuit_operator.py                                                    1           0  0.20s           2025-03-18T10:51:37                      43
/usr/local/python/3.12.1/lib/python3.12/site-packages/airflow/example_dags/tutorial_objectstorage.py                                                            1           0  0.20s           2025-03-18T10:51:25                      43
/usr/local/python/3.12.1/lib/python3.12/site-packages/airflow/example_dags/example_sla_dag.py                                                                   1           0  0.20s           2025-03-18T10:51:35                      45
/usr/local/python/3.12.1/lib/python3.12/site-packages/airflow/example_dags/tutorial_dag.py                                                                      1           0  0.20s           2025-03-18T10:51:24                      43
/usr/local/python/3.12.1/lib/python3.12/site-packages/airflow/example_dags/tutorial_taskflow_api.py                                                             1           0  0.20s           2025-03-18T10:51:21                      43
/usr/local/python/3.12.1/lib/python3.12/site-packages/airflow/example_dags/tutorial_taskflow_templates.py                                                       1           0  0.20s           2025-03-18T10:51:26                      45
/usr/local/python/3.12.1/lib/python3.12/site-packages/airflow/example_dags/example_python_operator.py                                                           1           0  0.20s           2025-03-18T10:51:46                      43
/usr/local/python/3.12.1/lib/python3.12/site-packages/airflow/example_dags/tutorial_taskflow_api_virtualenv.py                                                  1           0  0.20s           2025-03-18T10:51:22                      43
/usr/local/python/3.12.1/lib/python3.12/site-packages/airflow/example_dags/example_time_delta_sensor_async.py                                                   1           0  0.20s           2025-03-18T10:51:34                      43
/usr/local/python/3.12.1/lib/python3.12/site-packages/airflow/example_dags/example_setup_teardown_taskflow.py                                                   1           0  0.20s           2025-03-18T10:51:45                      43
/usr/local/python/3.12.1/lib/python3.12/site-packages/airflow/example_dags/example_subdag_operator.py                                                           3           0  0.20s           2025-03-18T10:51:39                      53
/usr/local/python/3.12.1/lib/python3.12/site-packages/airflow/example_dags/example_trigger_controller_dag.py                                                    1           0  0.20s           2025-03-18T10:51:30                      45
/usr/local/python/3.12.1/lib/python3.12/site-packages/airflow/example_dags/example_skip_dag.py                                                                  1           0  0.20s           2025-03-18T10:51:36                      45
/usr/local/python/3.12.1/lib/python3.12/site-packages/airflow/example_dags/example_python_decorator.py                                                          1           0  0.20s           2025-03-18T10:51:46                      43
/usr/local/python/3.12.1/lib/python3.12/site-packages/airflow/example_dags/example_trigger_target_dag.py                                                        1           0  0.20s           2025-03-18T10:51:28                      43
/usr/local/python/3.12.1/lib/python3.12/site-packages/airflow/example_dags/example_short_circuit_decorator.py                                                   1           0  0.20s           2025-03-18T10:51:42                      43
/usr/local/python/3.12.1/lib/python3.12/site-packages/airflow/example_dags/subdags/subdag.py                                                                    0           0  0.11s           2025-03-18T10:51:16                       3
/usr/local/python/3.12.1/lib/python3.12/site-packages/airflow/example_dags/plugins/decreasing_priority_weight_strategy.py                                       0           0  0.10s           2025-03-18T10:51:21                       3
/usr/local/python/3.12.1/lib/python3.12/site-packages/airflow/example_dags/plugins/workday.py                                                                   0           0  0.10s           2025-03-18T10:51:18                       3
/usr/local/python/3.12.1/lib/python3.12/site-packages/airflow/example_dags/plugins/event_listener.py                                                            0           0  0.10s           2025-03-18T10:51:19                       3
/usr/local/python/3.12.1/lib/python3.12/site-packages/airflow/example_dags/plugins/listener_plugin.py                                                           0           0  0.10s           2025-03-18T10:51:17                       3
/usr/local/python/3.12.1/lib/python3.12/site-packages/airflow/example_dags/example_complex.py                                                                   0           0                                                            0
/usr/local/python/3.12.1/lib/python3.12/site-packages/airflow/example_dags/example_display_name.py                                                              0           0                                                            0
/usr/local/python/3.12.1/lib/python3.12/site-packages/airflow/example_dags/example_dynamic_task_mapping_with_no_taskflow_operators.py                           0           0                                                            0
/usr/local/python/3.12.1/lib/python3.12/site-packages/airflow/example_dags/example_dataset_alias.py                                                             0           0                                                            0
/usr/local/python/3.12.1/lib/python3.12/site-packages/airflow/example_dags/example_branch_datetime_operator.py                                                  0           0                                                            0
/usr/local/python/3.12.1/lib/python3.12/site-packages/airflow/example_dags/example_branch_operator.py                                                           0           0                                                            0
/usr/local/python/3.12.1/lib/python3.12/site-packages/airflow/example_dags/example_bash_decorator.py                                                            0           0                                                            0
/usr/local/python/3.12.1/lib/python3.12/site-packages/airflow/example_dags/example_branch_day_of_week_operator.py                                               0           0                                                            0
/usr/local/python/3.12.1/lib/python3.12/site-packages/airflow/example_dags/example_params_trigger_ui.py                                                         0           0                                                            0
/usr/local/python/3.12.1/lib/python3.12/site-packages/airflow/example_dags/example_branch_labels.py                                                             0           0                                                            0
/usr/local/python/3.12.1/lib/python3.12/site-packages/airflow/example_dags/example_dynamic_task_mapping.py                                                      0           0                                                            0
/usr/local/python/3.12.1/lib/python3.12/site-packages/airflow/example_dags/example_branch_operator_decorator.py                                                 0           0                                                            0
/usr/local/python/3.12.1/lib/python3.12/site-packages/airflow/example_dags/example_latest_only.py                                                               0           0                                                            0
/usr/local/python/3.12.1/lib/python3.12/site-packages/airflow/example_dags/example_latest_only_with_trigger.py                                                  0           0                                                            0
/usr/local/python/3.12.1/lib/python3.12/site-packages/airflow/example_dags/example_dag_decorator.py                                                             0           0                                                            0
/usr/local/python/3.12.1/lib/python3.12/site-packages/airflow/example_dags/example_kubernetes_executor.py                                                       0           0                                                            0
/usr/local/python/3.12.1/lib/python3.12/site-packages/airflow/example_dags/example_passing_params_via_test_command.py                                           0           0                                                            0
/usr/local/python/3.12.1/lib/python3.12/site-packages/airflow/example_dags/example_inlet_event_extra.py                                                         0           0                                                            0
/usr/local/python/3.12.1/lib/python3.12/site-packages/airflow/example_dags/example_nested_branch_dag.py                                                         0           0                                                            0
/usr/local/python/3.12.1/lib/python3.12/site-packages/airflow/example_dags/example_bash_operator.py                                                             0           0                                                            0
/usr/local/python/3.12.1/lib/python3.12/site-packages/airflow/example_dags/example_local_kubernetes_executor.py                                                 0           0                                                            0
/usr/local/python/3.12.1/lib/python3.12/site-packages/airflow/example_dags/example_outlet_event_extra.py                                                        0           0                                                            0
/usr/local/python/3.12.1/lib/python3.12/site-packages/airflow/example_dags/example_params_ui_tutorial.py                                                        0           0                                                            0
/usr/local/python/3.12.1/lib/python3.12/site-packages/airflow/example_dags/example_dataset_alias_with_no_taskflow.py                                            0           0                                                            0
/usr/local/python/3.12.1/lib/python3.12/site-packages/airflow/example_dags/example_branch_python_dop_operator_3.py                                              0           0                                                            0
/usr/local/python/3.12.1/lib/python3.12/site-packages/airflow/example_dags/example_external_task_marker_dag.py                                                  0           0                                                            0
/usr/local/python/3.12.1/lib/python3.12/site-packages/airflow/example_dags/example_datasets.py                                                                  0           0                                                            0
================================================================================
[2025-03-18T10:52:17.044+0000] {manager.py:997} INFO - 
================================================================================
DAG File Processing Stats

File Path                                                                                                                              PID    Runtime      # DAGs    # Errors  Last Runtime    Last Run               Last # of DB Queries
-------------------------------------------------------------------------------------------------------------------------------------  -----  ---------  --------  ----------  --------------  -------------------  ----------------------
/usr/local/python/3.12.1/lib/python3.12/site-packages/airflow/example_dags/example_datasets.py                                                                 10           0  0.71s           2025-03-18T10:52:07                     379
/usr/local/python/3.12.1/lib/python3.12/site-packages/airflow/example_dags/example_dataset_alias.py                                                             4           0  0.41s           2025-03-18T10:52:03                     157
/usr/local/python/3.12.1/lib/python3.12/site-packages/airflow/example_dags/example_dataset_alias_with_no_taskflow.py                                            4           0  0.41s           2025-03-18T10:52:05                     157
/usr/local/python/3.12.1/lib/python3.12/site-packages/airflow/example_dags/example_external_task_marker_dag.py                                                  2           0  0.31s           2025-03-18T10:51:59                      79
/usr/local/python/3.12.1/lib/python3.12/site-packages/airflow/example_dags/example_branch_datetime_operator.py                                                  3           0  0.31s           2025-03-18T10:52:15                     117
/usr/local/python/3.12.1/lib/python3.12/site-packages/airflow/example_dags/example_xcomargs.py                                                                  2           0  0.31s           2025-03-18T10:51:32                      79
/usr/local/python/3.12.1/lib/python3.12/site-packages/airflow/example_dags/example_inlet_event_extra.py                                                         2           0  0.30s           2025-03-18T10:51:56                      81
/usr/local/python/3.12.1/lib/python3.12/site-packages/airflow/example_dags/example_outlet_event_extra.py                                                        3           0  0.30s           2025-03-18T10:51:50                     118
/usr/local/python/3.12.1/lib/python3.12/site-packages/airflow/example_dags/example_dag_decorator.py                                                             1           0  0.21s           2025-03-18T10:52:13                      43
/usr/local/python/3.12.1/lib/python3.12/site-packages/airflow/example_dags/example_workday_timetable.py                                                         1           0  0.21s           2025-03-18T10:51:29                      45
/usr/local/python/3.12.1/lib/python3.12/site-packages/airflow/example_dags/example_params_trigger_ui.py                                                         1           0  0.21s           2025-03-18T10:51:47                      43
/usr/local/python/3.12.1/lib/python3.12/site-packages/airflow/example_dags/tutorial.py                                                                          1           0  0.21s           2025-03-18T10:51:31                      45
/usr/local/python/3.12.1/lib/python3.12/site-packages/airflow/example_dags/example_task_group_decorator.py                                                      1           0  0.21s           2025-03-18T10:51:33                      43
/usr/local/python/3.12.1/lib/python3.12/site-packages/airflow/example_dags/example_sensor_decorator.py                                                          1           0  0.21s           2025-03-18T10:51:41                      43
/usr/local/python/3.12.1/lib/python3.12/site-packages/airflow/example_dags/example_xcom.py                                                                      1           0  0.21s           2025-03-18T10:51:26                      45
/usr/local/python/3.12.1/lib/python3.12/site-packages/airflow/example_dags/example_setup_teardown.py                                                            1           0  0.21s           2025-03-18T10:51:43                      43
/usr/local/python/3.12.1/lib/python3.12/site-packages/airflow/example_dags/example_bash_operator.py                                                             1           0  0.21s           2025-03-18T10:52:17                      45
/usr/local/python/3.12.1/lib/python3.12/site-packages/airflow/example_dags/example_branch_operator_decorator.py                                                 1           0  0.21s           2025-03-18T10:52:12                      45
/usr/local/python/3.12.1/lib/python3.12/site-packages/airflow/example_dags/example_latest_only_with_trigger.py                                                  1           0  0.20s           2025-03-18T10:51:54                      45
/usr/local/python/3.12.1/lib/python3.12/site-packages/airflow/example_dags/example_latest_only.py                                                               1           0  0.20s           2025-03-18T10:51:52                      45
/usr/local/python/3.12.1/lib/python3.12/site-packages/airflow/example_dags/example_passing_params_via_test_command.py                                           1           0  0.20s           2025-03-18T10:51:49                      45
/usr/local/python/3.12.1/lib/python3.12/site-packages/airflow/example_dags/example_complex.py                                                                   1           0  0.20s           2025-03-18T10:52:08                      43
/usr/local/python/3.12.1/lib/python3.12/site-packages/airflow/example_dags/example_dynamic_task_mapping_with_no_taskflow_operators.py                           1           0  0.20s           2025-03-18T10:52:01                      43
/usr/local/python/3.12.1/lib/python3.12/site-packages/airflow/example_dags/example_task_group.py                                                                1           0  0.20s           2025-03-18T10:51:38                      43
/usr/local/python/3.12.1/lib/python3.12/site-packages/airflow/example_dags/example_bash_decorator.py                                                            1           0  0.20s           2025-03-18T10:52:16                      43
/usr/local/python/3.12.1/lib/python3.12/site-packages/airflow/example_dags/example_display_name.py                                                              1           0  0.20s           2025-03-18T10:52:00                      43
/usr/local/python/3.12.1/lib/python3.12/site-packages/airflow/example_dags/example_sensors.py                                                                   1           0  0.20s           2025-03-18T10:51:42                      43
/usr/local/python/3.12.1/lib/python3.12/site-packages/airflow/example_dags/example_short_circuit_operator.py                                                    1           0  0.20s           2025-03-18T10:51:37                      43
/usr/local/python/3.12.1/lib/python3.12/site-packages/airflow/example_dags/tutorial_objectstorage.py                                                            1           0  0.20s           2025-03-18T10:51:25                      43
/usr/local/python/3.12.1/lib/python3.12/site-packages/airflow/example_dags/example_sla_dag.py                                                                   1           0  0.20s           2025-03-18T10:51:35                      45
/usr/local/python/3.12.1/lib/python3.12/site-packages/airflow/example_dags/tutorial_dag.py                                                                      1           0  0.20s           2025-03-18T10:51:24                      43
/usr/local/python/3.12.1/lib/python3.12/site-packages/airflow/example_dags/example_params_ui_tutorial.py                                                        1           0  0.20s           2025-03-18T10:51:51                      43
/usr/local/python/3.12.1/lib/python3.12/site-packages/airflow/example_dags/tutorial_taskflow_api.py                                                             1           0  0.20s           2025-03-18T10:51:21                      43
/usr/local/python/3.12.1/lib/python3.12/site-packages/airflow/example_dags/tutorial_taskflow_templates.py                                                       1           0  0.20s           2025-03-18T10:51:26                      45
/usr/local/python/3.12.1/lib/python3.12/site-packages/airflow/example_dags/example_python_operator.py                                                           1           0  0.20s           2025-03-18T10:51:46                      43
/usr/local/python/3.12.1/lib/python3.12/site-packages/airflow/example_dags/tutorial_taskflow_api_virtualenv.py                                                  1           0  0.20s           2025-03-18T10:51:22                      43
/usr/local/python/3.12.1/lib/python3.12/site-packages/airflow/example_dags/example_time_delta_sensor_async.py                                                   1           0  0.20s           2025-03-18T10:51:34                      43
/usr/local/python/3.12.1/lib/python3.12/site-packages/airflow/example_dags/example_dynamic_task_mapping.py                                                      1           0  0.20s           2025-03-18T10:52:04                      43
/usr/local/python/3.12.1/lib/python3.12/site-packages/airflow/example_dags/example_setup_teardown_taskflow.py                                                   1           0  0.20s           2025-03-18T10:51:45                      43
/usr/local/python/3.12.1/lib/python3.12/site-packages/airflow/example_dags/example_subdag_operator.py                                                           3           0  0.20s           2025-03-18T10:51:39                      53
/usr/local/python/3.12.1/lib/python3.12/site-packages/airflow/example_dags/example_trigger_controller_dag.py                                                    1           0  0.20s           2025-03-18T10:51:30                      45
/usr/local/python/3.12.1/lib/python3.12/site-packages/airflow/example_dags/example_branch_labels.py                                                             1           0  0.20s           2025-03-18T10:52:10                      45
/usr/local/python/3.12.1/lib/python3.12/site-packages/airflow/example_dags/example_branch_python_dop_operator_3.py                                              1           0  0.20s           2025-03-18T10:52:13                      45
/usr/local/python/3.12.1/lib/python3.12/site-packages/airflow/example_dags/example_nested_branch_dag.py                                                         1           0  0.20s           2025-03-18T10:51:57                      45
/usr/local/python/3.12.1/lib/python3.12/site-packages/airflow/example_dags/example_skip_dag.py                                                                  1           0  0.20s           2025-03-18T10:51:36                      45
/usr/local/python/3.12.1/lib/python3.12/site-packages/airflow/example_dags/example_python_decorator.py                                                          1           0  0.20s           2025-03-18T10:51:46                      43
/usr/local/python/3.12.1/lib/python3.12/site-packages/airflow/example_dags/example_trigger_target_dag.py                                                        1           0  0.20s           2025-03-18T10:51:28                      43
/usr/local/python/3.12.1/lib/python3.12/site-packages/airflow/example_dags/example_short_circuit_decorator.py                                                   1           0  0.20s           2025-03-18T10:51:42                      43
/usr/local/python/3.12.1/lib/python3.12/site-packages/airflow/example_dags/example_branch_operator.py                                                           1           0  0.20s           2025-03-18T10:52:09                      45
/usr/local/python/3.12.1/lib/python3.12/site-packages/airflow/example_dags/example_branch_day_of_week_operator.py                                               1           0  0.20s           2025-03-18T10:52:16                      45
/usr/local/python/3.12.1/lib/python3.12/site-packages/airflow/example_dags/subdags/subdag.py                                                                    0           0  0.11s           2025-03-18T10:51:16                       3
/usr/local/python/3.12.1/lib/python3.12/site-packages/airflow/example_dags/plugins/decreasing_priority_weight_strategy.py                                       0           0  0.10s           2025-03-18T10:51:21                       3
/usr/local/python/3.12.1/lib/python3.12/site-packages/airflow/example_dags/plugins/workday.py                                                                   0           0  0.10s           2025-03-18T10:51:18                       3
/usr/local/python/3.12.1/lib/python3.12/site-packages/airflow/example_dags/plugins/event_listener.py                                                            0           0  0.10s           2025-03-18T10:51:19                       3
/usr/local/python/3.12.1/lib/python3.12/site-packages/airflow/example_dags/example_local_kubernetes_executor.py                                                 0           0  0.10s           2025-03-18T10:51:57                       3
/usr/local/python/3.12.1/lib/python3.12/site-packages/airflow/example_dags/example_kubernetes_executor.py                                                       0           0  0.10s           2025-03-18T10:51:55                       3
/usr/local/python/3.12.1/lib/python3.12/site-packages/airflow/example_dags/plugins/listener_plugin.py                                                           0           0  0.10s           2025-03-18T10:51:17                       3
================================================================================
[2025-03-18T10:52:47.320+0000] {manager.py:997} INFO - 
================================================================================
DAG File Processing Stats

File Path                                                                                                                              PID    Runtime      # DAGs    # Errors  Last Runtime    Last Run               Last # of DB Queries
-------------------------------------------------------------------------------------------------------------------------------------  -----  ---------  --------  ----------  --------------  -------------------  ----------------------
/usr/local/python/3.12.1/lib/python3.12/site-packages/airflow/example_dags/example_datasets.py                                                                 10           0  0.71s           2025-03-18T10:52:07                     379
/usr/local/python/3.12.1/lib/python3.12/site-packages/airflow/example_dags/example_dataset_alias.py                                                             4           0  0.41s           2025-03-18T10:52:03                     157
/usr/local/python/3.12.1/lib/python3.12/site-packages/airflow/example_dags/example_dataset_alias_with_no_taskflow.py                                            4           0  0.41s           2025-03-18T10:52:05                     157
/usr/local/python/3.12.1/lib/python3.12/site-packages/airflow/example_dags/example_external_task_marker_dag.py                                                  2           0  0.31s           2025-03-18T10:51:59                      79
/usr/local/python/3.12.1/lib/python3.12/site-packages/airflow/example_dags/example_branch_datetime_operator.py                                                  3           0  0.31s           2025-03-18T10:52:15                     117
/usr/local/python/3.12.1/lib/python3.12/site-packages/airflow/example_dags/example_inlet_event_extra.py                                                         2           0  0.30s           2025-03-18T10:51:56                      81
/usr/local/python/3.12.1/lib/python3.12/site-packages/airflow/example_dags/example_outlet_event_extra.py                                                        3           0  0.30s           2025-03-18T10:51:50                     118
/usr/local/python/3.12.1/lib/python3.12/site-packages/airflow/example_dags/example_task_group.py                                                                1           0  0.21s           2025-03-18T10:52:39                      10
/usr/local/python/3.12.1/lib/python3.12/site-packages/airflow/example_dags/example_dag_decorator.py                                                             1           0  0.21s           2025-03-18T10:52:13                      43
/usr/local/python/3.12.1/lib/python3.12/site-packages/airflow/example_dags/example_params_trigger_ui.py                                                         1           0  0.21s           2025-03-18T10:51:47                      43
/usr/local/python/3.12.1/lib/python3.12/site-packages/airflow/example_dags/example_bash_operator.py                                                             1           0  0.21s           2025-03-18T10:52:17                      45
/usr/local/python/3.12.1/lib/python3.12/site-packages/airflow/example_dags/example_branch_operator_decorator.py                                                 1           0  0.21s           2025-03-18T10:52:12                      45
/usr/local/python/3.12.1/lib/python3.12/site-packages/airflow/example_dags/example_latest_only_with_trigger.py                                                  1           0  0.20s           2025-03-18T10:51:54                      45
/usr/local/python/3.12.1/lib/python3.12/site-packages/airflow/example_dags/example_latest_only.py                                                               1           0  0.20s           2025-03-18T10:51:52                      45
/usr/local/python/3.12.1/lib/python3.12/site-packages/airflow/example_dags/example_passing_params_via_test_command.py                                           1           0  0.20s           2025-03-18T10:51:49                      45
/usr/local/python/3.12.1/lib/python3.12/site-packages/airflow/example_dags/example_complex.py                                                                   1           0  0.20s           2025-03-18T10:52:08                      43
/usr/local/python/3.12.1/lib/python3.12/site-packages/airflow/example_dags/example_dynamic_task_mapping_with_no_taskflow_operators.py                           1           0  0.20s           2025-03-18T10:52:01                      43
/usr/local/python/3.12.1/lib/python3.12/site-packages/airflow/example_dags/example_bash_decorator.py                                                            1           0  0.20s           2025-03-18T10:52:16                      43
/usr/local/python/3.12.1/lib/python3.12/site-packages/airflow/example_dags/example_display_name.py                                                              1           0  0.20s           2025-03-18T10:52:00                      43
/usr/local/python/3.12.1/lib/python3.12/site-packages/airflow/example_dags/example_params_ui_tutorial.py                                                        1           0  0.20s           2025-03-18T10:51:51                      43
/usr/local/python/3.12.1/lib/python3.12/site-packages/airflow/example_dags/example_dynamic_task_mapping.py                                                      1           0  0.20s           2025-03-18T10:52:04                      43
/usr/local/python/3.12.1/lib/python3.12/site-packages/airflow/example_dags/example_branch_labels.py                                                             1           0  0.20s           2025-03-18T10:52:10                      45
/usr/local/python/3.12.1/lib/python3.12/site-packages/airflow/example_dags/example_branch_python_dop_operator_3.py                                              1           0  0.20s           2025-03-18T10:52:13                      45
/usr/local/python/3.12.1/lib/python3.12/site-packages/airflow/example_dags/example_nested_branch_dag.py                                                         1           0  0.20s           2025-03-18T10:51:57                      45
/usr/local/python/3.12.1/lib/python3.12/site-packages/airflow/example_dags/example_branch_operator.py                                                           1           0  0.20s           2025-03-18T10:52:09                      45
/usr/local/python/3.12.1/lib/python3.12/site-packages/airflow/example_dags/example_branch_day_of_week_operator.py                                               1           0  0.20s           2025-03-18T10:52:16                      45
/usr/local/python/3.12.1/lib/python3.12/site-packages/airflow/example_dags/plugins/decreasing_priority_weight_strategy.py                                       0           0  0.12s           2025-03-18T10:52:22                       3
/usr/local/python/3.12.1/lib/python3.12/site-packages/airflow/example_dags/example_subdag_operator.py                                                           3           0  0.11s           2025-03-18T10:52:40                      20
/usr/local/python/3.12.1/lib/python3.12/site-packages/airflow/example_dags/example_time_delta_sensor_async.py                                                   1           0  0.11s           2025-03-18T10:52:35                      10
/usr/local/python/3.12.1/lib/python3.12/site-packages/airflow/example_dags/tutorial_taskflow_api.py                                                             1           0  0.11s           2025-03-18T10:52:23                      10
/usr/local/python/3.12.1/lib/python3.12/site-packages/airflow/example_dags/example_trigger_target_dag.py                                                        1           0  0.11s           2025-03-18T10:52:29                      10
/usr/local/python/3.12.1/lib/python3.12/site-packages/airflow/example_dags/example_sensors.py                                                                   1           0  0.11s           2025-03-18T10:52:42                      10
/usr/local/python/3.12.1/lib/python3.12/site-packages/airflow/example_dags/tutorial_objectstorage.py                                                            1           0  0.11s           2025-03-18T10:52:26                      10
/usr/local/python/3.12.1/lib/python3.12/site-packages/airflow/example_dags/tutorial_taskflow_api_virtualenv.py                                                  1           0  0.11s           2025-03-18T10:52:23                      10
/usr/local/python/3.12.1/lib/python3.12/site-packages/airflow/example_dags/tutorial.py                                                                          1           0  0.11s           2025-03-18T10:52:32                      12
/usr/local/python/3.12.1/lib/python3.12/site-packages/airflow/example_dags/example_sensor_decorator.py                                                          1           0  0.11s           2025-03-18T10:52:41                      10
/usr/local/python/3.12.1/lib/python3.12/site-packages/airflow/example_dags/plugins/workday.py                                                                   0           0  0.10s           2025-03-18T10:52:19                       3
/usr/local/python/3.12.1/lib/python3.12/site-packages/airflow/example_dags/example_short_circuit_operator.py                                                    1           0  0.10s           2025-03-18T10:52:38                      10
/usr/local/python/3.12.1/lib/python3.12/site-packages/airflow/example_dags/example_trigger_controller_dag.py                                                    1           0  0.10s           2025-03-18T10:52:31                      12
/usr/local/python/3.12.1/lib/python3.12/site-packages/airflow/example_dags/example_python_decorator.py                                                          1           0  0.10s           2025-03-18T10:52:47                      10
/usr/local/python/3.12.1/lib/python3.12/site-packages/airflow/example_dags/example_skip_dag.py                                                                  1           0  0.10s           2025-03-18T10:52:37                      12
/usr/local/python/3.12.1/lib/python3.12/site-packages/airflow/example_dags/example_sla_dag.py                                                                   1           0  0.10s           2025-03-18T10:52:36                      12
/usr/local/python/3.12.1/lib/python3.12/site-packages/airflow/example_dags/example_setup_teardown.py                                                            1           0  0.10s           2025-03-18T10:52:44                      10
/usr/local/python/3.12.1/lib/python3.12/site-packages/airflow/example_dags/example_python_operator.py                                                           1           0  0.10s           2025-03-18T10:52:46                      10
/usr/local/python/3.12.1/lib/python3.12/site-packages/airflow/example_dags/example_setup_teardown_taskflow.py                                                   1           0  0.10s           2025-03-18T10:52:45                      10
/usr/local/python/3.12.1/lib/python3.12/site-packages/airflow/example_dags/tutorial_dag.py                                                                      1           0  0.10s           2025-03-18T10:52:25                      10
/usr/local/python/3.12.1/lib/python3.12/site-packages/airflow/example_dags/tutorial_taskflow_templates.py                                                       1           0  0.10s           2025-03-18T10:52:27                      12
/usr/local/python/3.12.1/lib/python3.12/site-packages/airflow/example_dags/example_workday_timetable.py                                                         1           0  0.10s           2025-03-18T10:52:30                      12
/usr/local/python/3.12.1/lib/python3.12/site-packages/airflow/example_dags/example_task_group_decorator.py                                                      1           0  0.10s           2025-03-18T10:52:34                      10
/usr/local/python/3.12.1/lib/python3.12/site-packages/airflow/example_dags/example_local_kubernetes_executor.py                                                 0           0  0.10s           2025-03-18T10:51:57                       3
/usr/local/python/3.12.1/lib/python3.12/site-packages/airflow/example_dags/example_xcom.py                                                                      1           0  0.10s           2025-03-18T10:52:27                      12
/usr/local/python/3.12.1/lib/python3.12/site-packages/airflow/example_dags/plugins/event_listener.py                                                            0           0  0.10s           2025-03-18T10:52:21                       3
/usr/local/python/3.12.1/lib/python3.12/site-packages/airflow/example_dags/example_xcomargs.py                                                                  2           0  0.10s           2025-03-18T10:52:33                      13
/usr/local/python/3.12.1/lib/python3.12/site-packages/airflow/example_dags/example_kubernetes_executor.py                                                       0           0  0.10s           2025-03-18T10:51:55                       3
/usr/local/python/3.12.1/lib/python3.12/site-packages/airflow/example_dags/subdags/subdag.py                                                                    0           0  0.10s           2025-03-18T10:52:17                       3
/usr/local/python/3.12.1/lib/python3.12/site-packages/airflow/example_dags/plugins/listener_plugin.py                                                           0           0  0.10s           2025-03-18T10:52:18                       3
/usr/local/python/3.12.1/lib/python3.12/site-packages/airflow/example_dags/example_short_circuit_decorator.py                                                   1           0  0.10s           2025-03-18T10:52:43                      10
================================================================================
[2025-03-18T10:52:54.385+0000] {manager.py:465} INFO - Exiting gracefully upon receiving signal 15
[2025-03-18T10:53:00.140+0000] {manager.py:483} INFO - Processing files using up to 1 processes at a time 
[2025-03-18T10:53:00.140+0000] {manager.py:484} INFO - Process each file at most once every 30 seconds
[2025-03-18T10:53:00.141+0000] {manager.py:485} INFO - Checking for new files in /workspaces/Data-Management-for-ML/airflow/dags every 300 seconds
[2025-03-18T10:53:00.141+0000] {manager.py:821} INFO - Searching for files in /workspaces/Data-Management-for-ML/airflow/dags
[2025-03-18T10:53:00.156+0000] {manager.py:824} INFO - There are 57 files in /workspaces/Data-Management-for-ML/airflow/dags
[2025-03-18T10:53:00.295+0000] {manager.py:997} INFO - 
================================================================================
DAG File Processing Stats

File Path                                                                                                                              PID    Runtime      # DAGs    # Errors  Last Runtime    Last Run               Last # of DB Queries
-------------------------------------------------------------------------------------------------------------------------------------  -----  ---------  --------  ----------  --------------  -------------------  ----------------------
/usr/local/python/3.12.1/lib/python3.12/site-packages/airflow/example_dags/subdags/subdag.py                                                                    0           0  0.11s           2025-03-18T10:53:00                       3
/usr/local/python/3.12.1/lib/python3.12/site-packages/airflow/example_dags/example_sensor_decorator.py                                                          0           0                                                            0
/usr/local/python/3.12.1/lib/python3.12/site-packages/airflow/example_dags/example_sensors.py                                                                   0           0                                                            0
/usr/local/python/3.12.1/lib/python3.12/site-packages/airflow/example_dags/example_python_decorator.py                                                          0           0                                                            0
/usr/local/python/3.12.1/lib/python3.12/site-packages/airflow/example_dags/example_complex.py                                                                   0           0                                                            0
/usr/local/python/3.12.1/lib/python3.12/site-packages/airflow/example_dags/example_display_name.py                                                              0           0                                                            0
/usr/local/python/3.12.1/lib/python3.12/site-packages/airflow/example_dags/example_task_group_decorator.py                                                      0           0                                                            0
/usr/local/python/3.12.1/lib/python3.12/site-packages/airflow/example_dags/example_short_circuit_decorator.py                                                   0           0                                                            0
/usr/local/python/3.12.1/lib/python3.12/site-packages/airflow/example_dags/example_dynamic_task_mapping_with_no_taskflow_operators.py                           0           0                                                            0
/usr/local/python/3.12.1/lib/python3.12/site-packages/airflow/example_dags/example_dataset_alias.py                                                             0           0                                                            0
/usr/local/python/3.12.1/lib/python3.12/site-packages/airflow/example_dags/example_branch_datetime_operator.py                                                  0           0                                                            0
/usr/local/python/3.12.1/lib/python3.12/site-packages/airflow/example_dags/example_time_delta_sensor_async.py                                                   0           0                                                            0
/usr/local/python/3.12.1/lib/python3.12/site-packages/airflow/example_dags/example_branch_operator.py                                                           0           0                                                            0
/usr/local/python/3.12.1/lib/python3.12/site-packages/airflow/example_dags/example_bash_decorator.py                                                            0           0                                                            0
/usr/local/python/3.12.1/lib/python3.12/site-packages/airflow/example_dags/example_xcom.py                                                                      0           0                                                            0
/usr/local/python/3.12.1/lib/python3.12/site-packages/airflow/example_dags/example_sla_dag.py                                                                   0           0                                                            0
/usr/local/python/3.12.1/lib/python3.12/site-packages/airflow/example_dags/example_branch_day_of_week_operator.py                                               0           0                                                            0
/usr/local/python/3.12.1/lib/python3.12/site-packages/airflow/example_dags/example_params_trigger_ui.py                                                         0           0                                                            0
/usr/local/python/3.12.1/lib/python3.12/site-packages/airflow/example_dags/example_setup_teardown.py                                                            0           0                                                            0
/usr/local/python/3.12.1/lib/python3.12/site-packages/airflow/example_dags/example_trigger_target_dag.py                                                        0           0                                                            0
/usr/local/python/3.12.1/lib/python3.12/site-packages/airflow/example_dags/example_branch_labels.py                                                             0           0                                                            0
/usr/local/python/3.12.1/lib/python3.12/site-packages/airflow/example_dags/example_setup_teardown_taskflow.py                                                   0           0                                                            0
/usr/local/python/3.12.1/lib/python3.12/site-packages/airflow/example_dags/example_dynamic_task_mapping.py                                                      0           0                                                            0
/usr/local/python/3.12.1/lib/python3.12/site-packages/airflow/example_dags/example_branch_operator_decorator.py                                                 0           0                                                            0
/usr/local/python/3.12.1/lib/python3.12/site-packages/airflow/example_dags/example_skip_dag.py                                                                  0           0                                                            0
/usr/local/python/3.12.1/lib/python3.12/site-packages/airflow/example_dags/example_latest_only.py                                                               0           0                                                            0
/usr/local/python/3.12.1/lib/python3.12/site-packages/airflow/example_dags/example_latest_only_with_trigger.py                                                  0           0                                                            0
/usr/local/python/3.12.1/lib/python3.12/site-packages/airflow/example_dags/tutorial_taskflow_api.py                                                             0           0                                                            0
/usr/local/python/3.12.1/lib/python3.12/site-packages/airflow/example_dags/example_dag_decorator.py                                                             0           0                                                            0
/usr/local/python/3.12.1/lib/python3.12/site-packages/airflow/example_dags/example_workday_timetable.py                                                         0           0                                                            0
/usr/local/python/3.12.1/lib/python3.12/site-packages/airflow/example_dags/example_trigger_controller_dag.py                                                    0           0                                                            0
/usr/local/python/3.12.1/lib/python3.12/site-packages/airflow/example_dags/tutorial_taskflow_api_virtualenv.py                                                  0           0                                                            0
/usr/local/python/3.12.1/lib/python3.12/site-packages/airflow/example_dags/example_kubernetes_executor.py                                                       0           0                                                            0
/usr/local/python/3.12.1/lib/python3.12/site-packages/airflow/example_dags/example_passing_params_via_test_command.py                                           0           0                                                            0
/usr/local/python/3.12.1/lib/python3.12/site-packages/airflow/example_dags/example_inlet_event_extra.py                                                         0           0                                                            0
/usr/local/python/3.12.1/lib/python3.12/site-packages/airflow/example_dags/example_short_circuit_operator.py                                                    0           0                                                            0
/usr/local/python/3.12.1/lib/python3.12/site-packages/airflow/example_dags/example_nested_branch_dag.py                                                         0           0                                                            0
/usr/local/python/3.12.1/lib/python3.12/site-packages/airflow/example_dags/example_bash_operator.py                                                             0           0                                                            0
/usr/local/python/3.12.1/lib/python3.12/site-packages/airflow/example_dags/example_local_kubernetes_executor.py                                                 0           0                                                            0
/usr/local/python/3.12.1/lib/python3.12/site-packages/airflow/example_dags/example_outlet_event_extra.py                                                        0           0                                                            0
/usr/local/python/3.12.1/lib/python3.12/site-packages/airflow/example_dags/example_task_group.py                                                                0           0                                                            0
/usr/local/python/3.12.1/lib/python3.12/site-packages/airflow/example_dags/tutorial_dag.py                                                                      0           0                                                            0
/usr/local/python/3.12.1/lib/python3.12/site-packages/airflow/example_dags/example_params_ui_tutorial.py                                                        0           0                                                            0
/usr/local/python/3.12.1/lib/python3.12/site-packages/airflow/example_dags/example_dataset_alias_with_no_taskflow.py                                            0           0                                                            0
/usr/local/python/3.12.1/lib/python3.12/site-packages/airflow/example_dags/tutorial.py                                                                          0           0                                                            0
/usr/local/python/3.12.1/lib/python3.12/site-packages/airflow/example_dags/example_python_operator.py                                                           0           0                                                            0
/usr/local/python/3.12.1/lib/python3.12/site-packages/airflow/example_dags/example_branch_python_dop_operator_3.py                                              0           0                                                            0
/usr/local/python/3.12.1/lib/python3.12/site-packages/airflow/example_dags/example_external_task_marker_dag.py                                                  0           0                                                            0
/usr/local/python/3.12.1/lib/python3.12/site-packages/airflow/example_dags/example_datasets.py                                                                  0           0                                                            0
/usr/local/python/3.12.1/lib/python3.12/site-packages/airflow/example_dags/tutorial_objectstorage.py                                                            0           0                                                            0
/usr/local/python/3.12.1/lib/python3.12/site-packages/airflow/example_dags/example_xcomargs.py                                                                  0           0                                                            0
/usr/local/python/3.12.1/lib/python3.12/site-packages/airflow/example_dags/example_subdag_operator.py                                                           0           0                                                            0
/usr/local/python/3.12.1/lib/python3.12/site-packages/airflow/example_dags/tutorial_taskflow_templates.py                                                       0           0                                                            0
/usr/local/python/3.12.1/lib/python3.12/site-packages/airflow/example_dags/plugins/event_listener.py                                                            0           0                                                            0
/usr/local/python/3.12.1/lib/python3.12/site-packages/airflow/example_dags/plugins/listener_plugin.py                                                           0           0                                                            0
/usr/local/python/3.12.1/lib/python3.12/site-packages/airflow/example_dags/plugins/decreasing_priority_weight_strategy.py                                       0           0                                                            0
/usr/local/python/3.12.1/lib/python3.12/site-packages/airflow/example_dags/plugins/workday.py                                                                   0           0                                                            0
================================================================================
[2025-03-18T10:53:30.379+0000] {manager.py:997} INFO - 
================================================================================
DAG File Processing Stats

File Path                                                                                                                              PID    Runtime      # DAGs    # Errors  Last Runtime    Last Run               Last # of DB Queries
-------------------------------------------------------------------------------------------------------------------------------------  -----  ---------  --------  ----------  --------------  -------------------  ----------------------
/usr/local/python/3.12.1/lib/python3.12/site-packages/airflow/example_dags/tutorial_taskflow_api_virtualenv.py                                                  1           0  0.32s           2025-03-18T10:53:06                      32
/usr/local/python/3.12.1/lib/python3.12/site-packages/airflow/example_dags/example_python_operator.py                                                           1           0  0.21s           2025-03-18T10:53:25                      32
/usr/local/python/3.12.1/lib/python3.12/site-packages/airflow/example_dags/example_python_decorator.py                                                          1           0  0.21s           2025-03-18T10:53:27                      32
/usr/local/python/3.12.1/lib/python3.12/site-packages/airflow/example_dags/subdags/subdag.py                                                                    0           0  0.11s           2025-03-18T10:53:00                       3
/usr/local/python/3.12.1/lib/python3.12/site-packages/airflow/example_dags/example_workday_timetable.py                                                         1           0  0.11s           2025-03-18T10:53:11                      12
/usr/local/python/3.12.1/lib/python3.12/site-packages/airflow/example_dags/example_sla_dag.py                                                                   1           0  0.11s           2025-03-18T10:53:16                      12
/usr/local/python/3.12.1/lib/python3.12/site-packages/airflow/example_dags/tutorial_taskflow_api.py                                                             1           0  0.11s           2025-03-18T10:53:05                      10
/usr/local/python/3.12.1/lib/python3.12/site-packages/airflow/example_dags/example_passing_params_via_test_command.py                                           1           0  0.11s           2025-03-18T10:53:29                      12
/usr/local/python/3.12.1/lib/python3.12/site-packages/airflow/example_dags/example_skip_dag.py                                                                  1           0  0.11s           2025-03-18T10:53:17                      12
/usr/local/python/3.12.1/lib/python3.12/site-packages/airflow/example_dags/example_task_group.py                                                                1           0  0.11s           2025-03-18T10:53:20                      10
/usr/local/python/3.12.1/lib/python3.12/site-packages/airflow/example_dags/example_subdag_operator.py                                                           3           0  0.11s           2025-03-18T10:53:20                      20
/usr/local/python/3.12.1/lib/python3.12/site-packages/airflow/example_dags/example_sensors.py                                                                   1           0  0.11s           2025-03-18T10:53:21                      10
/usr/local/python/3.12.1/lib/python3.12/site-packages/airflow/example_dags/tutorial_taskflow_templates.py                                                       1           0  0.11s           2025-03-18T10:53:10                      12
/usr/local/python/3.12.1/lib/python3.12/site-packages/airflow/example_dags/plugins/listener_plugin.py                                                           0           0  0.11s           2025-03-18T10:53:01                       3
/usr/local/python/3.12.1/lib/python3.12/site-packages/airflow/example_dags/tutorial_objectstorage.py                                                            1           0  0.11s           2025-03-18T10:53:08                      10
/usr/local/python/3.12.1/lib/python3.12/site-packages/airflow/example_dags/example_params_trigger_ui.py                                                         1           0  0.11s           2025-03-18T10:53:28                      10
/usr/local/python/3.12.1/lib/python3.12/site-packages/airflow/example_dags/tutorial.py                                                                          1           0  0.11s           2025-03-18T10:53:13                      12
/usr/local/python/3.12.1/lib/python3.12/site-packages/airflow/example_dags/example_setup_teardown.py                                                            1           0  0.11s           2025-03-18T10:53:24                      10
/usr/local/python/3.12.1/lib/python3.12/site-packages/airflow/example_dags/example_xcom.py                                                                      1           0  0.11s           2025-03-18T10:53:10                      12
/usr/local/python/3.12.1/lib/python3.12/site-packages/airflow/example_dags/example_outlet_event_extra.py                                                        3           0  0.11s           2025-03-18T10:53:30                      19
/usr/local/python/3.12.1/lib/python3.12/site-packages/airflow/example_dags/example_time_delta_sensor_async.py                                                   1           0  0.11s           2025-03-18T10:53:15                      10
/usr/local/python/3.12.1/lib/python3.12/site-packages/airflow/example_dags/tutorial_dag.py                                                                      1           0  0.11s           2025-03-18T10:53:07                      10
/usr/local/python/3.12.1/lib/python3.12/site-packages/airflow/example_dags/example_trigger_controller_dag.py                                                    1           0  0.11s           2025-03-18T10:53:12                      12
/usr/local/python/3.12.1/lib/python3.12/site-packages/airflow/example_dags/plugins/event_listener.py                                                            0           0  0.11s           2025-03-18T10:53:03                       3
/usr/local/python/3.12.1/lib/python3.12/site-packages/airflow/example_dags/example_sensor_decorator.py                                                          1           0  0.11s           2025-03-18T10:53:20                      10
/usr/local/python/3.12.1/lib/python3.12/site-packages/airflow/example_dags/example_short_circuit_operator.py                                                    1           0  0.11s           2025-03-18T10:53:18                      10
/usr/local/python/3.12.1/lib/python3.12/site-packages/airflow/example_dags/example_setup_teardown_taskflow.py                                                   1           0  0.11s           2025-03-18T10:53:25                      10
/usr/local/python/3.12.1/lib/python3.12/site-packages/airflow/example_dags/plugins/decreasing_priority_weight_strategy.py                                       0           0  0.11s           2025-03-18T10:53:04                       3
/usr/local/python/3.12.1/lib/python3.12/site-packages/airflow/example_dags/example_short_circuit_decorator.py                                                   1           0  0.10s           2025-03-18T10:53:22                      10
/usr/local/python/3.12.1/lib/python3.12/site-packages/airflow/example_dags/example_xcomargs.py                                                                  2           0  0.10s           2025-03-18T10:53:14                      13
/usr/local/python/3.12.1/lib/python3.12/site-packages/airflow/example_dags/plugins/workday.py                                                                   0           0  0.10s           2025-03-18T10:53:02                       3
/usr/local/python/3.12.1/lib/python3.12/site-packages/airflow/example_dags/example_task_group_decorator.py                                                      1           0  0.10s           2025-03-18T10:53:15                      10
/usr/local/python/3.12.1/lib/python3.12/site-packages/airflow/example_dags/example_trigger_target_dag.py                                                        1           0  0.10s           2025-03-18T10:53:10                      10
/usr/local/python/3.12.1/lib/python3.12/site-packages/airflow/example_dags/example_complex.py                                                                   0           0                                                            0
/usr/local/python/3.12.1/lib/python3.12/site-packages/airflow/example_dags/example_display_name.py                                                              0           0                                                            0
/usr/local/python/3.12.1/lib/python3.12/site-packages/airflow/example_dags/example_dynamic_task_mapping_with_no_taskflow_operators.py                           0           0                                                            0
/usr/local/python/3.12.1/lib/python3.12/site-packages/airflow/example_dags/example_dataset_alias.py                                                             0           0                                                            0
/usr/local/python/3.12.1/lib/python3.12/site-packages/airflow/example_dags/example_branch_datetime_operator.py                                                  0           0                                                            0
/usr/local/python/3.12.1/lib/python3.12/site-packages/airflow/example_dags/example_branch_operator.py                                                           0           0                                                            0
/usr/local/python/3.12.1/lib/python3.12/site-packages/airflow/example_dags/example_bash_decorator.py                                                            0           0                                                            0
/usr/local/python/3.12.1/lib/python3.12/site-packages/airflow/example_dags/example_branch_day_of_week_operator.py                                               0           0                                                            0
/usr/local/python/3.12.1/lib/python3.12/site-packages/airflow/example_dags/example_branch_labels.py                                                             0           0                                                            0
/usr/local/python/3.12.1/lib/python3.12/site-packages/airflow/example_dags/example_dynamic_task_mapping.py                                                      0           0                                                            0
/usr/local/python/3.12.1/lib/python3.12/site-packages/airflow/example_dags/example_branch_operator_decorator.py                                                 0           0                                                            0
/usr/local/python/3.12.1/lib/python3.12/site-packages/airflow/example_dags/example_latest_only.py                                                               0           0                                                            0
/usr/local/python/3.12.1/lib/python3.12/site-packages/airflow/example_dags/example_latest_only_with_trigger.py                                                  0           0                                                            0
/usr/local/python/3.12.1/lib/python3.12/site-packages/airflow/example_dags/example_dag_decorator.py                                                             0           0                                                            0
/usr/local/python/3.12.1/lib/python3.12/site-packages/airflow/example_dags/example_kubernetes_executor.py                                                       0           0                                                            0
/usr/local/python/3.12.1/lib/python3.12/site-packages/airflow/example_dags/example_inlet_event_extra.py                                                         0           0                                                            0
/usr/local/python/3.12.1/lib/python3.12/site-packages/airflow/example_dags/example_nested_branch_dag.py                                                         0           0                                                            0
/usr/local/python/3.12.1/lib/python3.12/site-packages/airflow/example_dags/example_bash_operator.py                                                             0           0                                                            0
/usr/local/python/3.12.1/lib/python3.12/site-packages/airflow/example_dags/example_local_kubernetes_executor.py                                                 0           0                                                            0
/usr/local/python/3.12.1/lib/python3.12/site-packages/airflow/example_dags/example_params_ui_tutorial.py                                                        0           0                                                            0
/usr/local/python/3.12.1/lib/python3.12/site-packages/airflow/example_dags/example_dataset_alias_with_no_taskflow.py                                            0           0                                                            0
/usr/local/python/3.12.1/lib/python3.12/site-packages/airflow/example_dags/example_branch_python_dop_operator_3.py                                              0           0                                                            0
/usr/local/python/3.12.1/lib/python3.12/site-packages/airflow/example_dags/example_external_task_marker_dag.py                                                  0           0                                                            0
/usr/local/python/3.12.1/lib/python3.12/site-packages/airflow/example_dags/example_datasets.py                                                                  0           0                                                            0
================================================================================
[2025-03-18T10:54:00.657+0000] {manager.py:997} INFO - 
================================================================================
DAG File Processing Stats

File Path                                                                                                                              PID    Runtime      # DAGs    # Errors  Last Runtime    Last Run               Last # of DB Queries
-------------------------------------------------------------------------------------------------------------------------------------  -----  ---------  --------  ----------  --------------  -------------------  ----------------------
/usr/local/python/3.12.1/lib/python3.12/site-packages/airflow/example_dags/tutorial_taskflow_api_virtualenv.py                                                  1           0  0.32s           2025-03-18T10:53:06                      32
/usr/local/python/3.12.1/lib/python3.12/site-packages/airflow/example_dags/example_python_operator.py                                                           1           0  0.21s           2025-03-18T10:53:25                      32
/usr/local/python/3.12.1/lib/python3.12/site-packages/airflow/example_dags/example_bash_decorator.py                                                            1           0  0.21s           2025-03-18T10:53:52                      32
/usr/local/python/3.12.1/lib/python3.12/site-packages/airflow/example_dags/example_branch_operator.py                                                           1           0  0.21s           2025-03-18T10:53:46                      34
/usr/local/python/3.12.1/lib/python3.12/site-packages/airflow/example_dags/example_python_decorator.py                                                          1           0  0.21s           2025-03-18T10:53:27                      32
/usr/local/python/3.12.1/lib/python3.12/site-packages/airflow/example_dags/example_dag_decorator.py                                                             1           0  0.21s           2025-03-18T10:53:50                      32
/usr/local/python/3.12.1/lib/python3.12/site-packages/airflow/example_dags/example_branch_operator_decorator.py                                                 1           0  0.21s           2025-03-18T10:53:48                      34
/usr/local/python/3.12.1/lib/python3.12/site-packages/airflow/example_dags/example_datasets.py                                                                 10           0  0.11s           2025-03-18T10:53:44                      49
/usr/local/python/3.12.1/lib/python3.12/site-packages/airflow/example_dags/example_kubernetes_executor.py                                                       0           0  0.11s           2025-03-18T10:53:34                       3
/usr/local/python/3.12.1/lib/python3.12/site-packages/airflow/example_dags/example_params_ui_tutorial.py                                                        1           0  0.11s           2025-03-18T10:53:31                      10
/usr/local/python/3.12.1/lib/python3.12/site-packages/airflow/example_dags/example_dataset_alias_with_no_taskflow.py                                            4           0  0.11s           2025-03-18T10:53:43                      27
/usr/local/python/3.12.1/lib/python3.12/site-packages/airflow/example_dags/example_local_kubernetes_executor.py                                                 0           0  0.11s           2025-03-18T10:53:37                       3
/usr/local/python/3.12.1/lib/python3.12/site-packages/airflow/example_dags/example_display_name.py                                                              1           0  0.11s           2025-03-18T10:53:39                      10
/usr/local/python/3.12.1/lib/python3.12/site-packages/airflow/example_dags/example_workday_timetable.py                                                         1           0  0.11s           2025-03-18T10:53:11                      12
/usr/local/python/3.12.1/lib/python3.12/site-packages/airflow/example_dags/example_sla_dag.py                                                                   1           0  0.11s           2025-03-18T10:53:16                      12
/usr/local/python/3.12.1/lib/python3.12/site-packages/airflow/example_dags/example_complex.py                                                                   1           0  0.11s           2025-03-18T10:53:45                      10
/usr/local/python/3.12.1/lib/python3.12/site-packages/airflow/example_dags/example_passing_params_via_test_command.py                                           1           0  0.11s           2025-03-18T10:53:29                      12
/usr/local/python/3.12.1/lib/python3.12/site-packages/airflow/example_dags/example_skip_dag.py                                                                  1           0  0.11s           2025-03-18T10:53:17                      12
/usr/local/python/3.12.1/lib/python3.12/site-packages/airflow/example_dags/example_latest_only_with_trigger.py                                                  1           0  0.11s           2025-03-18T10:53:33                      12
/usr/local/python/3.12.1/lib/python3.12/site-packages/airflow/example_dags/example_task_group.py                                                                1           0  0.11s           2025-03-18T10:53:20                      10
/usr/local/python/3.12.1/lib/python3.12/site-packages/airflow/example_dags/example_latest_only.py                                                               1           0  0.11s           2025-03-18T10:53:32                      12
/usr/local/python/3.12.1/lib/python3.12/site-packages/airflow/example_dags/example_subdag_operator.py                                                           3           0  0.11s           2025-03-18T10:53:20                      20
/usr/local/python/3.12.1/lib/python3.12/site-packages/airflow/example_dags/example_sensors.py                                                                   1           0  0.11s           2025-03-18T10:53:21                      10
/usr/local/python/3.12.1/lib/python3.12/site-packages/airflow/example_dags/tutorial_taskflow_templates.py                                                       1           0  0.11s           2025-03-18T10:53:10                      12
/usr/local/python/3.12.1/lib/python3.12/site-packages/airflow/example_dags/plugins/decreasing_priority_weight_strategy.py                                       0           0  0.11s           2025-03-18T10:54:00                       3
/usr/local/python/3.12.1/lib/python3.12/site-packages/airflow/example_dags/plugins/listener_plugin.py                                                           0           0  0.11s           2025-03-18T10:53:56                       3
/usr/local/python/3.12.1/lib/python3.12/site-packages/airflow/example_dags/example_dynamic_task_mapping_with_no_taskflow_operators.py                           1           0  0.11s           2025-03-18T10:53:40                      10
/usr/local/python/3.12.1/lib/python3.12/site-packages/airflow/example_dags/tutorial_objectstorage.py                                                            1           0  0.11s           2025-03-18T10:53:08                      10
/usr/local/python/3.12.1/lib/python3.12/site-packages/airflow/example_dags/example_dataset_alias.py                                                             4           0  0.11s           2025-03-18T10:53:41                      27
/usr/local/python/3.12.1/lib/python3.12/site-packages/airflow/example_dags/example_params_trigger_ui.py                                                         1           0  0.11s           2025-03-18T10:53:28                      10
/usr/local/python/3.12.1/lib/python3.12/site-packages/airflow/example_dags/tutorial.py                                                                          1           0  0.11s           2025-03-18T10:53:13                      12
/usr/local/python/3.12.1/lib/python3.12/site-packages/airflow/example_dags/example_setup_teardown.py                                                            1           0  0.11s           2025-03-18T10:53:24                      10
/usr/local/python/3.12.1/lib/python3.12/site-packages/airflow/example_dags/plugins/workday.py                                                                   0           0  0.11s           2025-03-18T10:53:57                       3
/usr/local/python/3.12.1/lib/python3.12/site-packages/airflow/example_dags/example_xcom.py                                                                      1           0  0.11s           2025-03-18T10:53:10                      12
/usr/local/python/3.12.1/lib/python3.12/site-packages/airflow/example_dags/example_outlet_event_extra.py                                                        3           0  0.11s           2025-03-18T10:53:30                      19
/usr/local/python/3.12.1/lib/python3.12/site-packages/airflow/example_dags/example_nested_branch_dag.py                                                         1           0  0.11s           2025-03-18T10:53:36                      12
/usr/local/python/3.12.1/lib/python3.12/site-packages/airflow/example_dags/example_branch_datetime_operator.py                                                  3           0  0.11s           2025-03-18T10:53:51                      18
/usr/local/python/3.12.1/lib/python3.12/site-packages/airflow/example_dags/example_time_delta_sensor_async.py                                                   1           0  0.11s           2025-03-18T10:53:15                      10
/usr/local/python/3.12.1/lib/python3.12/site-packages/airflow/example_dags/tutorial_dag.py                                                                      1           0  0.11s           2025-03-18T10:53:07                      10
/usr/local/python/3.12.1/lib/python3.12/site-packages/airflow/example_dags/example_trigger_controller_dag.py                                                    1           0  0.11s           2025-03-18T10:53:12                      12
/usr/local/python/3.12.1/lib/python3.12/site-packages/airflow/example_dags/example_branch_day_of_week_operator.py                                               1           0  0.11s           2025-03-18T10:53:54                      12
/usr/local/python/3.12.1/lib/python3.12/site-packages/airflow/example_dags/example_branch_labels.py                                                             1           0  0.11s           2025-03-18T10:53:47                      12
/usr/local/python/3.12.1/lib/python3.12/site-packages/airflow/example_dags/example_bash_operator.py                                                             1           0  0.11s           2025-03-18T10:53:55                      12
/usr/local/python/3.12.1/lib/python3.12/site-packages/airflow/example_dags/subdags/subdag.py                                                                    0           0  0.11s           2025-03-18T10:53:56                       3
/usr/local/python/3.12.1/lib/python3.12/site-packages/airflow/example_dags/plugins/event_listener.py                                                            0           0  0.11s           2025-03-18T10:53:59                       3
/usr/local/python/3.12.1/lib/python3.12/site-packages/airflow/example_dags/example_sensor_decorator.py                                                          1           0  0.11s           2025-03-18T10:53:20                      10
/usr/local/python/3.12.1/lib/python3.12/site-packages/airflow/example_dags/example_external_task_marker_dag.py                                                  2           0  0.11s           2025-03-18T10:53:38                      13
/usr/local/python/3.12.1/lib/python3.12/site-packages/airflow/example_dags/example_short_circuit_operator.py                                                    1           0  0.11s           2025-03-18T10:53:18                      10
/usr/local/python/3.12.1/lib/python3.12/site-packages/airflow/example_dags/example_setup_teardown_taskflow.py                                                   1           0  0.11s           2025-03-18T10:53:25                      10
/usr/local/python/3.12.1/lib/python3.12/site-packages/airflow/example_dags/example_dynamic_task_mapping.py                                                      1           0  0.11s           2025-03-18T10:53:42                      10
/usr/local/python/3.12.1/lib/python3.12/site-packages/airflow/example_dags/example_inlet_event_extra.py                                                         2           0  0.11s           2025-03-18T10:53:35                      15
/usr/local/python/3.12.1/lib/python3.12/site-packages/airflow/example_dags/tutorial_taskflow_api.py                                                             1           0  0.10s           2025-03-18T10:54:00                      10
/usr/local/python/3.12.1/lib/python3.12/site-packages/airflow/example_dags/example_short_circuit_decorator.py                                                   1           0  0.10s           2025-03-18T10:53:22                      10
/usr/local/python/3.12.1/lib/python3.12/site-packages/airflow/example_dags/example_xcomargs.py                                                                  2           0  0.10s           2025-03-18T10:53:14                      13
/usr/local/python/3.12.1/lib/python3.12/site-packages/airflow/example_dags/example_branch_python_dop_operator_3.py                                              1           0  0.10s           2025-03-18T10:53:50                      12
/usr/local/python/3.12.1/lib/python3.12/site-packages/airflow/example_dags/example_task_group_decorator.py                                                      1           0  0.10s           2025-03-18T10:53:15                      10
/usr/local/python/3.12.1/lib/python3.12/site-packages/airflow/example_dags/example_trigger_target_dag.py                                                        1           0  0.10s           2025-03-18T10:53:10                      10
================================================================================
[2025-03-18T10:54:30.895+0000] {manager.py:997} INFO - 
================================================================================
DAG File Processing Stats

File Path                                                                                                                              PID    Runtime      # DAGs    # Errors  Last Runtime    Last Run               Last # of DB Queries
-------------------------------------------------------------------------------------------------------------------------------------  -----  ---------  --------  ----------  --------------  -------------------  ----------------------
/usr/local/python/3.12.1/lib/python3.12/site-packages/airflow/example_dags/example_workday_timetable.py                                                         1           0  0.21s           2025-03-18T10:54:07                      12
/usr/local/python/3.12.1/lib/python3.12/site-packages/airflow/example_dags/example_bash_decorator.py                                                            1           0  0.21s           2025-03-18T10:53:52                      32
/usr/local/python/3.12.1/lib/python3.12/site-packages/airflow/example_dags/example_branch_operator.py                                                           1           0  0.21s           2025-03-18T10:53:46                      34
/usr/local/python/3.12.1/lib/python3.12/site-packages/airflow/example_dags/example_dag_decorator.py                                                             1           0  0.21s           2025-03-18T10:53:50                      32
/usr/local/python/3.12.1/lib/python3.12/site-packages/airflow/example_dags/example_branch_operator_decorator.py                                                 1           0  0.21s           2025-03-18T10:53:48                      34
/usr/local/python/3.12.1/lib/python3.12/site-packages/airflow/example_dags/example_datasets.py                                                                 10           0  0.11s           2025-03-18T10:53:44                      49
/usr/local/python/3.12.1/lib/python3.12/site-packages/airflow/example_dags/example_python_decorator.py                                                          1           0  0.11s           2025-03-18T10:54:23                      10
/usr/local/python/3.12.1/lib/python3.12/site-packages/airflow/example_dags/example_dataset_alias_with_no_taskflow.py                                            4           0  0.11s           2025-03-18T10:53:43                      27
/usr/local/python/3.12.1/lib/python3.12/site-packages/airflow/example_dags/tutorial_dag.py                                                                      1           0  0.11s           2025-03-18T10:54:01                      10
/usr/local/python/3.12.1/lib/python3.12/site-packages/airflow/example_dags/example_local_kubernetes_executor.py                                                 0           0  0.11s           2025-03-18T10:53:37                       3
/usr/local/python/3.12.1/lib/python3.12/site-packages/airflow/example_dags/example_display_name.py                                                              1           0  0.11s           2025-03-18T10:53:39                      10
/usr/local/python/3.12.1/lib/python3.12/site-packages/airflow/example_dags/tutorial_taskflow_api_virtualenv.py                                                  1           0  0.11s           2025-03-18T10:54:01                      10
/usr/local/python/3.12.1/lib/python3.12/site-packages/airflow/example_dags/example_short_circuit_operator.py                                                    1           0  0.11s           2025-03-18T10:54:14                      10
/usr/local/python/3.12.1/lib/python3.12/site-packages/airflow/example_dags/example_complex.py                                                                   1           0  0.11s           2025-03-18T10:53:45                      10
/usr/local/python/3.12.1/lib/python3.12/site-packages/airflow/example_dags/example_skip_dag.py                                                                  1           0  0.11s           2025-03-18T10:54:13                      12
/usr/local/python/3.12.1/lib/python3.12/site-packages/airflow/example_dags/example_sensor_decorator.py                                                          1           0  0.11s           2025-03-18T10:54:17                      10
/usr/local/python/3.12.1/lib/python3.12/site-packages/airflow/example_dags/tutorial_taskflow_templates.py                                                       1           0  0.11s           2025-03-18T10:54:04                      12
/usr/local/python/3.12.1/lib/python3.12/site-packages/airflow/example_dags/example_params_ui_tutorial.py                                                        1           0  0.11s           2025-03-18T10:54:27                      10
/usr/local/python/3.12.1/lib/python3.12/site-packages/airflow/example_dags/plugins/decreasing_priority_weight_strategy.py                                       0           0  0.11s           2025-03-18T10:54:00                       3
/usr/local/python/3.12.1/lib/python3.12/site-packages/airflow/example_dags/plugins/listener_plugin.py                                                           0           0  0.11s           2025-03-18T10:53:56                       3
/usr/local/python/3.12.1/lib/python3.12/site-packages/airflow/example_dags/example_dynamic_task_mapping_with_no_taskflow_operators.py                           1           0  0.11s           2025-03-18T10:53:40                      10
/usr/local/python/3.12.1/lib/python3.12/site-packages/airflow/example_dags/example_trigger_target_dag.py                                                        1           0  0.11s           2025-03-18T10:54:06                      10
/usr/local/python/3.12.1/lib/python3.12/site-packages/airflow/example_dags/example_dataset_alias.py                                                             4           0  0.11s           2025-03-18T10:53:41                      27
/usr/local/python/3.12.1/lib/python3.12/site-packages/airflow/example_dags/example_xcom.py                                                                      1           0  0.11s           2025-03-18T10:54:05                      12
/usr/local/python/3.12.1/lib/python3.12/site-packages/airflow/example_dags/tutorial_objectstorage.py                                                            1           0  0.11s           2025-03-18T10:54:03                      10
/usr/local/python/3.12.1/lib/python3.12/site-packages/airflow/example_dags/example_passing_params_via_test_command.py                                           1           0  0.11s           2025-03-18T10:54:26                      12
/usr/local/python/3.12.1/lib/python3.12/site-packages/airflow/example_dags/plugins/workday.py                                                                   0           0  0.11s           2025-03-18T10:53:57                       3
/usr/local/python/3.12.1/lib/python3.12/site-packages/airflow/example_dags/example_trigger_controller_dag.py                                                    1           0  0.11s           2025-03-18T10:54:08                      12
/usr/local/python/3.12.1/lib/python3.12/site-packages/airflow/example_dags/example_nested_branch_dag.py                                                         1           0  0.11s           2025-03-18T10:53:36                      12
/usr/local/python/3.12.1/lib/python3.12/site-packages/airflow/example_dags/example_outlet_event_extra.py                                                        3           0  0.11s           2025-03-18T10:54:27                      19
/usr/local/python/3.12.1/lib/python3.12/site-packages/airflow/example_dags/example_branch_datetime_operator.py                                                  3           0  0.11s           2025-03-18T10:53:51                      18
/usr/local/python/3.12.1/lib/python3.12/site-packages/airflow/example_dags/example_kubernetes_executor.py                                                       0           0  0.11s           2025-03-18T10:54:30                       3
/usr/local/python/3.12.1/lib/python3.12/site-packages/airflow/example_dags/example_time_delta_sensor_async.py                                                   1           0  0.11s           2025-03-18T10:54:11                      10
/usr/local/python/3.12.1/lib/python3.12/site-packages/airflow/example_dags/example_branch_day_of_week_operator.py                                               1           0  0.11s           2025-03-18T10:53:54                      12
/usr/local/python/3.12.1/lib/python3.12/site-packages/airflow/example_dags/example_branch_labels.py                                                             1           0  0.11s           2025-03-18T10:53:47                      12
/usr/local/python/3.12.1/lib/python3.12/site-packages/airflow/example_dags/example_sensors.py                                                                   1           0  0.11s           2025-03-18T10:54:18                      10
/usr/local/python/3.12.1/lib/python3.12/site-packages/airflow/example_dags/tutorial.py                                                                          1           0  0.11s           2025-03-18T10:54:09                      12
/usr/local/python/3.12.1/lib/python3.12/site-packages/airflow/example_dags/example_setup_teardown_taskflow.py                                                   1           0  0.11s           2025-03-18T10:54:22                      10
/usr/local/python/3.12.1/lib/python3.12/site-packages/airflow/example_dags/example_bash_operator.py                                                             1           0  0.11s           2025-03-18T10:53:55                      12
/usr/local/python/3.12.1/lib/python3.12/site-packages/airflow/example_dags/subdags/subdag.py                                                                    0           0  0.11s           2025-03-18T10:53:56                       3
/usr/local/python/3.12.1/lib/python3.12/site-packages/airflow/example_dags/example_params_trigger_ui.py                                                         1           0  0.11s           2025-03-18T10:54:24                      10
/usr/local/python/3.12.1/lib/python3.12/site-packages/airflow/example_dags/example_xcomargs.py                                                                  2           0  0.11s           2025-03-18T10:54:10                      13
/usr/local/python/3.12.1/lib/python3.12/site-packages/airflow/example_dags/example_sla_dag.py                                                                   1           0  0.11s           2025-03-18T10:54:12                      12
/usr/local/python/3.12.1/lib/python3.12/site-packages/airflow/example_dags/example_python_operator.py                                                           1           0  0.11s           2025-03-18T10:54:22                      10
/usr/local/python/3.12.1/lib/python3.12/site-packages/airflow/example_dags/plugins/event_listener.py                                                            0           0  0.11s           2025-03-18T10:53:59                       3
/usr/local/python/3.12.1/lib/python3.12/site-packages/airflow/example_dags/example_setup_teardown.py                                                            1           0  0.11s           2025-03-18T10:54:20                      10
/usr/local/python/3.12.1/lib/python3.12/site-packages/airflow/example_dags/example_external_task_marker_dag.py                                                  2           0  0.11s           2025-03-18T10:53:38                      13
/usr/local/python/3.12.1/lib/python3.12/site-packages/airflow/example_dags/example_latest_only_with_trigger.py                                                  1           0  0.11s           2025-03-18T10:54:30                      12
/usr/local/python/3.12.1/lib/python3.12/site-packages/airflow/example_dags/example_dynamic_task_mapping.py                                                      1           0  0.11s           2025-03-18T10:53:42                      10
/usr/local/python/3.12.1/lib/python3.12/site-packages/airflow/example_dags/example_short_circuit_decorator.py                                                   1           0  0.11s           2025-03-18T10:54:19                      10
/usr/local/python/3.12.1/lib/python3.12/site-packages/airflow/example_dags/example_task_group.py                                                                1           0  0.11s           2025-03-18T10:54:15                      10
/usr/local/python/3.12.1/lib/python3.12/site-packages/airflow/example_dags/example_subdag_operator.py                                                           3           0  0.11s           2025-03-18T10:54:16                      20
/usr/local/python/3.12.1/lib/python3.12/site-packages/airflow/example_dags/example_inlet_event_extra.py                                                         2           0  0.11s           2025-03-18T10:53:35                      15
/usr/local/python/3.12.1/lib/python3.12/site-packages/airflow/example_dags/tutorial_taskflow_api.py                                                             1           0  0.10s           2025-03-18T10:54:00                      10
/usr/local/python/3.12.1/lib/python3.12/site-packages/airflow/example_dags/example_latest_only.py                                                               1           0  0.10s           2025-03-18T10:54:28                      12
/usr/local/python/3.12.1/lib/python3.12/site-packages/airflow/example_dags/example_branch_python_dop_operator_3.py                                              1           0  0.10s           2025-03-18T10:53:50                      12
/usr/local/python/3.12.1/lib/python3.12/site-packages/airflow/example_dags/example_task_group_decorator.py                                                      1           0  0.10s           2025-03-18T10:54:10                      10
================================================================================
[2025-03-18T10:55:01.175+0000] {manager.py:997} INFO - 
================================================================================
DAG File Processing Stats

File Path                                                                                                                              PID    Runtime      # DAGs    # Errors  Last Runtime    Last Run               Last # of DB Queries
-------------------------------------------------------------------------------------------------------------------------------------  -----  ---------  --------  ----------  --------------  -------------------  ----------------------
/usr/local/python/3.12.1/lib/python3.12/site-packages/airflow/example_dags/example_dag_decorator.py                                                             1           0  0.21s           2025-03-18T10:54:45                      32
/usr/local/python/3.12.1/lib/python3.12/site-packages/airflow/example_dags/example_display_name.py                                                              1           0  0.11s           2025-03-18T10:54:35                      10
/usr/local/python/3.12.1/lib/python3.12/site-packages/airflow/example_dags/example_python_decorator.py                                                          1           0  0.11s           2025-03-18T10:54:23                      10
/usr/local/python/3.12.1/lib/python3.12/site-packages/airflow/example_dags/example_datasets.py                                                                 10           0  0.11s           2025-03-18T10:54:40                      49
/usr/local/python/3.12.1/lib/python3.12/site-packages/airflow/example_dags/subdags/subdag.py                                                                    0           0  0.11s           2025-03-18T10:54:49                       3
/usr/local/python/3.12.1/lib/python3.12/site-packages/airflow/example_dags/tutorial_taskflow_api_virtualenv.py                                                  1           0  0.11s           2025-03-18T10:54:55                      10
/usr/local/python/3.12.1/lib/python3.12/site-packages/airflow/example_dags/example_short_circuit_operator.py                                                    1           0  0.11s           2025-03-18T10:54:14                      10
/usr/local/python/3.12.1/lib/python3.12/site-packages/airflow/example_dags/example_branch_operator_decorator.py                                                 1           0  0.11s           2025-03-18T10:54:44                      12
/usr/local/python/3.12.1/lib/python3.12/site-packages/airflow/example_dags/tutorial_objectstorage.py                                                            1           0  0.11s           2025-03-18T10:54:57                      10
/usr/local/python/3.12.1/lib/python3.12/site-packages/airflow/example_dags/example_skip_dag.py                                                                  1           0  0.11s           2025-03-18T10:54:13                      12
/usr/local/python/3.12.1/lib/python3.12/site-packages/airflow/example_dags/example_sensor_decorator.py                                                          1           0  0.11s           2025-03-18T10:54:17                      10
/usr/local/python/3.12.1/lib/python3.12/site-packages/airflow/example_dags/example_trigger_controller_dag.py                                                    1           0  0.11s           2025-03-18T10:55:01                      12
/usr/local/python/3.12.1/lib/python3.12/site-packages/airflow/example_dags/example_params_ui_tutorial.py                                                        1           0  0.11s           2025-03-18T10:54:27                      10
/usr/local/python/3.12.1/lib/python3.12/site-packages/airflow/example_dags/example_dataset_alias.py                                                             4           0  0.11s           2025-03-18T10:54:37                      27
/usr/local/python/3.12.1/lib/python3.12/site-packages/airflow/example_dags/example_xcom.py                                                                      1           0  0.11s           2025-03-18T10:54:59                      12
/usr/local/python/3.12.1/lib/python3.12/site-packages/airflow/example_dags/example_nested_branch_dag.py                                                         1           0  0.11s           2025-03-18T10:54:32                      12
/usr/local/python/3.12.1/lib/python3.12/site-packages/airflow/example_dags/example_trigger_target_dag.py                                                        1           0  0.11s           2025-03-18T10:55:00                      10
/usr/local/python/3.12.1/lib/python3.12/site-packages/airflow/example_dags/example_passing_params_via_test_command.py                                           1           0  0.11s           2025-03-18T10:54:26                      12
/usr/local/python/3.12.1/lib/python3.12/site-packages/airflow/example_dags/tutorial_taskflow_api.py                                                             1           0  0.11s           2025-03-18T10:54:54                      10
/usr/local/python/3.12.1/lib/python3.12/site-packages/airflow/example_dags/example_outlet_event_extra.py                                                        3           0  0.11s           2025-03-18T10:54:27                      19
/usr/local/python/3.12.1/lib/python3.12/site-packages/airflow/example_dags/example_kubernetes_executor.py                                                       0           0  0.11s           2025-03-18T10:54:30                       3
/usr/local/python/3.12.1/lib/python3.12/site-packages/airflow/example_dags/example_dynamic_task_mapping.py                                                      1           0  0.11s           2025-03-18T10:54:38                      10
/usr/local/python/3.12.1/lib/python3.12/site-packages/airflow/example_dags/example_time_delta_sensor_async.py                                                   1           0  0.11s           2025-03-18T10:54:11                      10
/usr/local/python/3.12.1/lib/python3.12/site-packages/airflow/example_dags/example_branch_day_of_week_operator.py                                               1           0  0.11s           2025-03-18T10:53:54                      12
/usr/local/python/3.12.1/lib/python3.12/site-packages/airflow/example_dags/example_sensors.py                                                                   1           0  0.11s           2025-03-18T10:54:18                      10
/usr/local/python/3.12.1/lib/python3.12/site-packages/airflow/example_dags/example_dynamic_task_mapping_with_no_taskflow_operators.py                           1           0  0.11s           2025-03-18T10:54:36                      10
/usr/local/python/3.12.1/lib/python3.12/site-packages/airflow/example_dags/tutorial.py                                                                          1           0  0.11s           2025-03-18T10:54:09                      12
/usr/local/python/3.12.1/lib/python3.12/site-packages/airflow/example_dags/example_setup_teardown_taskflow.py                                                   1           0  0.11s           2025-03-18T10:54:22                      10
/usr/local/python/3.12.1/lib/python3.12/site-packages/airflow/example_dags/example_bash_operator.py                                                             1           0  0.11s           2025-03-18T10:53:55                      12
/usr/local/python/3.12.1/lib/python3.12/site-packages/airflow/example_dags/example_complex.py                                                                   1           0  0.11s           2025-03-18T10:54:41                      10
/usr/local/python/3.12.1/lib/python3.12/site-packages/airflow/example_dags/example_params_trigger_ui.py                                                         1           0  0.11s           2025-03-18T10:54:24                      10
/usr/local/python/3.12.1/lib/python3.12/site-packages/airflow/example_dags/example_xcomargs.py                                                                  2           0  0.11s           2025-03-18T10:54:10                      13
/usr/local/python/3.12.1/lib/python3.12/site-packages/airflow/example_dags/example_sla_dag.py                                                                   1           0  0.11s           2025-03-18T10:54:12                      12
/usr/local/python/3.12.1/lib/python3.12/site-packages/airflow/example_dags/example_python_operator.py                                                           1           0  0.11s           2025-03-18T10:54:22                      10
/usr/local/python/3.12.1/lib/python3.12/site-packages/airflow/example_dags/example_branch_python_dop_operator_3.py                                              1           0  0.11s           2025-03-18T10:54:46                      12
/usr/local/python/3.12.1/lib/python3.12/site-packages/airflow/example_dags/plugins/decreasing_priority_weight_strategy.py                                       0           0  0.11s           2025-03-18T10:54:53                       3
/usr/local/python/3.12.1/lib/python3.12/site-packages/airflow/example_dags/example_external_task_marker_dag.py                                                  2           0  0.11s           2025-03-18T10:54:34                      13
/usr/local/python/3.12.1/lib/python3.12/site-packages/airflow/example_dags/example_branch_labels.py                                                             1           0  0.11s           2025-03-18T10:54:43                      12
/usr/local/python/3.12.1/lib/python3.12/site-packages/airflow/example_dags/tutorial_taskflow_templates.py                                                       1           0  0.11s           2025-03-18T10:54:58                      12
/usr/local/python/3.12.1/lib/python3.12/site-packages/airflow/example_dags/example_branch_operator.py                                                           1           0  0.11s           2025-03-18T10:54:42                      12
/usr/local/python/3.12.1/lib/python3.12/site-packages/airflow/example_dags/example_setup_teardown.py                                                            1           0  0.11s           2025-03-18T10:54:20                      10
/usr/local/python/3.12.1/lib/python3.12/site-packages/airflow/example_dags/example_latest_only_with_trigger.py                                                  1           0  0.11s           2025-03-18T10:54:30                      12
/usr/local/python/3.12.1/lib/python3.12/site-packages/airflow/example_dags/example_short_circuit_decorator.py                                                   1           0  0.11s           2025-03-18T10:54:19                      10
/usr/local/python/3.12.1/lib/python3.12/site-packages/airflow/example_dags/example_task_group.py                                                                1           0  0.11s           2025-03-18T10:54:15                      10
/usr/local/python/3.12.1/lib/python3.12/site-packages/airflow/example_dags/example_branch_datetime_operator.py                                                  3           0  0.11s           2025-03-18T10:54:47                      18
/usr/local/python/3.12.1/lib/python3.12/site-packages/airflow/example_dags/plugins/event_listener.py                                                            0           0  0.11s           2025-03-18T10:54:52                       3
/usr/local/python/3.12.1/lib/python3.12/site-packages/airflow/example_dags/example_local_kubernetes_executor.py                                                 0           0  0.11s           2025-03-18T10:54:32                       3
/usr/local/python/3.12.1/lib/python3.12/site-packages/airflow/example_dags/example_subdag_operator.py                                                           3           0  0.11s           2025-03-18T10:54:16                      20
/usr/local/python/3.12.1/lib/python3.12/site-packages/airflow/example_dags/plugins/workday.py                                                                   0           0  0.11s           2025-03-18T10:54:51                       3
/usr/local/python/3.12.1/lib/python3.12/site-packages/airflow/example_dags/example_bash_decorator.py                                                            1           0  0.11s           2025-03-18T10:54:48                      10
/usr/local/python/3.12.1/lib/python3.12/site-packages/airflow/example_dags/tutorial_dag.py                                                                      1           0  0.10s           2025-03-18T10:54:56                      10
/usr/local/python/3.12.1/lib/python3.12/site-packages/airflow/example_dags/example_latest_only.py                                                               1           0  0.10s           2025-03-18T10:54:28                      12
/usr/local/python/3.12.1/lib/python3.12/site-packages/airflow/example_dags/plugins/listener_plugin.py                                                           0           0  0.10s           2025-03-18T10:54:50                       3
/usr/local/python/3.12.1/lib/python3.12/site-packages/airflow/example_dags/example_dataset_alias_with_no_taskflow.py                                            4           0  0.10s           2025-03-18T10:54:39                      27
/usr/local/python/3.12.1/lib/python3.12/site-packages/airflow/example_dags/example_task_group_decorator.py                                                      1           0  0.10s           2025-03-18T10:54:10                      10
/usr/local/python/3.12.1/lib/python3.12/site-packages/airflow/example_dags/example_inlet_event_extra.py                                                         2           0  0.10s           2025-03-18T10:54:31                      15
/usr/local/python/3.12.1/lib/python3.12/site-packages/airflow/example_dags/example_workday_timetable.py                                                         1           0  0.10s           2025-03-18T10:55:00                      12
================================================================================
[2025-03-18T10:55:31.389+0000] {manager.py:997} INFO - 
================================================================================
DAG File Processing Stats

File Path                                                                                                                              PID    Runtime      # DAGs    # Errors  Last Runtime    Last Run               Last # of DB Queries
-------------------------------------------------------------------------------------------------------------------------------------  -----  ---------  --------  ----------  --------------  -------------------  ----------------------
/usr/local/python/3.12.1/lib/python3.12/site-packages/airflow/example_dags/example_latest_only_with_trigger.py                                                  1           0  0.22s           2025-03-18T10:55:24                      12
/usr/local/python/3.12.1/lib/python3.12/site-packages/airflow/example_dags/example_dag_decorator.py                                                             1           0  0.21s           2025-03-18T10:54:45                      32
/usr/local/python/3.12.1/lib/python3.12/site-packages/airflow/example_dags/example_datasets.py                                                                 10           0  0.11s           2025-03-18T10:54:40                      49
/usr/local/python/3.12.1/lib/python3.12/site-packages/airflow/example_dags/subdags/subdag.py                                                                    0           0  0.11s           2025-03-18T10:54:49                       3
/usr/local/python/3.12.1/lib/python3.12/site-packages/airflow/example_dags/tutorial_taskflow_api_virtualenv.py                                                  1           0  0.11s           2025-03-18T10:54:55                      10
/usr/local/python/3.12.1/lib/python3.12/site-packages/airflow/example_dags/example_branch_operator_decorator.py                                                 1           0  0.11s           2025-03-18T10:54:44                      12
/usr/local/python/3.12.1/lib/python3.12/site-packages/airflow/example_dags/tutorial_objectstorage.py                                                            1           0  0.11s           2025-03-18T10:54:57                      10
/usr/local/python/3.12.1/lib/python3.12/site-packages/airflow/example_dags/example_trigger_controller_dag.py                                                    1           0  0.11s           2025-03-18T10:55:01                      12
/usr/local/python/3.12.1/lib/python3.12/site-packages/airflow/example_dags/example_display_name.py                                                              1           0  0.11s           2025-03-18T10:55:29                      10
/usr/local/python/3.12.1/lib/python3.12/site-packages/airflow/example_dags/example_subdag_operator.py                                                           3           0  0.11s           2025-03-18T10:55:09                      20
/usr/local/python/3.12.1/lib/python3.12/site-packages/airflow/example_dags/example_skip_dag.py                                                                  1           0  0.11s           2025-03-18T10:55:07                      12
/usr/local/python/3.12.1/lib/python3.12/site-packages/airflow/example_dags/example_xcomargs.py                                                                  2           0  0.11s           2025-03-18T10:55:02                      13
/usr/local/python/3.12.1/lib/python3.12/site-packages/airflow/example_dags/example_xcom.py                                                                      1           0  0.11s           2025-03-18T10:54:59                      12
/usr/local/python/3.12.1/lib/python3.12/site-packages/airflow/example_dags/example_dynamic_task_mapping_with_no_taskflow_operators.py                           1           0  0.11s           2025-03-18T10:55:30                      10
/usr/local/python/3.12.1/lib/python3.12/site-packages/airflow/example_dags/example_external_task_marker_dag.py                                                  2           0  0.11s           2025-03-18T10:55:28                      13
/usr/local/python/3.12.1/lib/python3.12/site-packages/airflow/example_dags/example_sensors.py                                                                   1           0  0.11s           2025-03-18T10:55:11                      10
/usr/local/python/3.12.1/lib/python3.12/site-packages/airflow/example_dags/example_outlet_event_extra.py                                                        3           0  0.11s           2025-03-18T10:55:21                      19
/usr/local/python/3.12.1/lib/python3.12/site-packages/airflow/example_dags/example_dataset_alias.py                                                             4           0  0.11s           2025-03-18T10:55:31                      27
/usr/local/python/3.12.1/lib/python3.12/site-packages/airflow/example_dags/example_task_group.py                                                                1           0  0.11s           2025-03-18T10:55:08                      10
/usr/local/python/3.12.1/lib/python3.12/site-packages/airflow/example_dags/example_python_decorator.py                                                          1           0  0.11s           2025-03-18T10:55:18                      10
/usr/local/python/3.12.1/lib/python3.12/site-packages/airflow/example_dags/example_setup_teardown_taskflow.py                                                   1           0  0.11s           2025-03-18T10:55:16                      10
/usr/local/python/3.12.1/lib/python3.12/site-packages/airflow/example_dags/example_bash_operator.py                                                             1           0  0.11s           2025-03-18T10:55:13                      12
/usr/local/python/3.12.1/lib/python3.12/site-packages/airflow/example_dags/example_trigger_target_dag.py                                                        1           0  0.11s           2025-03-18T10:55:00                      10
/usr/local/python/3.12.1/lib/python3.12/site-packages/airflow/example_dags/example_local_kubernetes_executor.py                                                 0           0  0.11s           2025-03-18T10:55:27                       3
/usr/local/python/3.12.1/lib/python3.12/site-packages/airflow/example_dags/tutorial_taskflow_api.py                                                             1           0  0.11s           2025-03-18T10:54:54                      10
/usr/local/python/3.12.1/lib/python3.12/site-packages/airflow/example_dags/example_branch_day_of_week_operator.py                                               1           0  0.11s           2025-03-18T10:55:12                      12
/usr/local/python/3.12.1/lib/python3.12/site-packages/airflow/example_dags/example_nested_branch_dag.py                                                         1           0  0.11s           2025-03-18T10:55:26                      12
/usr/local/python/3.12.1/lib/python3.12/site-packages/airflow/example_dags/example_short_circuit_operator.py                                                    1           0  0.11s           2025-03-18T10:55:08                      10
/usr/local/python/3.12.1/lib/python3.12/site-packages/airflow/example_dags/example_dynamic_task_mapping.py                                                      1           0  0.11s           2025-03-18T10:54:38                      10
/usr/local/python/3.12.1/lib/python3.12/site-packages/airflow/example_dags/example_python_operator.py                                                           1           0  0.11s           2025-03-18T10:55:17                      10
/usr/local/python/3.12.1/lib/python3.12/site-packages/airflow/example_dags/example_task_group_decorator.py                                                      1           0  0.11s           2025-03-18T10:55:03                      10
/usr/local/python/3.12.1/lib/python3.12/site-packages/airflow/example_dags/example_complex.py                                                                   1           0  0.11s           2025-03-18T10:54:41                      10
/usr/local/python/3.12.1/lib/python3.12/site-packages/airflow/example_dags/example_sensor_decorator.py                                                          1           0  0.11s           2025-03-18T10:55:11                      10
/usr/local/python/3.12.1/lib/python3.12/site-packages/airflow/example_dags/example_branch_python_dop_operator_3.py                                              1           0  0.11s           2025-03-18T10:54:46                      12
/usr/local/python/3.12.1/lib/python3.12/site-packages/airflow/example_dags/example_passing_params_via_test_command.py                                           1           0  0.11s           2025-03-18T10:55:20                      12
/usr/local/python/3.12.1/lib/python3.12/site-packages/airflow/example_dags/plugins/decreasing_priority_weight_strategy.py                                       0           0  0.11s           2025-03-18T10:54:53                       3
/usr/local/python/3.12.1/lib/python3.12/site-packages/airflow/example_dags/example_inlet_event_extra.py                                                         2           0  0.11s           2025-03-18T10:55:25                      15
/usr/local/python/3.12.1/lib/python3.12/site-packages/airflow/example_dags/example_branch_labels.py                                                             1           0  0.11s           2025-03-18T10:54:43                      12
/usr/local/python/3.12.1/lib/python3.12/site-packages/airflow/example_dags/example_sla_dag.py                                                                   1           0  0.11s           2025-03-18T10:55:05                      12
/usr/local/python/3.12.1/lib/python3.12/site-packages/airflow/example_dags/tutorial_taskflow_templates.py                                                       1           0  0.11s           2025-03-18T10:54:58                      12
/usr/local/python/3.12.1/lib/python3.12/site-packages/airflow/example_dags/example_branch_operator.py                                                           1           0  0.11s           2025-03-18T10:54:42                      12
/usr/local/python/3.12.1/lib/python3.12/site-packages/airflow/example_dags/example_latest_only.py                                                               1           0  0.11s           2025-03-18T10:55:22                      12
/usr/local/python/3.12.1/lib/python3.12/site-packages/airflow/example_dags/example_branch_datetime_operator.py                                                  3           0  0.11s           2025-03-18T10:54:47                      18
/usr/local/python/3.12.1/lib/python3.12/site-packages/airflow/example_dags/example_setup_teardown.py                                                            1           0  0.11s           2025-03-18T10:55:15                      10
/usr/local/python/3.12.1/lib/python3.12/site-packages/airflow/example_dags/plugins/event_listener.py                                                            0           0  0.11s           2025-03-18T10:54:52                       3
/usr/local/python/3.12.1/lib/python3.12/site-packages/airflow/example_dags/plugins/workday.py                                                                   0           0  0.11s           2025-03-18T10:54:51                       3
/usr/local/python/3.12.1/lib/python3.12/site-packages/airflow/example_dags/example_bash_decorator.py                                                            1           0  0.11s           2025-03-18T10:54:48                      10
/usr/local/python/3.12.1/lib/python3.12/site-packages/airflow/example_dags/tutorial_dag.py                                                                      1           0  0.10s           2025-03-18T10:54:56                      10
/usr/local/python/3.12.1/lib/python3.12/site-packages/airflow/example_dags/example_time_delta_sensor_async.py                                                   1           0  0.10s           2025-03-18T10:55:04                      10
/usr/local/python/3.12.1/lib/python3.12/site-packages/airflow/example_dags/example_params_trigger_ui.py                                                         1           0  0.10s           2025-03-18T10:55:19                      10
/usr/local/python/3.12.1/lib/python3.12/site-packages/airflow/example_dags/plugins/listener_plugin.py                                                           0           0  0.10s           2025-03-18T10:54:50                       3
/usr/local/python/3.12.1/lib/python3.12/site-packages/airflow/example_dags/tutorial.py                                                                          1           0  0.10s           2025-03-18T10:55:01                      12
/usr/local/python/3.12.1/lib/python3.12/site-packages/airflow/example_dags/example_dataset_alias_with_no_taskflow.py                                            4           0  0.10s           2025-03-18T10:54:39                      27
/usr/local/python/3.12.1/lib/python3.12/site-packages/airflow/example_dags/example_kubernetes_executor.py                                                       0           0  0.10s           2025-03-18T10:55:24                       3
/usr/local/python/3.12.1/lib/python3.12/site-packages/airflow/example_dags/example_params_ui_tutorial.py                                                        1           0  0.10s           2025-03-18T10:55:21                      10
/usr/local/python/3.12.1/lib/python3.12/site-packages/airflow/example_dags/example_short_circuit_decorator.py                                                   1           0  0.10s           2025-03-18T10:55:13                      10
/usr/local/python/3.12.1/lib/python3.12/site-packages/airflow/example_dags/example_workday_timetable.py                                                         1           0  0.10s           2025-03-18T10:55:00                      12
================================================================================
[2025-03-18T10:56:01.651+0000] {manager.py:997} INFO - 
================================================================================
DAG File Processing Stats

File Path                                                                                                                              PID    Runtime      # DAGs    # Errors  Last Runtime    Last Run               Last # of DB Queries
-------------------------------------------------------------------------------------------------------------------------------------  -----  ---------  --------  ----------  --------------  -------------------  ----------------------
/usr/local/python/3.12.1/lib/python3.12/site-packages/airflow/example_dags/example_latest_only_with_trigger.py                                                  1           0  0.22s           2025-03-18T10:55:24                      12
/usr/local/python/3.12.1/lib/python3.12/site-packages/airflow/example_dags/example_dag_decorator.py                                                             1           0  0.21s           2025-03-18T10:55:59                      32
/usr/local/python/3.12.1/lib/python3.12/site-packages/airflow/example_dags/example_datasets.py                                                                 10           0  0.11s           2025-03-18T10:55:34                      49
/usr/local/python/3.12.1/lib/python3.12/site-packages/airflow/example_dags/tutorial_objectstorage.py                                                            1           0  0.11s           2025-03-18T10:55:45                      10
/usr/local/python/3.12.1/lib/python3.12/site-packages/airflow/example_dags/example_dataset_alias_with_no_taskflow.py                                            4           0  0.11s           2025-03-18T10:55:32                      27
/usr/local/python/3.12.1/lib/python3.12/site-packages/airflow/example_dags/example_xcomargs.py                                                                  2           0  0.11s           2025-03-18T10:55:53                      13
/usr/local/python/3.12.1/lib/python3.12/site-packages/airflow/example_dags/example_branch_operator_decorator.py                                                 1           0  0.11s           2025-03-18T10:55:58                      12
/usr/local/python/3.12.1/lib/python3.12/site-packages/airflow/example_dags/plugins/event_listener.py                                                            0           0  0.11s           2025-03-18T10:55:40                       3
/usr/local/python/3.12.1/lib/python3.12/site-packages/airflow/example_dags/example_sla_dag.py                                                                   1           0  0.11s           2025-03-18T10:55:56                      12
/usr/local/python/3.12.1/lib/python3.12/site-packages/airflow/example_dags/example_skip_dag.py                                                                  1           0  0.11s           2025-03-18T10:55:57                      12
/usr/local/python/3.12.1/lib/python3.12/site-packages/airflow/example_dags/example_branch_python_dop_operator_3.py                                              1           0  0.11s           2025-03-18T10:56:00                      12
/usr/local/python/3.12.1/lib/python3.12/site-packages/airflow/example_dags/example_xcom.py                                                                      1           0  0.11s           2025-03-18T10:55:47                      12
/usr/local/python/3.12.1/lib/python3.12/site-packages/airflow/example_dags/tutorial_taskflow_templates.py                                                       1           0  0.11s           2025-03-18T10:55:46                      12
/usr/local/python/3.12.1/lib/python3.12/site-packages/airflow/example_dags/example_branch_operator.py                                                           1           0  0.11s           2025-03-18T10:55:35                      12
/usr/local/python/3.12.1/lib/python3.12/site-packages/airflow/example_dags/example_dynamic_task_mapping.py                                                      1           0  0.11s           2025-03-18T10:55:31                      10
/usr/local/python/3.12.1/lib/python3.12/site-packages/airflow/example_dags/plugins/workday.py                                                                   0           0  0.11s           2025-03-18T10:55:39                       3
/usr/local/python/3.12.1/lib/python3.12/site-packages/airflow/example_dags/example_display_name.py                                                              1           0  0.11s           2025-03-18T10:55:29                      10
/usr/local/python/3.12.1/lib/python3.12/site-packages/airflow/example_dags/example_subdag_operator.py                                                           3           0  0.11s           2025-03-18T10:55:09                      20
/usr/local/python/3.12.1/lib/python3.12/site-packages/airflow/example_dags/example_branch_labels.py                                                             1           0  0.11s           2025-03-18T10:55:36                      12
/usr/local/python/3.12.1/lib/python3.12/site-packages/airflow/example_dags/example_dynamic_task_mapping_with_no_taskflow_operators.py                           1           0  0.11s           2025-03-18T10:55:30                      10
/usr/local/python/3.12.1/lib/python3.12/site-packages/airflow/example_dags/example_external_task_marker_dag.py                                                  2           0  0.11s           2025-03-18T10:55:28                      13
/usr/local/python/3.12.1/lib/python3.12/site-packages/airflow/example_dags/example_sensors.py                                                                   1           0  0.11s           2025-03-18T10:55:11                      10
/usr/local/python/3.12.1/lib/python3.12/site-packages/airflow/example_dags/example_outlet_event_extra.py                                                        3           0  0.11s           2025-03-18T10:55:21                      19
/usr/local/python/3.12.1/lib/python3.12/site-packages/airflow/example_dags/example_dataset_alias.py                                                             4           0  0.11s           2025-03-18T10:55:31                      27
/usr/local/python/3.12.1/lib/python3.12/site-packages/airflow/example_dags/example_task_group.py                                                                1           0  0.11s           2025-03-18T10:55:08                      10
/usr/local/python/3.12.1/lib/python3.12/site-packages/airflow/example_dags/example_python_decorator.py                                                          1           0  0.11s           2025-03-18T10:55:18                      10
/usr/local/python/3.12.1/lib/python3.12/site-packages/airflow/example_dags/example_setup_teardown_taskflow.py                                                   1           0  0.11s           2025-03-18T10:55:16                      10
/usr/local/python/3.12.1/lib/python3.12/site-packages/airflow/example_dags/example_bash_operator.py                                                             1           0  0.11s           2025-03-18T10:55:13                      12
/usr/local/python/3.12.1/lib/python3.12/site-packages/airflow/example_dags/tutorial_taskflow_api.py                                                             1           0  0.11s           2025-03-18T10:55:43                      10
/usr/local/python/3.12.1/lib/python3.12/site-packages/airflow/example_dags/example_local_kubernetes_executor.py                                                 0           0  0.11s           2025-03-18T10:55:27                       3
/usr/local/python/3.12.1/lib/python3.12/site-packages/airflow/example_dags/plugins/decreasing_priority_weight_strategy.py                                       0           0  0.11s           2025-03-18T10:55:41                       3
/usr/local/python/3.12.1/lib/python3.12/site-packages/airflow/example_dags/example_complex.py                                                                   1           0  0.11s           2025-03-18T10:55:34                      10
/usr/local/python/3.12.1/lib/python3.12/site-packages/airflow/example_dags/example_branch_day_of_week_operator.py                                               1           0  0.11s           2025-03-18T10:55:12                      12
/usr/local/python/3.12.1/lib/python3.12/site-packages/airflow/example_dags/example_nested_branch_dag.py                                                         1           0  0.11s           2025-03-18T10:55:26                      12
/usr/local/python/3.12.1/lib/python3.12/site-packages/airflow/example_dags/tutorial_dag.py                                                                      1           0  0.11s           2025-03-18T10:55:44                      10
/usr/local/python/3.12.1/lib/python3.12/site-packages/airflow/example_dags/example_python_operator.py                                                           1           0  0.11s           2025-03-18T10:55:17                      10
/usr/local/python/3.12.1/lib/python3.12/site-packages/airflow/example_dags/tutorial.py                                                                          1           0  0.11s           2025-03-18T10:55:52                      12
/usr/local/python/3.12.1/lib/python3.12/site-packages/airflow/example_dags/example_task_group_decorator.py                                                      1           0  0.11s           2025-03-18T10:55:54                      10
/usr/local/python/3.12.1/lib/python3.12/site-packages/airflow/example_dags/plugins/listener_plugin.py                                                           0           0  0.11s           2025-03-18T10:55:39                       3
/usr/local/python/3.12.1/lib/python3.12/site-packages/airflow/example_dags/example_sensor_decorator.py                                                          1           0  0.11s           2025-03-18T10:55:11                      10
/usr/local/python/3.12.1/lib/python3.12/site-packages/airflow/example_dags/example_trigger_controller_dag.py                                                    1           0  0.11s           2025-03-18T10:55:51                      12
/usr/local/python/3.12.1/lib/python3.12/site-packages/airflow/example_dags/example_time_delta_sensor_async.py                                                   1           0  0.11s           2025-03-18T10:55:55                      10
/usr/local/python/3.12.1/lib/python3.12/site-packages/airflow/example_dags/subdags/subdag.py                                                                    0           0  0.11s           2025-03-18T10:55:37                       3
/usr/local/python/3.12.1/lib/python3.12/site-packages/airflow/example_dags/example_passing_params_via_test_command.py                                           1           0  0.11s           2025-03-18T10:55:20                      12
/usr/local/python/3.12.1/lib/python3.12/site-packages/airflow/example_dags/example_inlet_event_extra.py                                                         2           0  0.11s           2025-03-18T10:55:25                      15
/usr/local/python/3.12.1/lib/python3.12/site-packages/airflow/example_dags/example_branch_datetime_operator.py                                                  3           0  0.11s           2025-03-18T10:56:00                      18
/usr/local/python/3.12.1/lib/python3.12/site-packages/airflow/example_dags/example_workday_timetable.py                                                         1           0  0.11s           2025-03-18T10:55:49                      12
/usr/local/python/3.12.1/lib/python3.12/site-packages/airflow/example_dags/example_latest_only.py                                                               1           0  0.11s           2025-03-18T10:55:22                      12
/usr/local/python/3.12.1/lib/python3.12/site-packages/airflow/example_dags/example_short_circuit_operator.py                                                    1           0  0.11s           2025-03-18T10:56:01                      10
/usr/local/python/3.12.1/lib/python3.12/site-packages/airflow/example_dags/example_setup_teardown.py                                                            1           0  0.11s           2025-03-18T10:55:15                      10
/usr/local/python/3.12.1/lib/python3.12/site-packages/airflow/example_dags/example_trigger_target_dag.py                                                        1           0  0.11s           2025-03-18T10:55:48                      10
/usr/local/python/3.12.1/lib/python3.12/site-packages/airflow/example_dags/tutorial_taskflow_api_virtualenv.py                                                  1           0  0.11s           2025-03-18T10:55:44                      10
/usr/local/python/3.12.1/lib/python3.12/site-packages/airflow/example_dags/example_params_trigger_ui.py                                                         1           0  0.10s           2025-03-18T10:55:19                      10
/usr/local/python/3.12.1/lib/python3.12/site-packages/airflow/example_dags/example_kubernetes_executor.py                                                       0           0  0.10s           2025-03-18T10:55:24                       3
/usr/local/python/3.12.1/lib/python3.12/site-packages/airflow/example_dags/example_params_ui_tutorial.py                                                        1           0  0.10s           2025-03-18T10:55:21                      10
/usr/local/python/3.12.1/lib/python3.12/site-packages/airflow/example_dags/example_bash_decorator.py                                                            1           0  0.10s           2025-03-18T10:56:00                      10
/usr/local/python/3.12.1/lib/python3.12/site-packages/airflow/example_dags/example_short_circuit_decorator.py                                                   1           0  0.10s           2025-03-18T10:55:13                      10
================================================================================
[2025-03-18T10:56:31.924+0000] {manager.py:997} INFO - 
================================================================================
DAG File Processing Stats

File Path                                                                                                                              PID    Runtime      # DAGs    # Errors  Last Runtime    Last Run               Last # of DB Queries
-------------------------------------------------------------------------------------------------------------------------------------  -----  ---------  --------  ----------  --------------  -------------------  ----------------------
/usr/local/python/3.12.1/lib/python3.12/site-packages/airflow/example_dags/example_dag_decorator.py                                                             1           0  0.21s           2025-03-18T10:55:59                      32
/usr/local/python/3.12.1/lib/python3.12/site-packages/airflow/example_dags/example_datasets.py                                                                 10           0  0.11s           2025-03-18T10:55:34                      49
/usr/local/python/3.12.1/lib/python3.12/site-packages/airflow/example_dags/example_python_decorator.py                                                          1           0  0.11s           2025-03-18T10:56:10                      10
/usr/local/python/3.12.1/lib/python3.12/site-packages/airflow/example_dags/example_params_trigger_ui.py                                                         1           0  0.11s           2025-03-18T10:56:11                      10
/usr/local/python/3.12.1/lib/python3.12/site-packages/airflow/example_dags/tutorial_objectstorage.py                                                            1           0  0.11s           2025-03-18T10:55:45                      10
/usr/local/python/3.12.1/lib/python3.12/site-packages/airflow/example_dags/example_dataset_alias_with_no_taskflow.py                                            4           0  0.11s           2025-03-18T10:55:32                      27
/usr/local/python/3.12.1/lib/python3.12/site-packages/airflow/example_dags/example_external_task_marker_dag.py                                                  2           0  0.11s           2025-03-18T10:56:21                      13
/usr/local/python/3.12.1/lib/python3.12/site-packages/airflow/example_dags/example_xcomargs.py                                                                  2           0  0.11s           2025-03-18T10:55:53                      13
/usr/local/python/3.12.1/lib/python3.12/site-packages/airflow/example_dags/example_branch_operator_decorator.py                                                 1           0  0.11s           2025-03-18T10:55:58                      12
/usr/local/python/3.12.1/lib/python3.12/site-packages/airflow/example_dags/example_subdag_operator.py                                                           3           0  0.11s           2025-03-18T10:56:03                      20
/usr/local/python/3.12.1/lib/python3.12/site-packages/airflow/example_dags/example_sla_dag.py                                                                   1           0  0.11s           2025-03-18T10:55:56                      12
/usr/local/python/3.12.1/lib/python3.12/site-packages/airflow/example_dags/example_display_name.py                                                              1           0  0.11s           2025-03-18T10:56:22                      10
/usr/local/python/3.12.1/lib/python3.12/site-packages/airflow/example_dags/example_skip_dag.py                                                                  1           0  0.11s           2025-03-18T10:55:57                      12
/usr/local/python/3.12.1/lib/python3.12/site-packages/airflow/example_dags/example_dynamic_task_mapping_with_no_taskflow_operators.py                           1           0  0.11s           2025-03-18T10:56:23                      10
/usr/local/python/3.12.1/lib/python3.12/site-packages/airflow/example_dags/example_branch_python_dop_operator_3.py                                              1           0  0.11s           2025-03-18T10:56:00                      12
/usr/local/python/3.12.1/lib/python3.12/site-packages/airflow/example_dags/example_xcom.py                                                                      1           0  0.11s           2025-03-18T10:55:47                      12
/usr/local/python/3.12.1/lib/python3.12/site-packages/airflow/example_dags/example_setup_teardown.py                                                            1           0  0.11s           2025-03-18T10:56:07                      10
/usr/local/python/3.12.1/lib/python3.12/site-packages/airflow/example_dags/tutorial_taskflow_templates.py                                                       1           0  0.11s           2025-03-18T10:55:46                      12
/usr/local/python/3.12.1/lib/python3.12/site-packages/airflow/example_dags/example_latest_only_with_trigger.py                                                  1           0  0.11s           2025-03-18T10:56:16                      12
/usr/local/python/3.12.1/lib/python3.12/site-packages/airflow/example_dags/example_branch_operator.py                                                           1           0  0.11s           2025-03-18T10:55:35                      12
/usr/local/python/3.12.1/lib/python3.12/site-packages/airflow/example_dags/example_outlet_event_extra.py                                                        3           0  0.11s           2025-03-18T10:56:13                      19
/usr/local/python/3.12.1/lib/python3.12/site-packages/airflow/example_dags/example_dynamic_task_mapping.py                                                      1           0  0.11s           2025-03-18T10:55:31                      10
/usr/local/python/3.12.1/lib/python3.12/site-packages/airflow/example_dags/example_dataset_alias.py                                                             4           0  0.11s           2025-03-18T10:56:24                      27
/usr/local/python/3.12.1/lib/python3.12/site-packages/airflow/example_dags/plugins/listener_plugin.py                                                           0           0  0.11s           2025-03-18T10:56:29                       3
/usr/local/python/3.12.1/lib/python3.12/site-packages/airflow/example_dags/example_setup_teardown_taskflow.py                                                   1           0  0.11s           2025-03-18T10:56:08                      10
/usr/local/python/3.12.1/lib/python3.12/site-packages/airflow/example_dags/example_python_operator.py                                                           1           0  0.11s           2025-03-18T10:56:09                      10
/usr/local/python/3.12.1/lib/python3.12/site-packages/airflow/example_dags/example_params_ui_tutorial.py                                                        1           0  0.11s           2025-03-18T10:56:14                      10
/usr/local/python/3.12.1/lib/python3.12/site-packages/airflow/example_dags/example_passing_params_via_test_command.py                                           1           0  0.11s           2025-03-18T10:56:12                      12
/usr/local/python/3.12.1/lib/python3.12/site-packages/airflow/example_dags/subdags/subdag.py                                                                    0           0  0.11s           2025-03-18T10:56:28                       3
/usr/local/python/3.12.1/lib/python3.12/site-packages/airflow/example_dags/example_sensors.py                                                                   1           0  0.11s           2025-03-18T10:56:05                      10
/usr/local/python/3.12.1/lib/python3.12/site-packages/airflow/example_dags/example_branch_labels.py                                                             1           0  0.11s           2025-03-18T10:55:36                      12
/usr/local/python/3.12.1/lib/python3.12/site-packages/airflow/example_dags/plugins/event_listener.py                                                            0           0  0.11s           2025-03-18T10:56:31                       3
/usr/local/python/3.12.1/lib/python3.12/site-packages/airflow/example_dags/example_sensor_decorator.py                                                          1           0  0.11s           2025-03-18T10:56:04                      10
/usr/local/python/3.12.1/lib/python3.12/site-packages/airflow/example_dags/plugins/decreasing_priority_weight_strategy.py                                       0           0  0.11s           2025-03-18T10:56:31                       3
/usr/local/python/3.12.1/lib/python3.12/site-packages/airflow/example_dags/example_bash_operator.py                                                             1           0  0.11s           2025-03-18T10:56:27                      12
/usr/local/python/3.12.1/lib/python3.12/site-packages/airflow/example_dags/example_task_group.py                                                                1           0  0.11s           2025-03-18T10:56:02                      10
/usr/local/python/3.12.1/lib/python3.12/site-packages/airflow/example_dags/tutorial_taskflow_api.py                                                             1           0  0.11s           2025-03-18T10:55:43                      10
/usr/local/python/3.12.1/lib/python3.12/site-packages/airflow/example_dags/example_kubernetes_executor.py                                                       0           0  0.11s           2025-03-18T10:56:17                       3
/usr/local/python/3.12.1/lib/python3.12/site-packages/airflow/example_dags/example_latest_only.py                                                               1           0  0.11s           2025-03-18T10:56:15                      12
/usr/local/python/3.12.1/lib/python3.12/site-packages/airflow/example_dags/example_nested_branch_dag.py                                                         1           0  0.11s           2025-03-18T10:56:20                      12
/usr/local/python/3.12.1/lib/python3.12/site-packages/airflow/example_dags/plugins/workday.py                                                                   0           0  0.11s           2025-03-18T10:56:30                       3
/usr/local/python/3.12.1/lib/python3.12/site-packages/airflow/example_dags/example_local_kubernetes_executor.py                                                 0           0  0.11s           2025-03-18T10:56:20                       3
/usr/local/python/3.12.1/lib/python3.12/site-packages/airflow/example_dags/example_complex.py                                                                   1           0  0.11s           2025-03-18T10:55:34                      10
/usr/local/python/3.12.1/lib/python3.12/site-packages/airflow/example_dags/example_branch_day_of_week_operator.py                                               1           0  0.11s           2025-03-18T10:56:25                      12
/usr/local/python/3.12.1/lib/python3.12/site-packages/airflow/example_dags/example_inlet_event_extra.py                                                         2           0  0.11s           2025-03-18T10:56:19                      15
/usr/local/python/3.12.1/lib/python3.12/site-packages/airflow/example_dags/tutorial_dag.py                                                                      1           0  0.11s           2025-03-18T10:55:44                      10
/usr/local/python/3.12.1/lib/python3.12/site-packages/airflow/example_dags/tutorial.py                                                                          1           0  0.11s           2025-03-18T10:55:52                      12
/usr/local/python/3.12.1/lib/python3.12/site-packages/airflow/example_dags/example_task_group_decorator.py                                                      1           0  0.11s           2025-03-18T10:55:54                      10
/usr/local/python/3.12.1/lib/python3.12/site-packages/airflow/example_dags/example_trigger_controller_dag.py                                                    1           0  0.11s           2025-03-18T10:55:51                      12
/usr/local/python/3.12.1/lib/python3.12/site-packages/airflow/example_dags/example_time_delta_sensor_async.py                                                   1           0  0.11s           2025-03-18T10:55:55                      10
/usr/local/python/3.12.1/lib/python3.12/site-packages/airflow/example_dags/example_branch_datetime_operator.py                                                  3           0  0.11s           2025-03-18T10:56:00                      18
/usr/local/python/3.12.1/lib/python3.12/site-packages/airflow/example_dags/example_workday_timetable.py                                                         1           0  0.11s           2025-03-18T10:55:49                      12
/usr/local/python/3.12.1/lib/python3.12/site-packages/airflow/example_dags/example_short_circuit_operator.py                                                    1           0  0.11s           2025-03-18T10:56:01                      10
/usr/local/python/3.12.1/lib/python3.12/site-packages/airflow/example_dags/example_trigger_target_dag.py                                                        1           0  0.11s           2025-03-18T10:55:48                      10
/usr/local/python/3.12.1/lib/python3.12/site-packages/airflow/example_dags/tutorial_taskflow_api_virtualenv.py                                                  1           0  0.11s           2025-03-18T10:55:44                      10
/usr/local/python/3.12.1/lib/python3.12/site-packages/airflow/example_dags/example_short_circuit_decorator.py                                                   1           0  0.10s           2025-03-18T10:56:06                      10
/usr/local/python/3.12.1/lib/python3.12/site-packages/airflow/example_dags/example_bash_decorator.py                                                            1           0  0.10s           2025-03-18T10:56:00                      10
================================================================================
[2025-03-18T10:57:02.203+0000] {manager.py:997} INFO - 
================================================================================
DAG File Processing Stats

File Path                                                                                                                              PID    Runtime      # DAGs    # Errors  Last Runtime    Last Run               Last # of DB Queries
-------------------------------------------------------------------------------------------------------------------------------------  -----  ---------  --------  ----------  --------------  -------------------  ----------------------
/usr/local/python/3.12.1/lib/python3.12/site-packages/airflow/example_dags/example_dag_decorator.py                                                             1           0  0.21s           2025-03-18T10:55:59                      32
/usr/local/python/3.12.1/lib/python3.12/site-packages/airflow/example_dags/example_outlet_event_extra.py                                                        3           0  0.11s           2025-03-18T10:57:01                      19
/usr/local/python/3.12.1/lib/python3.12/site-packages/airflow/example_dags/example_short_circuit_decorator.py                                                   1           0  0.11s           2025-03-18T10:56:56                      10
/usr/local/python/3.12.1/lib/python3.12/site-packages/airflow/example_dags/example_time_delta_sensor_async.py                                                   1           0  0.11s           2025-03-18T10:56:43                      10
/usr/local/python/3.12.1/lib/python3.12/site-packages/airflow/example_dags/example_external_task_marker_dag.py                                                  2           0  0.11s           2025-03-18T10:56:21                      13
/usr/local/python/3.12.1/lib/python3.12/site-packages/airflow/example_dags/example_branch_operator_decorator.py                                                 1           0  0.11s           2025-03-18T10:55:58                      12
/usr/local/python/3.12.1/lib/python3.12/site-packages/airflow/example_dags/example_branch_operator.py                                                           1           0  0.11s           2025-03-18T10:56:50                      12
/usr/local/python/3.12.1/lib/python3.12/site-packages/airflow/example_dags/example_display_name.py                                                              1           0  0.11s           2025-03-18T10:56:22                      10
/usr/local/python/3.12.1/lib/python3.12/site-packages/airflow/example_dags/example_dynamic_task_mapping_with_no_taskflow_operators.py                           1           0  0.11s           2025-03-18T10:56:23                      10
/usr/local/python/3.12.1/lib/python3.12/site-packages/airflow/example_dags/example_xcomargs.py                                                                  2           0  0.11s           2025-03-18T10:56:42                      13
/usr/local/python/3.12.1/lib/python3.12/site-packages/airflow/example_dags/example_branch_python_dop_operator_3.py                                              1           0  0.11s           2025-03-18T10:56:00                      12
/usr/local/python/3.12.1/lib/python3.12/site-packages/airflow/example_dags/example_trigger_target_dag.py                                                        1           0  0.11s           2025-03-18T10:56:38                      10
/usr/local/python/3.12.1/lib/python3.12/site-packages/airflow/example_dags/example_latest_only_with_trigger.py                                                  1           0  0.11s           2025-03-18T10:56:16                      12
/usr/local/python/3.12.1/lib/python3.12/site-packages/airflow/example_dags/tutorial_taskflow_api.py                                                             1           0  0.11s           2025-03-18T10:56:32                      10
/usr/local/python/3.12.1/lib/python3.12/site-packages/airflow/example_dags/example_dataset_alias_with_no_taskflow.py                                            4           0  0.11s           2025-03-18T10:56:47                      27
/usr/local/python/3.12.1/lib/python3.12/site-packages/airflow/example_dags/example_dataset_alias.py                                                             4           0  0.11s           2025-03-18T10:56:24                      27
/usr/local/python/3.12.1/lib/python3.12/site-packages/airflow/example_dags/plugins/listener_plugin.py                                                           0           0  0.11s           2025-03-18T10:56:29                       3
/usr/local/python/3.12.1/lib/python3.12/site-packages/airflow/example_dags/tutorial.py                                                                          1           0  0.11s           2025-03-18T10:56:41                      12
/usr/local/python/3.12.1/lib/python3.12/site-packages/airflow/example_dags/example_sla_dag.py                                                                   1           0  0.11s           2025-03-18T10:56:45                      12
/usr/local/python/3.12.1/lib/python3.12/site-packages/airflow/example_dags/subdags/subdag.py                                                                    0           0  0.11s           2025-03-18T10:56:28                       3
/usr/local/python/3.12.1/lib/python3.12/site-packages/airflow/example_dags/example_branch_labels.py                                                             1           0  0.11s           2025-03-18T10:56:51                      12
/usr/local/python/3.12.1/lib/python3.12/site-packages/airflow/example_dags/example_sensors.py                                                                   1           0  0.11s           2025-03-18T10:56:56                      10
/usr/local/python/3.12.1/lib/python3.12/site-packages/airflow/example_dags/example_setup_teardown_taskflow.py                                                   1           0  0.11s           2025-03-18T10:56:58                      10
/usr/local/python/3.12.1/lib/python3.12/site-packages/airflow/example_dags/example_sensor_decorator.py                                                          1           0  0.11s           2025-03-18T10:56:55                      10
/usr/local/python/3.12.1/lib/python3.12/site-packages/airflow/example_dags/tutorial_taskflow_api_virtualenv.py                                                  1           0  0.11s           2025-03-18T10:56:33                      10
/usr/local/python/3.12.1/lib/python3.12/site-packages/airflow/example_dags/example_params_ui_tutorial.py                                                        1           0  0.11s           2025-03-18T10:57:02                      10
/usr/local/python/3.12.1/lib/python3.12/site-packages/airflow/example_dags/example_trigger_controller_dag.py                                                    1           0  0.11s           2025-03-18T10:56:40                      12
/usr/local/python/3.12.1/lib/python3.12/site-packages/airflow/example_dags/plugins/event_listener.py                                                            0           0  0.11s           2025-03-18T10:56:31                       3
/usr/local/python/3.12.1/lib/python3.12/site-packages/airflow/example_dags/example_subdag_operator.py                                                           3           0  0.11s           2025-03-18T10:56:54                      20
/usr/local/python/3.12.1/lib/python3.12/site-packages/airflow/example_dags/plugins/decreasing_priority_weight_strategy.py                                       0           0  0.11s           2025-03-18T10:56:31                       3
/usr/local/python/3.12.1/lib/python3.12/site-packages/airflow/example_dags/example_setup_teardown.py                                                            1           0  0.11s           2025-03-18T10:56:57                      10
/usr/local/python/3.12.1/lib/python3.12/site-packages/airflow/example_dags/example_bash_operator.py                                                             1           0  0.11s           2025-03-18T10:56:27                      12
/usr/local/python/3.12.1/lib/python3.12/site-packages/airflow/example_dags/example_python_operator.py                                                           1           0  0.11s           2025-03-18T10:57:00                      10
/usr/local/python/3.12.1/lib/python3.12/site-packages/airflow/example_dags/example_complex.py                                                                   1           0  0.11s           2025-03-18T10:56:49                      10
/usr/local/python/3.12.1/lib/python3.12/site-packages/airflow/example_dags/example_xcom.py                                                                      1           0  0.11s           2025-03-18T10:56:37                      12
/usr/local/python/3.12.1/lib/python3.12/site-packages/airflow/example_dags/example_kubernetes_executor.py                                                       0           0  0.11s           2025-03-18T10:56:17                       3
/usr/local/python/3.12.1/lib/python3.12/site-packages/airflow/example_dags/example_latest_only.py                                                               1           0  0.11s           2025-03-18T10:56:15                      12
/usr/local/python/3.12.1/lib/python3.12/site-packages/airflow/example_dags/tutorial_dag.py                                                                      1           0  0.11s           2025-03-18T10:56:34                      10
/usr/local/python/3.12.1/lib/python3.12/site-packages/airflow/example_dags/example_nested_branch_dag.py                                                         1           0  0.11s           2025-03-18T10:56:20                      12
/usr/local/python/3.12.1/lib/python3.12/site-packages/airflow/example_dags/plugins/workday.py                                                                   0           0  0.11s           2025-03-18T10:56:30                       3
/usr/local/python/3.12.1/lib/python3.12/site-packages/airflow/example_dags/example_local_kubernetes_executor.py                                                 0           0  0.11s           2025-03-18T10:56:20                       3
/usr/local/python/3.12.1/lib/python3.12/site-packages/airflow/example_dags/example_skip_dag.py                                                                  1           0  0.11s           2025-03-18T10:56:46                      12
/usr/local/python/3.12.1/lib/python3.12/site-packages/airflow/example_dags/example_branch_day_of_week_operator.py                                               1           0  0.11s           2025-03-18T10:56:25                      12
/usr/local/python/3.12.1/lib/python3.12/site-packages/airflow/example_dags/example_inlet_event_extra.py                                                         2           0  0.11s           2025-03-18T10:56:19                      15
/usr/local/python/3.12.1/lib/python3.12/site-packages/airflow/example_dags/example_short_circuit_operator.py                                                    1           0  0.11s           2025-03-18T10:56:52                      10
/usr/local/python/3.12.1/lib/python3.12/site-packages/airflow/example_dags/example_datasets.py                                                                 10           0  0.11s           2025-03-18T10:56:48                      49
/usr/local/python/3.12.1/lib/python3.12/site-packages/airflow/example_dags/example_task_group.py                                                                1           0  0.11s           2025-03-18T10:56:52                      10
/usr/local/python/3.12.1/lib/python3.12/site-packages/airflow/example_dags/example_dynamic_task_mapping.py                                                      1           0  0.11s           2025-03-18T10:56:46                      10
/usr/local/python/3.12.1/lib/python3.12/site-packages/airflow/example_dags/tutorial_objectstorage.py                                                            1           0  0.11s           2025-03-18T10:56:36                      10
/usr/local/python/3.12.1/lib/python3.12/site-packages/airflow/example_dags/example_branch_datetime_operator.py                                                  3           0  0.11s           2025-03-18T10:56:00                      18
/usr/local/python/3.12.1/lib/python3.12/site-packages/airflow/example_dags/example_workday_timetable.py                                                         1           0  0.11s           2025-03-18T10:56:39                      12
/usr/local/python/3.12.1/lib/python3.12/site-packages/airflow/example_dags/example_python_decorator.py                                                          1           0  0.10s           2025-03-18T10:57:00                      10
/usr/local/python/3.12.1/lib/python3.12/site-packages/airflow/example_dags/tutorial_taskflow_templates.py                                                       1           0  0.10s           2025-03-18T10:56:36                      12
/usr/local/python/3.12.1/lib/python3.12/site-packages/airflow/example_dags/example_task_group_decorator.py                                                      1           0  0.10s           2025-03-18T10:56:42                      10
/usr/local/python/3.12.1/lib/python3.12/site-packages/airflow/example_dags/example_bash_decorator.py                                                            1           0  0.10s           2025-03-18T10:56:00                      10
/usr/local/python/3.12.1/lib/python3.12/site-packages/airflow/example_dags/example_passing_params_via_test_command.py                                           1           0  0.10s           2025-03-18T10:57:00                      12
/usr/local/python/3.12.1/lib/python3.12/site-packages/airflow/example_dags/example_params_trigger_ui.py                                                         1           0  0.10s           2025-03-18T10:57:00                      10
================================================================================
[2025-03-18T10:57:32.492+0000] {manager.py:997} INFO - 
================================================================================
DAG File Processing Stats

File Path                                                                                                                              PID    Runtime      # DAGs    # Errors  Last Runtime    Last Run               Last # of DB Queries
-------------------------------------------------------------------------------------------------------------------------------------  -----  ---------  --------  ----------  --------------  -------------------  ----------------------
/usr/local/python/3.12.1/lib/python3.12/site-packages/airflow/example_dags/example_dag_decorator.py                                                             1           0  0.21s           2025-03-18T10:57:12                      32
/usr/local/python/3.12.1/lib/python3.12/site-packages/airflow/example_dags/example_outlet_event_extra.py                                                        3           0  0.11s           2025-03-18T10:57:01                      19
/usr/local/python/3.12.1/lib/python3.12/site-packages/airflow/example_dags/example_branch_datetime_operator.py                                                  3           0  0.11s           2025-03-18T10:57:14                      18
/usr/local/python/3.12.1/lib/python3.12/site-packages/airflow/example_dags/example_latest_only.py                                                               1           0  0.11s           2025-03-18T10:57:03                      12
/usr/local/python/3.12.1/lib/python3.12/site-packages/airflow/example_dags/plugins/listener_plugin.py                                                           0           0  0.11s           2025-03-18T10:57:17                       3
/usr/local/python/3.12.1/lib/python3.12/site-packages/airflow/example_dags/example_xcomargs.py                                                                  2           0  0.11s           2025-03-18T10:57:32                      13
/usr/local/python/3.12.1/lib/python3.12/site-packages/airflow/example_dags/plugins/decreasing_priority_weight_strategy.py                                       0           0  0.11s           2025-03-18T10:57:20                       3
/usr/local/python/3.12.1/lib/python3.12/site-packages/airflow/example_dags/example_short_circuit_decorator.py                                                   1           0  0.11s           2025-03-18T10:56:56                      10
/usr/local/python/3.12.1/lib/python3.12/site-packages/airflow/example_dags/example_time_delta_sensor_async.py                                                   1           0  0.11s           2025-03-18T10:56:43                      10
/usr/local/python/3.12.1/lib/python3.12/site-packages/airflow/example_dags/example_trigger_controller_dag.py                                                    1           0  0.11s           2025-03-18T10:57:29                      12
/usr/local/python/3.12.1/lib/python3.12/site-packages/airflow/example_dags/plugins/workday.py                                                                   0           0  0.11s           2025-03-18T10:57:18                       3
/usr/local/python/3.12.1/lib/python3.12/site-packages/airflow/example_dags/example_branch_operator.py                                                           1           0  0.11s           2025-03-18T10:56:50                      12
/usr/local/python/3.12.1/lib/python3.12/site-packages/airflow/example_dags/example_bash_decorator.py                                                            1           0  0.11s           2025-03-18T10:57:15                      10
/usr/local/python/3.12.1/lib/python3.12/site-packages/airflow/example_dags/example_dynamic_task_mapping_with_no_taskflow_operators.py                           1           0  0.11s           2025-03-18T10:56:23                      10
/usr/local/python/3.12.1/lib/python3.12/site-packages/airflow/example_dags/example_task_group_decorator.py                                                      1           0  0.11s           2025-03-18T10:57:32                      10
/usr/local/python/3.12.1/lib/python3.12/site-packages/airflow/example_dags/example_branch_operator_decorator.py                                                 1           0  0.11s           2025-03-18T10:57:11                      12
/usr/local/python/3.12.1/lib/python3.12/site-packages/airflow/example_dags/subdags/subdag.py                                                                    0           0  0.11s           2025-03-18T10:57:16                       3
/usr/local/python/3.12.1/lib/python3.12/site-packages/airflow/example_dags/tutorial_objectstorage.py                                                            1           0  0.11s           2025-03-18T10:57:24                      10
/usr/local/python/3.12.1/lib/python3.12/site-packages/airflow/example_dags/example_dataset_alias_with_no_taskflow.py                                            4           0  0.11s           2025-03-18T10:56:47                      27
/usr/local/python/3.12.1/lib/python3.12/site-packages/airflow/example_dags/example_dataset_alias.py                                                             4           0  0.11s           2025-03-18T10:56:24                      27
/usr/local/python/3.12.1/lib/python3.12/site-packages/airflow/example_dags/example_sla_dag.py                                                                   1           0  0.11s           2025-03-18T10:56:45                      12
/usr/local/python/3.12.1/lib/python3.12/site-packages/airflow/example_dags/example_workday_timetable.py                                                         1           0  0.11s           2025-03-18T10:57:28                      12
/usr/local/python/3.12.1/lib/python3.12/site-packages/airflow/example_dags/example_branch_labels.py                                                             1           0  0.11s           2025-03-18T10:56:51                      12
/usr/local/python/3.12.1/lib/python3.12/site-packages/airflow/example_dags/example_sensors.py                                                                   1           0  0.11s           2025-03-18T10:56:56                      10
/usr/local/python/3.12.1/lib/python3.12/site-packages/airflow/example_dags/example_local_kubernetes_executor.py                                                 0           0  0.11s           2025-03-18T10:57:08                       3
/usr/local/python/3.12.1/lib/python3.12/site-packages/airflow/example_dags/example_setup_teardown_taskflow.py                                                   1           0  0.11s           2025-03-18T10:56:58                      10
/usr/local/python/3.12.1/lib/python3.12/site-packages/airflow/example_dags/example_sensor_decorator.py                                                          1           0  0.11s           2025-03-18T10:56:55                      10
/usr/local/python/3.12.1/lib/python3.12/site-packages/airflow/example_dags/tutorial_taskflow_api.py                                                             1           0  0.11s           2025-03-18T10:57:21                      10
/usr/local/python/3.12.1/lib/python3.12/site-packages/airflow/example_dags/example_params_ui_tutorial.py                                                        1           0  0.11s           2025-03-18T10:57:02                      10
/usr/local/python/3.12.1/lib/python3.12/site-packages/airflow/example_dags/example_kubernetes_executor.py                                                       0           0  0.11s           2025-03-18T10:57:05                       3
/usr/local/python/3.12.1/lib/python3.12/site-packages/airflow/example_dags/example_display_name.py                                                              1           0  0.11s           2025-03-18T10:57:10                      10
/usr/local/python/3.12.1/lib/python3.12/site-packages/airflow/example_dags/example_external_task_marker_dag.py                                                  2           0  0.11s           2025-03-18T10:57:09                      13
/usr/local/python/3.12.1/lib/python3.12/site-packages/airflow/example_dags/tutorial_dag.py                                                                      1           0  0.11s           2025-03-18T10:57:23                      10
/usr/local/python/3.12.1/lib/python3.12/site-packages/airflow/example_dags/tutorial_taskflow_api_virtualenv.py                                                  1           0  0.11s           2025-03-18T10:57:22                      10
/usr/local/python/3.12.1/lib/python3.12/site-packages/airflow/example_dags/tutorial_taskflow_templates.py                                                       1           0  0.11s           2025-03-18T10:57:25                      12
/usr/local/python/3.12.1/lib/python3.12/site-packages/airflow/example_dags/example_subdag_operator.py                                                           3           0  0.11s           2025-03-18T10:56:54                      20
/usr/local/python/3.12.1/lib/python3.12/site-packages/airflow/example_dags/example_setup_teardown.py                                                            1           0  0.11s           2025-03-18T10:56:57                      10
/usr/local/python/3.12.1/lib/python3.12/site-packages/airflow/example_dags/example_bash_operator.py                                                             1           0  0.11s           2025-03-18T10:56:27                      12
/usr/local/python/3.12.1/lib/python3.12/site-packages/airflow/example_dags/example_python_operator.py                                                           1           0  0.11s           2025-03-18T10:57:00                      10
/usr/local/python/3.12.1/lib/python3.12/site-packages/airflow/example_dags/example_complex.py                                                                   1           0  0.11s           2025-03-18T10:56:49                      10
/usr/local/python/3.12.1/lib/python3.12/site-packages/airflow/example_dags/example_branch_python_dop_operator_3.py                                              1           0  0.11s           2025-03-18T10:57:13                      12
/usr/local/python/3.12.1/lib/python3.12/site-packages/airflow/example_dags/example_skip_dag.py                                                                  1           0  0.11s           2025-03-18T10:56:46                      12
/usr/local/python/3.12.1/lib/python3.12/site-packages/airflow/example_dags/example_trigger_target_dag.py                                                        1           0  0.11s           2025-03-18T10:57:27                      10
/usr/local/python/3.12.1/lib/python3.12/site-packages/airflow/example_dags/example_branch_day_of_week_operator.py                                               1           0  0.11s           2025-03-18T10:56:25                      12
/usr/local/python/3.12.1/lib/python3.12/site-packages/airflow/example_dags/example_short_circuit_operator.py                                                    1           0  0.11s           2025-03-18T10:56:52                      10
/usr/local/python/3.12.1/lib/python3.12/site-packages/airflow/example_dags/example_datasets.py                                                                 10           0  0.11s           2025-03-18T10:56:48                      49
/usr/local/python/3.12.1/lib/python3.12/site-packages/airflow/example_dags/example_nested_branch_dag.py                                                         1           0  0.11s           2025-03-18T10:57:06                      12
/usr/local/python/3.12.1/lib/python3.12/site-packages/airflow/example_dags/example_task_group.py                                                                1           0  0.11s           2025-03-18T10:56:52                      10
/usr/local/python/3.12.1/lib/python3.12/site-packages/airflow/example_dags/example_xcom.py                                                                      1           0  0.11s           2025-03-18T10:57:26                      12
/usr/local/python/3.12.1/lib/python3.12/site-packages/airflow/example_dags/example_dynamic_task_mapping.py                                                      1           0  0.11s           2025-03-18T10:56:46                      10
/usr/local/python/3.12.1/lib/python3.12/site-packages/airflow/example_dags/tutorial.py                                                                          1           0  0.11s           2025-03-18T10:57:31                      12
/usr/local/python/3.12.1/lib/python3.12/site-packages/airflow/example_dags/example_latest_only_with_trigger.py                                                  1           0  0.11s           2025-03-18T10:57:04                      12
/usr/local/python/3.12.1/lib/python3.12/site-packages/airflow/example_dags/plugins/event_listener.py                                                            0           0  0.11s           2025-03-18T10:57:19                       3
/usr/local/python/3.12.1/lib/python3.12/site-packages/airflow/example_dags/example_inlet_event_extra.py                                                         2           0  0.11s           2025-03-18T10:57:06                      15
/usr/local/python/3.12.1/lib/python3.12/site-packages/airflow/example_dags/example_python_decorator.py                                                          1           0  0.10s           2025-03-18T10:57:00                      10
/usr/local/python/3.12.1/lib/python3.12/site-packages/airflow/example_dags/example_passing_params_via_test_command.py                                           1           0  0.10s           2025-03-18T10:57:00                      12
/usr/local/python/3.12.1/lib/python3.12/site-packages/airflow/example_dags/example_params_trigger_ui.py                                                         1           0  0.10s           2025-03-18T10:57:00                      10
================================================================================
[2025-03-18T10:58:00.529+0000] {manager.py:821} INFO - Searching for files in /workspaces/Data-Management-for-ML/airflow/dags
[2025-03-18T10:58:00.543+0000] {manager.py:824} INFO - There are 57 files in /workspaces/Data-Management-for-ML/airflow/dags
[2025-03-18T10:58:02.769+0000] {manager.py:997} INFO - 
================================================================================
DAG File Processing Stats

File Path                                                                                                                              PID    Runtime      # DAGs    # Errors  Last Runtime    Last Run               Last # of DB Queries
-------------------------------------------------------------------------------------------------------------------------------------  -----  ---------  --------  ----------  --------------  -------------------  ----------------------
/usr/local/python/3.12.1/lib/python3.12/site-packages/airflow/example_dags/example_dag_decorator.py                                                             1           0  0.21s           2025-03-18T10:57:12                      32
/usr/local/python/3.12.1/lib/python3.12/site-packages/airflow/example_dags/example_external_task_marker_dag.py                                                  2           0  0.11s           2025-03-18T10:57:59                      13
/usr/local/python/3.12.1/lib/python3.12/site-packages/airflow/example_dags/example_branch_datetime_operator.py                                                  3           0  0.11s           2025-03-18T10:57:14                      18
/usr/local/python/3.12.1/lib/python3.12/site-packages/airflow/example_dags/plugins/listener_plugin.py                                                           0           0  0.11s           2025-03-18T10:57:17                       3
/usr/local/python/3.12.1/lib/python3.12/site-packages/airflow/example_dags/example_xcomargs.py                                                                  2           0  0.11s           2025-03-18T10:57:32                      13
/usr/local/python/3.12.1/lib/python3.12/site-packages/airflow/example_dags/example_dynamic_task_mapping.py                                                      1           0  0.11s           2025-03-18T10:57:37                      10
/usr/local/python/3.12.1/lib/python3.12/site-packages/airflow/example_dags/plugins/decreasing_priority_weight_strategy.py                                       0           0  0.11s           2025-03-18T10:57:20                       3
/usr/local/python/3.12.1/lib/python3.12/site-packages/airflow/example_dags/example_subdag_operator.py                                                           3           0  0.11s           2025-03-18T10:57:43                      20
/usr/local/python/3.12.1/lib/python3.12/site-packages/airflow/example_dags/example_python_operator.py                                                           1           0  0.11s           2025-03-18T10:57:48                      10
/usr/local/python/3.12.1/lib/python3.12/site-packages/airflow/example_dags/example_trigger_controller_dag.py                                                    1           0  0.11s           2025-03-18T10:57:29                      12
/usr/local/python/3.12.1/lib/python3.12/site-packages/airflow/example_dags/example_python_decorator.py                                                          1           0  0.11s           2025-03-18T10:57:49                      10
/usr/local/python/3.12.1/lib/python3.12/site-packages/airflow/example_dags/plugins/workday.py                                                                   0           0  0.11s           2025-03-18T10:57:18                       3
/usr/local/python/3.12.1/lib/python3.12/site-packages/airflow/example_dags/example_branch_operator.py                                                           1           0  0.11s           2025-03-18T10:56:50                      12
/usr/local/python/3.12.1/lib/python3.12/site-packages/airflow/example_dags/example_bash_decorator.py                                                            1           0  0.11s           2025-03-18T10:57:15                      10
/usr/local/python/3.12.1/lib/python3.12/site-packages/airflow/example_dags/example_setup_teardown_taskflow.py                                                   1           0  0.11s           2025-03-18T10:57:47                      10
/usr/local/python/3.12.1/lib/python3.12/site-packages/airflow/example_dags/example_task_group_decorator.py                                                      1           0  0.11s           2025-03-18T10:57:32                      10
/usr/local/python/3.12.1/lib/python3.12/site-packages/airflow/example_dags/example_branch_operator_decorator.py                                                 1           0  0.11s           2025-03-18T10:57:11                      12
/usr/local/python/3.12.1/lib/python3.12/site-packages/airflow/example_dags/example_complex.py                                                                   1           0  0.11s           2025-03-18T10:58:02                      10
/usr/local/python/3.12.1/lib/python3.12/site-packages/airflow/example_dags/example_branch_day_of_week_operator.py                                               1           0  0.11s           2025-03-18T10:57:39                      12
/usr/local/python/3.12.1/lib/python3.12/site-packages/airflow/example_dags/example_outlet_event_extra.py                                                        3           0  0.11s           2025-03-18T10:57:52                      19
/usr/local/python/3.12.1/lib/python3.12/site-packages/airflow/example_dags/subdags/subdag.py                                                                    0           0  0.11s           2025-03-18T10:57:16                       3
/usr/local/python/3.12.1/lib/python3.12/site-packages/airflow/example_dags/tutorial_objectstorage.py                                                            1           0  0.11s           2025-03-18T10:57:24                      10
/usr/local/python/3.12.1/lib/python3.12/site-packages/airflow/example_dags/example_params_ui_tutorial.py                                                        1           0  0.11s           2025-03-18T10:57:53                      10
/usr/local/python/3.12.1/lib/python3.12/site-packages/airflow/example_dags/example_nested_branch_dag.py                                                         1           0  0.11s           2025-03-18T10:57:58                      12
/usr/local/python/3.12.1/lib/python3.12/site-packages/airflow/example_dags/example_short_circuit_operator.py                                                    1           0  0.11s           2025-03-18T10:57:41                      10
/usr/local/python/3.12.1/lib/python3.12/site-packages/airflow/example_dags/example_display_name.py                                                              1           0  0.11s           2025-03-18T10:58:00                      10
/usr/local/python/3.12.1/lib/python3.12/site-packages/airflow/example_dags/example_latest_only_with_trigger.py                                                  1           0  0.11s           2025-03-18T10:57:54                      12
/usr/local/python/3.12.1/lib/python3.12/site-packages/airflow/example_dags/example_dataset_alias.py                                                             4           0  0.11s           2025-03-18T10:57:36                      27
/usr/local/python/3.12.1/lib/python3.12/site-packages/airflow/example_dags/example_workday_timetable.py                                                         1           0  0.11s           2025-03-18T10:57:28                      12
/usr/local/python/3.12.1/lib/python3.12/site-packages/airflow/example_dags/example_sla_dag.py                                                                   1           0  0.11s           2025-03-18T10:57:33                      12
/usr/local/python/3.12.1/lib/python3.12/site-packages/airflow/example_dags/example_branch_labels.py                                                             1           0  0.11s           2025-03-18T10:56:51                      12
/usr/local/python/3.12.1/lib/python3.12/site-packages/airflow/example_dags/example_sensor_decorator.py                                                          1           0  0.11s           2025-03-18T10:57:43                      10
/usr/local/python/3.12.1/lib/python3.12/site-packages/airflow/example_dags/example_params_trigger_ui.py                                                         1           0  0.11s           2025-03-18T10:57:50                      10
/usr/local/python/3.12.1/lib/python3.12/site-packages/airflow/example_dags/tutorial_taskflow_api.py                                                             1           0  0.11s           2025-03-18T10:57:21                      10
/usr/local/python/3.12.1/lib/python3.12/site-packages/airflow/example_dags/example_dataset_alias_with_no_taskflow.py                                            4           0  0.11s           2025-03-18T10:58:00                      27
/usr/local/python/3.12.1/lib/python3.12/site-packages/airflow/example_dags/tutorial_dag.py                                                                      1           0  0.11s           2025-03-18T10:57:23                      10
/usr/local/python/3.12.1/lib/python3.12/site-packages/airflow/example_dags/tutorial_taskflow_api_virtualenv.py                                                  1           0  0.11s           2025-03-18T10:57:22                      10
/usr/local/python/3.12.1/lib/python3.12/site-packages/airflow/example_dags/tutorial_taskflow_templates.py                                                       1           0  0.11s           2025-03-18T10:57:25                      12
/usr/local/python/3.12.1/lib/python3.12/site-packages/airflow/example_dags/example_skip_dag.py                                                                  1           0  0.11s           2025-03-18T10:57:34                      12
/usr/local/python/3.12.1/lib/python3.12/site-packages/airflow/example_dags/example_kubernetes_executor.py                                                       0           0  0.11s           2025-03-18T10:57:55                       3
/usr/local/python/3.12.1/lib/python3.12/site-packages/airflow/example_dags/example_datasets.py                                                                 10           0  0.11s           2025-03-18T10:58:01                      49
/usr/local/python/3.12.1/lib/python3.12/site-packages/airflow/example_dags/example_branch_python_dop_operator_3.py                                              1           0  0.11s           2025-03-18T10:57:13                      12
/usr/local/python/3.12.1/lib/python3.12/site-packages/airflow/example_dags/example_sensors.py                                                                   1           0  0.11s           2025-03-18T10:57:44                      10
/usr/local/python/3.12.1/lib/python3.12/site-packages/airflow/example_dags/example_dynamic_task_mapping_with_no_taskflow_operators.py                           1           0  0.11s           2025-03-18T10:57:35                      10
/usr/local/python/3.12.1/lib/python3.12/site-packages/airflow/example_dags/example_task_group.py                                                                1           0  0.11s           2025-03-18T10:57:42                      10
/usr/local/python/3.12.1/lib/python3.12/site-packages/airflow/example_dags/example_short_circuit_decorator.py                                                   1           0  0.11s           2025-03-18T10:57:45                      10
/usr/local/python/3.12.1/lib/python3.12/site-packages/airflow/example_dags/example_bash_operator.py                                                             1           0  0.11s           2025-03-18T10:57:40                      12
/usr/local/python/3.12.1/lib/python3.12/site-packages/airflow/example_dags/example_trigger_target_dag.py                                                        1           0  0.11s           2025-03-18T10:57:27                      10
/usr/local/python/3.12.1/lib/python3.12/site-packages/airflow/example_dags/example_latest_only.py                                                               1           0  0.11s           2025-03-18T10:57:53                      12
/usr/local/python/3.12.1/lib/python3.12/site-packages/airflow/example_dags/example_passing_params_via_test_command.py                                           1           0  0.11s           2025-03-18T10:57:51                      12
/usr/local/python/3.12.1/lib/python3.12/site-packages/airflow/example_dags/example_xcom.py                                                                      1           0  0.11s           2025-03-18T10:57:26                      12
/usr/local/python/3.12.1/lib/python3.12/site-packages/airflow/example_dags/tutorial.py                                                                          1           0  0.11s           2025-03-18T10:57:31                      12
/usr/local/python/3.12.1/lib/python3.12/site-packages/airflow/example_dags/example_inlet_event_extra.py                                                         2           0  0.11s           2025-03-18T10:57:57                      15
/usr/local/python/3.12.1/lib/python3.12/site-packages/airflow/example_dags/example_local_kubernetes_executor.py                                                 0           0  0.11s           2025-03-18T10:57:58                       3
/usr/local/python/3.12.1/lib/python3.12/site-packages/airflow/example_dags/example_setup_teardown.py                                                            1           0  0.11s           2025-03-18T10:57:46                      10
/usr/local/python/3.12.1/lib/python3.12/site-packages/airflow/example_dags/plugins/event_listener.py                                                            0           0  0.11s           2025-03-18T10:57:19                       3
/usr/local/python/3.12.1/lib/python3.12/site-packages/airflow/example_dags/example_time_delta_sensor_async.py                                                   1           0  0.10s           2025-03-18T10:57:32                      10
================================================================================
[2025-03-18T10:58:33.044+0000] {manager.py:997} INFO - 
================================================================================
DAG File Processing Stats

File Path                                                                                                                              PID    Runtime      # DAGs    # Errors  Last Runtime    Last Run               Last # of DB Queries
-------------------------------------------------------------------------------------------------------------------------------------  -----  ---------  --------  ----------  --------------  -------------------  ----------------------
/usr/local/python/3.12.1/lib/python3.12/site-packages/airflow/example_dags/example_dag_decorator.py                                                             1           0  0.21s           2025-03-18T10:58:26                      32
/usr/local/python/3.12.1/lib/python3.12/site-packages/airflow/example_dags/example_external_task_marker_dag.py                                                  2           0  0.11s           2025-03-18T10:57:59                      13
/usr/local/python/3.12.1/lib/python3.12/site-packages/airflow/example_dags/example_dynamic_task_mapping.py                                                      1           0  0.11s           2025-03-18T10:57:37                      10
/usr/local/python/3.12.1/lib/python3.12/site-packages/airflow/example_dags/tutorial_taskflow_api.py                                                             1           0  0.11s           2025-03-18T10:58:09                      10
/usr/local/python/3.12.1/lib/python3.12/site-packages/airflow/example_dags/example_python_operator.py                                                           1           0  0.11s           2025-03-18T10:57:48                      10
/usr/local/python/3.12.1/lib/python3.12/site-packages/airflow/example_dags/example_python_decorator.py                                                          1           0  0.11s           2025-03-18T10:57:49                      10
/usr/local/python/3.12.1/lib/python3.12/site-packages/airflow/example_dags/example_workday_timetable.py                                                         1           0  0.11s           2025-03-18T10:58:17                      12
/usr/local/python/3.12.1/lib/python3.12/site-packages/airflow/example_dags/example_bash_decorator.py                                                            1           0  0.11s           2025-03-18T10:58:29                      10
/usr/local/python/3.12.1/lib/python3.12/site-packages/airflow/example_dags/example_setup_teardown_taskflow.py                                                   1           0  0.11s           2025-03-18T10:57:47                      10
/usr/local/python/3.12.1/lib/python3.12/site-packages/airflow/example_dags/plugins/event_listener.py                                                            0           0  0.11s           2025-03-18T10:58:08                       3
/usr/local/python/3.12.1/lib/python3.12/site-packages/airflow/example_dags/example_complex.py                                                                   1           0  0.11s           2025-03-18T10:58:02                      10
/usr/local/python/3.12.1/lib/python3.12/site-packages/airflow/example_dags/example_branch_labels.py                                                             1           0  0.11s           2025-03-18T10:58:03                      12
/usr/local/python/3.12.1/lib/python3.12/site-packages/airflow/example_dags/example_branch_day_of_week_operator.py                                               1           0  0.11s           2025-03-18T10:57:39                      12
/usr/local/python/3.12.1/lib/python3.12/site-packages/airflow/example_dags/example_task_group.py                                                                1           0  0.11s           2025-03-18T10:58:31                      10
/usr/local/python/3.12.1/lib/python3.12/site-packages/airflow/example_dags/example_outlet_event_extra.py                                                        3           0  0.11s           2025-03-18T10:57:52                      19
/usr/local/python/3.12.1/lib/python3.12/site-packages/airflow/example_dags/tutorial.py                                                                          1           0  0.11s           2025-03-18T10:58:19                      12
/usr/local/python/3.12.1/lib/python3.12/site-packages/airflow/example_dags/example_branch_datetime_operator.py                                                  3           0  0.11s           2025-03-18T10:58:28                      18
/usr/local/python/3.12.1/lib/python3.12/site-packages/airflow/example_dags/example_params_ui_tutorial.py                                                        1           0  0.11s           2025-03-18T10:57:53                      10
/usr/local/python/3.12.1/lib/python3.12/site-packages/airflow/example_dags/example_nested_branch_dag.py                                                         1           0  0.11s           2025-03-18T10:57:58                      12
/usr/local/python/3.12.1/lib/python3.12/site-packages/airflow/example_dags/example_display_name.py                                                              1           0  0.11s           2025-03-18T10:58:00                      10
/usr/local/python/3.12.1/lib/python3.12/site-packages/airflow/example_dags/example_skip_dag.py                                                                  1           0  0.11s           2025-03-18T10:58:24                      12
/usr/local/python/3.12.1/lib/python3.12/site-packages/airflow/example_dags/tutorial_objectstorage.py                                                            1           0  0.11s           2025-03-18T10:58:13                      10
/usr/local/python/3.12.1/lib/python3.12/site-packages/airflow/example_dags/example_branch_operator.py                                                           1           0  0.11s           2025-03-18T10:58:03                      12
/usr/local/python/3.12.1/lib/python3.12/site-packages/airflow/example_dags/example_latest_only_with_trigger.py                                                  1           0  0.11s           2025-03-18T10:57:54                      12
/usr/local/python/3.12.1/lib/python3.12/site-packages/airflow/example_dags/example_dataset_alias.py                                                             4           0  0.11s           2025-03-18T10:57:36                      27
/usr/local/python/3.12.1/lib/python3.12/site-packages/airflow/example_dags/example_sensor_decorator.py                                                          1           0  0.11s           2025-03-18T10:58:33                      10
/usr/local/python/3.12.1/lib/python3.12/site-packages/airflow/example_dags/example_sla_dag.py                                                                   1           0  0.11s           2025-03-18T10:58:23                      12
/usr/local/python/3.12.1/lib/python3.12/site-packages/airflow/example_dags/example_params_trigger_ui.py                                                         1           0  0.11s           2025-03-18T10:57:50                      10
/usr/local/python/3.12.1/lib/python3.12/site-packages/airflow/example_dags/example_time_delta_sensor_async.py                                                   1           0  0.11s           2025-03-18T10:58:22                      10
/usr/local/python/3.12.1/lib/python3.12/site-packages/airflow/example_dags/example_dataset_alias_with_no_taskflow.py                                            4           0  0.11s           2025-03-18T10:58:00                      27
/usr/local/python/3.12.1/lib/python3.12/site-packages/airflow/example_dags/example_xcomargs.py                                                                  2           0  0.11s           2025-03-18T10:58:20                      13
/usr/local/python/3.12.1/lib/python3.12/site-packages/airflow/example_dags/example_task_group_decorator.py                                                      1           0  0.11s           2025-03-18T10:58:21                      10
/usr/local/python/3.12.1/lib/python3.12/site-packages/airflow/example_dags/tutorial_taskflow_api_virtualenv.py                                                  1           0  0.11s           2025-03-18T10:58:11                      10
/usr/local/python/3.12.1/lib/python3.12/site-packages/airflow/example_dags/example_trigger_controller_dag.py                                                    1           0  0.11s           2025-03-18T10:58:17                      12
/usr/local/python/3.12.1/lib/python3.12/site-packages/airflow/example_dags/example_trigger_target_dag.py                                                        1           0  0.11s           2025-03-18T10:58:16                      10
/usr/local/python/3.12.1/lib/python3.12/site-packages/airflow/example_dags/example_kubernetes_executor.py                                                       0           0  0.11s           2025-03-18T10:57:55                       3
/usr/local/python/3.12.1/lib/python3.12/site-packages/airflow/example_dags/example_branch_operator_decorator.py                                                 1           0  0.11s           2025-03-18T10:58:25                      12
/usr/local/python/3.12.1/lib/python3.12/site-packages/airflow/example_dags/example_datasets.py                                                                 10           0  0.11s           2025-03-18T10:58:01                      49
/usr/local/python/3.12.1/lib/python3.12/site-packages/airflow/example_dags/tutorial_taskflow_templates.py                                                       1           0  0.11s           2025-03-18T10:58:13                      12
/usr/local/python/3.12.1/lib/python3.12/site-packages/airflow/example_dags/example_sensors.py                                                                   1           0  0.11s           2025-03-18T10:57:44                      10
/usr/local/python/3.12.1/lib/python3.12/site-packages/airflow/example_dags/example_dynamic_task_mapping_with_no_taskflow_operators.py                           1           0  0.11s           2025-03-18T10:57:35                      10
/usr/local/python/3.12.1/lib/python3.12/site-packages/airflow/example_dags/example_short_circuit_decorator.py                                                   1           0  0.11s           2025-03-18T10:57:45                      10
/usr/local/python/3.12.1/lib/python3.12/site-packages/airflow/example_dags/example_bash_operator.py                                                             1           0  0.11s           2025-03-18T10:57:40                      12
/usr/local/python/3.12.1/lib/python3.12/site-packages/airflow/example_dags/tutorial_dag.py                                                                      1           0  0.11s           2025-03-18T10:58:12                      10
/usr/local/python/3.12.1/lib/python3.12/site-packages/airflow/example_dags/example_branch_python_dop_operator_3.py                                              1           0  0.11s           2025-03-18T10:58:27                      12
/usr/local/python/3.12.1/lib/python3.12/site-packages/airflow/example_dags/example_latest_only.py                                                               1           0  0.11s           2025-03-18T10:57:53                      12
/usr/local/python/3.12.1/lib/python3.12/site-packages/airflow/example_dags/example_short_circuit_operator.py                                                    1           0  0.11s           2025-03-18T10:58:30                      10
/usr/local/python/3.12.1/lib/python3.12/site-packages/airflow/example_dags/plugins/decreasing_priority_weight_strategy.py                                       0           0  0.11s           2025-03-18T10:58:08                       3
/usr/local/python/3.12.1/lib/python3.12/site-packages/airflow/example_dags/example_passing_params_via_test_command.py                                           1           0  0.11s           2025-03-18T10:57:51                      12
/usr/local/python/3.12.1/lib/python3.12/site-packages/airflow/example_dags/example_inlet_event_extra.py                                                         2           0  0.11s           2025-03-18T10:57:57                      15
/usr/local/python/3.12.1/lib/python3.12/site-packages/airflow/example_dags/plugins/listener_plugin.py                                                           0           0  0.11s           2025-03-18T10:58:06                       3
/usr/local/python/3.12.1/lib/python3.12/site-packages/airflow/example_dags/subdags/subdag.py                                                                    0           0  0.11s           2025-03-18T10:58:04                       3
/usr/local/python/3.12.1/lib/python3.12/site-packages/airflow/example_dags/example_subdag_operator.py                                                           3           0  0.11s           2025-03-18T10:58:32                      20
/usr/local/python/3.12.1/lib/python3.12/site-packages/airflow/example_dags/example_local_kubernetes_executor.py                                                 0           0  0.11s           2025-03-18T10:57:58                       3
/usr/local/python/3.12.1/lib/python3.12/site-packages/airflow/example_dags/plugins/workday.py                                                                   0           0  0.11s           2025-03-18T10:58:07                       3
/usr/local/python/3.12.1/lib/python3.12/site-packages/airflow/example_dags/example_setup_teardown.py                                                            1           0  0.11s           2025-03-18T10:57:46                      10
/usr/local/python/3.12.1/lib/python3.12/site-packages/airflow/example_dags/example_xcom.py                                                                      1           0  0.11s           2025-03-18T10:58:15                      12
================================================================================
[2025-03-18T10:59:03.087+0000] {manager.py:997} INFO - 
================================================================================
DAG File Processing Stats

File Path                                                                                                                              PID    Runtime      # DAGs    # Errors  Last Runtime    Last Run               Last # of DB Queries
-------------------------------------------------------------------------------------------------------------------------------------  -----  ---------  --------  ----------  --------------  -------------------  ----------------------
/usr/local/python/3.12.1/lib/python3.12/site-packages/airflow/example_dags/example_dag_decorator.py                                                             1           0  0.21s           2025-03-18T10:58:26                      32
/usr/local/python/3.12.1/lib/python3.12/site-packages/airflow/example_dags/tutorial_taskflow_api_virtualenv.py                                                  1           0  0.11s           2025-03-18T10:58:59                      10
/usr/local/python/3.12.1/lib/python3.12/site-packages/airflow/example_dags/tutorial_taskflow_api.py                                                             1           0  0.11s           2025-03-18T10:58:58                      10
/usr/local/python/3.12.1/lib/python3.12/site-packages/airflow/example_dags/example_xcom.py                                                                      1           0  0.11s           2025-03-18T10:59:01                      12
/usr/local/python/3.12.1/lib/python3.12/site-packages/airflow/example_dags/example_setup_teardown.py                                                            1           0  0.11s           2025-03-18T10:58:35                      10
/usr/local/python/3.12.1/lib/python3.12/site-packages/airflow/example_dags/example_bash_operator.py                                                             1           0  0.11s           2025-03-18T10:58:53                      12
/usr/local/python/3.12.1/lib/python3.12/site-packages/airflow/example_dags/example_workday_timetable.py                                                         1           0  0.11s           2025-03-18T10:58:17                      12
/usr/local/python/3.12.1/lib/python3.12/site-packages/airflow/example_dags/plugins/event_listener.py                                                            0           0  0.11s           2025-03-18T10:58:56                       3
/usr/local/python/3.12.1/lib/python3.12/site-packages/airflow/example_dags/example_bash_decorator.py                                                            1           0  0.11s           2025-03-18T10:58:29                      10
/usr/local/python/3.12.1/lib/python3.12/site-packages/airflow/example_dags/example_inlet_event_extra.py                                                         2           0  0.11s           2025-03-18T10:58:45                      15
/usr/local/python/3.12.1/lib/python3.12/site-packages/airflow/example_dags/example_params_ui_tutorial.py                                                        1           0  0.11s           2025-03-18T10:58:42                      10
/usr/local/python/3.12.1/lib/python3.12/site-packages/airflow/example_dags/tutorial_objectstorage.py                                                            1           0  0.11s           2025-03-18T10:59:00                      10
/usr/local/python/3.12.1/lib/python3.12/site-packages/airflow/example_dags/example_setup_teardown_taskflow.py                                                   1           0  0.11s           2025-03-18T10:58:36                      10
/usr/local/python/3.12.1/lib/python3.12/site-packages/airflow/example_dags/tutorial_dag.py                                                                      1           0  0.11s           2025-03-18T10:59:00                      10
/usr/local/python/3.12.1/lib/python3.12/site-packages/airflow/example_dags/tutorial_taskflow_templates.py                                                       1           0  0.11s           2025-03-18T10:59:00                      12
/usr/local/python/3.12.1/lib/python3.12/site-packages/airflow/example_dags/example_latest_only_with_trigger.py                                                  1           0  0.11s           2025-03-18T10:58:44                      12
/usr/local/python/3.12.1/lib/python3.12/site-packages/airflow/example_dags/example_trigger_target_dag.py                                                        1           0  0.11s           2025-03-18T10:59:03                      10
/usr/local/python/3.12.1/lib/python3.12/site-packages/airflow/example_dags/example_complex.py                                                                   1           0  0.11s           2025-03-18T10:58:02                      10
/usr/local/python/3.12.1/lib/python3.12/site-packages/airflow/example_dags/example_branch_labels.py                                                             1           0  0.11s           2025-03-18T10:58:03                      12
/usr/local/python/3.12.1/lib/python3.12/site-packages/airflow/example_dags/example_task_group.py                                                                1           0  0.11s           2025-03-18T10:58:31                      10
/usr/local/python/3.12.1/lib/python3.12/site-packages/airflow/example_dags/tutorial.py                                                                          1           0  0.11s           2025-03-18T10:58:19                      12
/usr/local/python/3.12.1/lib/python3.12/site-packages/airflow/example_dags/example_branch_datetime_operator.py                                                  3           0  0.11s           2025-03-18T10:58:28                      18
/usr/local/python/3.12.1/lib/python3.12/site-packages/airflow/example_dags/example_local_kubernetes_executor.py                                                 0           0  0.11s           2025-03-18T10:58:47                       3
/usr/local/python/3.12.1/lib/python3.12/site-packages/airflow/example_dags/example_display_name.py                                                              1           0  0.11s           2025-03-18T10:58:00                      10
/usr/local/python/3.12.1/lib/python3.12/site-packages/airflow/example_dags/example_skip_dag.py                                                                  1           0  0.11s           2025-03-18T10:58:24                      12
/usr/local/python/3.12.1/lib/python3.12/site-packages/airflow/example_dags/example_branch_operator.py                                                           1           0  0.11s           2025-03-18T10:58:03                      12
/usr/local/python/3.12.1/lib/python3.12/site-packages/airflow/example_dags/example_sensor_decorator.py                                                          1           0  0.11s           2025-03-18T10:58:33                      10
/usr/local/python/3.12.1/lib/python3.12/site-packages/airflow/example_dags/example_sla_dag.py                                                                   1           0  0.11s           2025-03-18T10:58:23                      12
/usr/local/python/3.12.1/lib/python3.12/site-packages/airflow/example_dags/example_params_trigger_ui.py                                                         1           0  0.11s           2025-03-18T10:58:39                      10
/usr/local/python/3.12.1/lib/python3.12/site-packages/airflow/example_dags/example_time_delta_sensor_async.py                                                   1           0  0.11s           2025-03-18T10:58:22                      10
/usr/local/python/3.12.1/lib/python3.12/site-packages/airflow/example_dags/example_python_operator.py                                                           1           0  0.11s           2025-03-18T10:58:37                      10
/usr/local/python/3.12.1/lib/python3.12/site-packages/airflow/example_dags/example_dataset_alias_with_no_taskflow.py                                            4           0  0.11s           2025-03-18T10:58:00                      27
/usr/local/python/3.12.1/lib/python3.12/site-packages/airflow/example_dags/example_xcomargs.py                                                                  2           0  0.11s           2025-03-18T10:58:20                      13
/usr/local/python/3.12.1/lib/python3.12/site-packages/airflow/example_dags/example_kubernetes_executor.py                                                       0           0  0.11s           2025-03-18T10:58:44                       3
/usr/local/python/3.12.1/lib/python3.12/site-packages/airflow/example_dags/example_task_group_decorator.py                                                      1           0  0.11s           2025-03-18T10:58:21                      10
/usr/local/python/3.12.1/lib/python3.12/site-packages/airflow/example_dags/example_trigger_controller_dag.py                                                    1           0  0.11s           2025-03-18T10:58:17                      12
/usr/local/python/3.12.1/lib/python3.12/site-packages/airflow/example_dags/example_latest_only.py                                                               1           0  0.11s           2025-03-18T10:58:43                      12
/usr/local/python/3.12.1/lib/python3.12/site-packages/airflow/example_dags/example_dynamic_task_mapping.py                                                      1           0  0.11s           2025-03-18T10:58:50                      10
/usr/local/python/3.12.1/lib/python3.12/site-packages/airflow/example_dags/example_dataset_alias.py                                                             4           0  0.11s           2025-03-18T10:58:49                      27
/usr/local/python/3.12.1/lib/python3.12/site-packages/airflow/example_dags/subdags/subdag.py                                                                    0           0  0.11s           2025-03-18T10:58:54                       3
/usr/local/python/3.12.1/lib/python3.12/site-packages/airflow/example_dags/example_branch_operator_decorator.py                                                 1           0  0.11s           2025-03-18T10:58:25                      12
/usr/local/python/3.12.1/lib/python3.12/site-packages/airflow/example_dags/example_datasets.py                                                                 10           0  0.11s           2025-03-18T10:58:01                      49
/usr/local/python/3.12.1/lib/python3.12/site-packages/airflow/example_dags/example_python_decorator.py                                                          1           0  0.11s           2025-03-18T10:58:38                      10
/usr/local/python/3.12.1/lib/python3.12/site-packages/airflow/example_dags/example_branch_python_dop_operator_3.py                                              1           0  0.11s           2025-03-18T10:58:27                      12
/usr/local/python/3.12.1/lib/python3.12/site-packages/airflow/example_dags/example_branch_day_of_week_operator.py                                               1           0  0.11s           2025-03-18T10:58:51                      12
/usr/local/python/3.12.1/lib/python3.12/site-packages/airflow/example_dags/example_sensors.py                                                                   1           0  0.11s           2025-03-18T10:58:34                      10
/usr/local/python/3.12.1/lib/python3.12/site-packages/airflow/example_dags/example_external_task_marker_dag.py                                                  2           0  0.11s           2025-03-18T10:58:48                      13
/usr/local/python/3.12.1/lib/python3.12/site-packages/airflow/example_dags/example_outlet_event_extra.py                                                        3           0  0.11s           2025-03-18T10:58:41                      19
/usr/local/python/3.12.1/lib/python3.12/site-packages/airflow/example_dags/example_short_circuit_operator.py                                                    1           0  0.11s           2025-03-18T10:58:30                      10
/usr/local/python/3.12.1/lib/python3.12/site-packages/airflow/example_dags/example_passing_params_via_test_command.py                                           1           0  0.11s           2025-03-18T10:58:40                      12
/usr/local/python/3.12.1/lib/python3.12/site-packages/airflow/example_dags/example_subdag_operator.py                                                           3           0  0.11s           2025-03-18T10:58:32                      20
/usr/local/python/3.12.1/lib/python3.12/site-packages/airflow/example_dags/plugins/decreasing_priority_weight_strategy.py                                       0           0  0.11s           2025-03-18T10:58:57                       3
/usr/local/python/3.12.1/lib/python3.12/site-packages/airflow/example_dags/example_dynamic_task_mapping_with_no_taskflow_operators.py                           1           0  0.11s           2025-03-18T10:58:49                      10
/usr/local/python/3.12.1/lib/python3.12/site-packages/airflow/example_dags/example_nested_branch_dag.py                                                         1           0  0.10s           2025-03-18T10:58:46                      12
/usr/local/python/3.12.1/lib/python3.12/site-packages/airflow/example_dags/plugins/workday.py                                                                   0           0  0.10s           2025-03-18T10:58:54                       3
/usr/local/python/3.12.1/lib/python3.12/site-packages/airflow/example_dags/example_short_circuit_decorator.py                                                   1           0  0.10s           2025-03-18T10:58:34                      10
/usr/local/python/3.12.1/lib/python3.12/site-packages/airflow/example_dags/plugins/listener_plugin.py                                                           0           0  0.10s           2025-03-18T10:58:54                       3
================================================================================
[2025-03-18T10:59:33.128+0000] {manager.py:997} INFO - 
================================================================================
DAG File Processing Stats

File Path                                                                                                                              PID    Runtime      # DAGs    # Errors  Last Runtime    Last Run               Last # of DB Queries
-------------------------------------------------------------------------------------------------------------------------------------  -----  ---------  --------  ----------  --------------  -------------------  ----------------------
/usr/local/python/3.12.1/lib/python3.12/site-packages/airflow/example_dags/example_dag_decorator.py                                                             1           0  0.21s           2025-03-18T10:58:26                      32
/usr/local/python/3.12.1/lib/python3.12/site-packages/airflow/example_dags/tutorial_taskflow_api_virtualenv.py                                                  1           0  0.11s           2025-03-18T10:58:59                      10
/usr/local/python/3.12.1/lib/python3.12/site-packages/airflow/example_dags/tutorial_taskflow_api.py                                                             1           0  0.11s           2025-03-18T10:58:58                      10
/usr/local/python/3.12.1/lib/python3.12/site-packages/airflow/example_dags/example_xcom.py                                                                      1           0  0.11s           2025-03-18T10:59:01                      12
/usr/local/python/3.12.1/lib/python3.12/site-packages/airflow/example_dags/example_datasets.py                                                                 10           0  0.11s           2025-03-18T10:59:13                      49
/usr/local/python/3.12.1/lib/python3.12/site-packages/airflow/example_dags/example_subdag_operator.py                                                           3           0  0.11s           2025-03-18T10:59:19                      20
/usr/local/python/3.12.1/lib/python3.12/site-packages/airflow/example_dags/example_params_trigger_ui.py                                                         1           0  0.11s           2025-03-18T10:59:27                      10
/usr/local/python/3.12.1/lib/python3.12/site-packages/airflow/example_dags/example_bash_operator.py                                                             1           0  0.11s           2025-03-18T10:58:53                      12
/usr/local/python/3.12.1/lib/python3.12/site-packages/airflow/example_dags/example_python_decorator.py                                                          1           0  0.11s           2025-03-18T10:59:26                      10
/usr/local/python/3.12.1/lib/python3.12/site-packages/airflow/example_dags/plugins/event_listener.py                                                            0           0  0.11s           2025-03-18T10:58:56                       3
/usr/local/python/3.12.1/lib/python3.12/site-packages/airflow/example_dags/example_bash_decorator.py                                                            1           0  0.11s           2025-03-18T10:58:29                      10
/usr/local/python/3.12.1/lib/python3.12/site-packages/airflow/example_dags/example_inlet_event_extra.py                                                         2           0  0.11s           2025-03-18T10:58:45                      15
/usr/local/python/3.12.1/lib/python3.12/site-packages/airflow/example_dags/example_trigger_controller_dag.py                                                    1           0  0.11s           2025-03-18T10:59:04                      12
/usr/local/python/3.12.1/lib/python3.12/site-packages/airflow/example_dags/tutorial_objectstorage.py                                                            1           0  0.11s           2025-03-18T10:59:00                      10
/usr/local/python/3.12.1/lib/python3.12/site-packages/airflow/example_dags/tutorial_dag.py                                                                      1           0  0.11s           2025-03-18T10:59:00                      10
/usr/local/python/3.12.1/lib/python3.12/site-packages/airflow/example_dags/example_branch_operator.py                                                           1           0  0.11s           2025-03-18T10:59:15                      12
/usr/local/python/3.12.1/lib/python3.12/site-packages/airflow/example_dags/tutorial_taskflow_templates.py                                                       1           0  0.11s           2025-03-18T10:59:00                      12
/usr/local/python/3.12.1/lib/python3.12/site-packages/airflow/example_dags/example_short_circuit_operator.py                                                    1           0  0.11s           2025-03-18T10:59:17                      10
/usr/local/python/3.12.1/lib/python3.12/site-packages/airflow/example_dags/example_trigger_target_dag.py                                                        1           0  0.11s           2025-03-18T10:59:03                      10
/usr/local/python/3.12.1/lib/python3.12/site-packages/airflow/example_dags/example_branch_datetime_operator.py                                                  3           0  0.11s           2025-03-18T10:58:28                      18
/usr/local/python/3.12.1/lib/python3.12/site-packages/airflow/example_dags/example_local_kubernetes_executor.py                                                 0           0  0.11s           2025-03-18T10:58:47                       3
/usr/local/python/3.12.1/lib/python3.12/site-packages/airflow/example_dags/example_latest_only.py                                                               1           0  0.11s           2025-03-18T10:59:31                      12
/usr/local/python/3.12.1/lib/python3.12/site-packages/airflow/example_dags/example_kubernetes_executor.py                                                       0           0  0.11s           2025-03-18T10:58:44                       3
/usr/local/python/3.12.1/lib/python3.12/site-packages/airflow/example_dags/example_task_group_decorator.py                                                      1           0  0.11s           2025-03-18T10:59:07                      10
/usr/local/python/3.12.1/lib/python3.12/site-packages/airflow/example_dags/example_sensor_decorator.py                                                          1           0  0.11s           2025-03-18T10:59:20                      10
/usr/local/python/3.12.1/lib/python3.12/site-packages/airflow/example_dags/example_branch_labels.py                                                             1           0  0.11s           2025-03-18T10:59:16                      12
/usr/local/python/3.12.1/lib/python3.12/site-packages/airflow/example_dags/example_short_circuit_decorator.py                                                   1           0  0.11s           2025-03-18T10:59:22                      10
/usr/local/python/3.12.1/lib/python3.12/site-packages/airflow/example_dags/example_dataset_alias_with_no_taskflow.py                                            4           0  0.11s           2025-03-18T10:59:12                      27
/usr/local/python/3.12.1/lib/python3.12/site-packages/airflow/example_dags/example_dynamic_task_mapping.py                                                      1           0  0.11s           2025-03-18T10:58:50                      10
/usr/local/python/3.12.1/lib/python3.12/site-packages/airflow/example_dags/example_setup_teardown_taskflow.py                                                   1           0  0.11s           2025-03-18T10:59:24                      10
/usr/local/python/3.12.1/lib/python3.12/site-packages/airflow/example_dags/example_dataset_alias.py                                                             4           0  0.11s           2025-03-18T10:58:49                      27
/usr/local/python/3.12.1/lib/python3.12/site-packages/airflow/example_dags/subdags/subdag.py                                                                    0           0  0.11s           2025-03-18T10:58:54                       3
/usr/local/python/3.12.1/lib/python3.12/site-packages/airflow/example_dags/example_branch_operator_decorator.py                                                 1           0  0.11s           2025-03-18T10:58:25                      12
/usr/local/python/3.12.1/lib/python3.12/site-packages/airflow/example_dags/example_sensors.py                                                                   1           0  0.11s           2025-03-18T10:59:21                      10
/usr/local/python/3.12.1/lib/python3.12/site-packages/airflow/example_dags/example_branch_python_dop_operator_3.py                                              1           0  0.11s           2025-03-18T10:58:27                      12
/usr/local/python/3.12.1/lib/python3.12/site-packages/airflow/example_dags/example_branch_day_of_week_operator.py                                               1           0  0.11s           2025-03-18T10:58:51                      12
/usr/local/python/3.12.1/lib/python3.12/site-packages/airflow/example_dags/example_latest_only_with_trigger.py                                                  1           0  0.11s           2025-03-18T10:59:33                      12
/usr/local/python/3.12.1/lib/python3.12/site-packages/airflow/example_dags/example_display_name.py                                                              1           0  0.11s           2025-03-18T10:59:11                      10
/usr/local/python/3.12.1/lib/python3.12/site-packages/airflow/example_dags/example_sla_dag.py                                                                   1           0  0.11s           2025-03-18T10:59:09                      12
/usr/local/python/3.12.1/lib/python3.12/site-packages/airflow/example_dags/example_external_task_marker_dag.py                                                  2           0  0.11s           2025-03-18T10:58:48                      13
/usr/local/python/3.12.1/lib/python3.12/site-packages/airflow/example_dags/example_complex.py                                                                   1           0  0.11s           2025-03-18T10:59:14                      10
/usr/local/python/3.12.1/lib/python3.12/site-packages/airflow/example_dags/example_params_ui_tutorial.py                                                        1           0  0.11s           2025-03-18T10:59:30                      10
/usr/local/python/3.12.1/lib/python3.12/site-packages/airflow/example_dags/example_python_operator.py                                                           1           0  0.11s           2025-03-18T10:59:25                      10
/usr/local/python/3.12.1/lib/python3.12/site-packages/airflow/example_dags/example_setup_teardown.py                                                            1           0  0.11s           2025-03-18T10:59:23                      10
/usr/local/python/3.12.1/lib/python3.12/site-packages/airflow/example_dags/example_outlet_event_extra.py                                                        3           0  0.11s           2025-03-18T10:59:30                      19
/usr/local/python/3.12.1/lib/python3.12/site-packages/airflow/example_dags/plugins/decreasing_priority_weight_strategy.py                                       0           0  0.11s           2025-03-18T10:58:57                       3
/usr/local/python/3.12.1/lib/python3.12/site-packages/airflow/example_dags/example_passing_params_via_test_command.py                                           1           0  0.11s           2025-03-18T10:59:29                      12
/usr/local/python/3.12.1/lib/python3.12/site-packages/airflow/example_dags/example_time_delta_sensor_async.py                                                   1           0  0.11s           2025-03-18T10:59:08                      10
/usr/local/python/3.12.1/lib/python3.12/site-packages/airflow/example_dags/example_dynamic_task_mapping_with_no_taskflow_operators.py                           1           0  0.11s           2025-03-18T10:58:49                      10
/usr/local/python/3.12.1/lib/python3.12/site-packages/airflow/example_dags/example_task_group.py                                                                1           0  0.11s           2025-03-18T10:59:18                      10
/usr/local/python/3.12.1/lib/python3.12/site-packages/airflow/example_dags/example_workday_timetable.py                                                         1           0  0.11s           2025-03-18T10:59:03                      12
/usr/local/python/3.12.1/lib/python3.12/site-packages/airflow/example_dags/tutorial.py                                                                          1           0  0.10s           2025-03-18T10:59:05                      12
/usr/local/python/3.12.1/lib/python3.12/site-packages/airflow/example_dags/example_nested_branch_dag.py                                                         1           0  0.10s           2025-03-18T10:58:46                      12
/usr/local/python/3.12.1/lib/python3.12/site-packages/airflow/example_dags/example_xcomargs.py                                                                  2           0  0.10s           2025-03-18T10:59:06                      13
/usr/local/python/3.12.1/lib/python3.12/site-packages/airflow/example_dags/example_skip_dag.py                                                                  1           0  0.10s           2025-03-18T10:59:10                      12
/usr/local/python/3.12.1/lib/python3.12/site-packages/airflow/example_dags/plugins/workday.py                                                                   0           0  0.10s           2025-03-18T10:58:54                       3
/usr/local/python/3.12.1/lib/python3.12/site-packages/airflow/example_dags/plugins/listener_plugin.py                                                           0           0  0.10s           2025-03-18T10:58:54                       3
================================================================================
[2025-03-18T11:00:03.854+0000] {manager.py:997} INFO - 
================================================================================
DAG File Processing Stats

File Path                                                                                                                              PID    Runtime      # DAGs    # Errors  Last Runtime    Last Run               Last # of DB Queries
-------------------------------------------------------------------------------------------------------------------------------------  -----  ---------  --------  ----------  --------------  -------------------  ----------------------
/usr/local/python/3.12.1/lib/python3.12/site-packages/airflow/example_dags/example_dag_decorator.py                                                             1           0  0.21s           2025-03-18T10:59:37                      32
/usr/local/python/3.12.1/lib/python3.12/site-packages/airflow/example_dags/example_datasets.py                                                                 10           0  0.11s           2025-03-18T10:59:13                      49
/usr/local/python/3.12.1/lib/python3.12/site-packages/airflow/example_dags/example_subdag_operator.py                                                           3           0  0.11s           2025-03-18T10:59:19                      20
/usr/local/python/3.12.1/lib/python3.12/site-packages/airflow/example_dags/example_params_trigger_ui.py                                                         1           0  0.11s           2025-03-18T10:59:27                      10
/usr/local/python/3.12.1/lib/python3.12/site-packages/airflow/example_dags/example_bash_operator.py                                                             1           0  0.11s           2025-03-18T10:58:53                      12
/usr/local/python/3.12.1/lib/python3.12/site-packages/airflow/example_dags/example_python_decorator.py                                                          1           0  0.11s           2025-03-18T10:59:26                      10
/usr/local/python/3.12.1/lib/python3.12/site-packages/airflow/example_dags/example_dynamic_task_mapping.py                                                      1           0  0.11s           2025-03-18T11:00:02                      10
/usr/local/python/3.12.1/lib/python3.12/site-packages/airflow/example_dags/example_branch_operator.py                                                           1           0  0.11s           2025-03-18T10:59:15                      12
/usr/local/python/3.12.1/lib/python3.12/site-packages/airflow/example_dags/example_short_circuit_operator.py                                                    1           0  0.11s           2025-03-18T10:59:17                      10
/usr/local/python/3.12.1/lib/python3.12/site-packages/airflow/example_dags/example_xcom.py                                                                      1           0  0.11s           2025-03-18T10:59:49                      12
/usr/local/python/3.12.1/lib/python3.12/site-packages/airflow/example_dags/example_dataset_alias.py                                                             4           0  0.11s           2025-03-18T11:00:01                      27
/usr/local/python/3.12.1/lib/python3.12/site-packages/airflow/example_dags/example_latest_only.py                                                               1           0  0.11s           2025-03-18T10:59:31                      12
/usr/local/python/3.12.1/lib/python3.12/site-packages/airflow/example_dags/example_sensor_decorator.py                                                          1           0  0.11s           2025-03-18T10:59:20                      10
/usr/local/python/3.12.1/lib/python3.12/site-packages/airflow/example_dags/example_branch_labels.py                                                             1           0  0.11s           2025-03-18T10:59:16                      12
/usr/local/python/3.12.1/lib/python3.12/site-packages/airflow/example_dags/example_short_circuit_decorator.py                                                   1           0  0.11s           2025-03-18T10:59:22                      10
/usr/local/python/3.12.1/lib/python3.12/site-packages/airflow/example_dags/example_dataset_alias_with_no_taskflow.py                                            4           0  0.11s           2025-03-18T10:59:12                      27
/usr/local/python/3.12.1/lib/python3.12/site-packages/airflow/example_dags/example_branch_python_dop_operator_3.py                                              1           0  0.11s           2025-03-18T10:59:38                      12
/usr/local/python/3.12.1/lib/python3.12/site-packages/airflow/example_dags/example_setup_teardown_taskflow.py                                                   1           0  0.11s           2025-03-18T10:59:24                      10
/usr/local/python/3.12.1/lib/python3.12/site-packages/airflow/example_dags/example_external_task_marker_dag.py                                                  2           0  0.11s           2025-03-18T10:59:59                      13
/usr/local/python/3.12.1/lib/python3.12/site-packages/airflow/example_dags/plugins/listener_plugin.py                                                           0           0  0.11s           2025-03-18T10:59:42                       3
/usr/local/python/3.12.1/lib/python3.12/site-packages/airflow/example_dags/example_time_delta_sensor_async.py                                                   1           0  0.11s           2025-03-18T10:59:56                      10
/usr/local/python/3.12.1/lib/python3.12/site-packages/airflow/example_dags/example_sensors.py                                                                   1           0  0.11s           2025-03-18T10:59:21                      10
/usr/local/python/3.12.1/lib/python3.12/site-packages/airflow/example_dags/example_trigger_controller_dag.py                                                    1           0  0.11s           2025-03-18T10:59:52                      12
/usr/local/python/3.12.1/lib/python3.12/site-packages/airflow/example_dags/tutorial_dag.py                                                                      1           0  0.11s           2025-03-18T10:59:47                      10
/usr/local/python/3.12.1/lib/python3.12/site-packages/airflow/example_dags/example_latest_only_with_trigger.py                                                  1           0  0.11s           2025-03-18T10:59:33                      12
/usr/local/python/3.12.1/lib/python3.12/site-packages/airflow/example_dags/plugins/event_listener.py                                                            0           0  0.11s           2025-03-18T10:59:44                       3
/usr/local/python/3.12.1/lib/python3.12/site-packages/airflow/example_dags/example_bash_decorator.py                                                            1           0  0.11s           2025-03-18T10:59:40                      10
/usr/local/python/3.12.1/lib/python3.12/site-packages/airflow/example_dags/example_display_name.py                                                              1           0  0.11s           2025-03-18T10:59:11                      10
/usr/local/python/3.12.1/lib/python3.12/site-packages/airflow/example_dags/example_complex.py                                                                   1           0  0.11s           2025-03-18T10:59:14                      10
/usr/local/python/3.12.1/lib/python3.12/site-packages/airflow/example_dags/example_trigger_target_dag.py                                                        1           0  0.11s           2025-03-18T10:59:50                      10
/usr/local/python/3.12.1/lib/python3.12/site-packages/airflow/example_dags/example_params_ui_tutorial.py                                                        1           0  0.11s           2025-03-18T10:59:30                      10
/usr/local/python/3.12.1/lib/python3.12/site-packages/airflow/example_dags/tutorial_taskflow_api.py                                                             1           0  0.11s           2025-03-18T10:59:46                      10
/usr/local/python/3.12.1/lib/python3.12/site-packages/airflow/example_dags/example_branch_datetime_operator.py                                                  3           0  0.11s           2025-03-18T10:59:39                      18
/usr/local/python/3.12.1/lib/python3.12/site-packages/airflow/example_dags/subdags/subdag.py                                                                    0           0  0.11s           2025-03-18T10:59:41                       3
/usr/local/python/3.12.1/lib/python3.12/site-packages/airflow/example_dags/example_dynamic_task_mapping_with_no_taskflow_operators.py                           1           0  0.11s           2025-03-18T11:00:00                      10
/usr/local/python/3.12.1/lib/python3.12/site-packages/airflow/example_dags/example_kubernetes_executor.py                                                       0           0  0.11s           2025-03-18T10:59:33                       3
/usr/local/python/3.12.1/lib/python3.12/site-packages/airflow/example_dags/example_python_operator.py                                                           1           0  0.11s           2025-03-18T10:59:25                      10
/usr/local/python/3.12.1/lib/python3.12/site-packages/airflow/example_dags/plugins/workday.py                                                                   0           0  0.11s           2025-03-18T10:59:43                       3
/usr/local/python/3.12.1/lib/python3.12/site-packages/airflow/example_dags/tutorial_objectstorage.py                                                            1           0  0.11s           2025-03-18T10:59:48                      10
/usr/local/python/3.12.1/lib/python3.12/site-packages/airflow/example_dags/example_setup_teardown.py                                                            1           0  0.11s           2025-03-18T10:59:23                      10
/usr/local/python/3.12.1/lib/python3.12/site-packages/airflow/example_dags/example_skip_dag.py                                                                  1           0  0.11s           2025-03-18T10:59:57                      12
/usr/local/python/3.12.1/lib/python3.12/site-packages/airflow/example_dags/example_outlet_event_extra.py                                                        3           0  0.11s           2025-03-18T10:59:30                      19
/usr/local/python/3.12.1/lib/python3.12/site-packages/airflow/example_dags/example_branch_day_of_week_operator.py                                               1           0  0.11s           2025-03-18T11:00:03                      12
/usr/local/python/3.12.1/lib/python3.12/site-packages/airflow/example_dags/example_passing_params_via_test_command.py                                           1           0  0.11s           2025-03-18T10:59:29                      12
/usr/local/python/3.12.1/lib/python3.12/site-packages/airflow/example_dags/example_branch_operator_decorator.py                                                 1           0  0.11s           2025-03-18T10:59:35                      12
/usr/local/python/3.12.1/lib/python3.12/site-packages/airflow/example_dags/example_task_group.py                                                                1           0  0.11s           2025-03-18T10:59:18                      10
/usr/local/python/3.12.1/lib/python3.12/site-packages/airflow/example_dags/example_inlet_event_extra.py                                                         2           0  0.11s           2025-03-18T10:59:34                      15
/usr/local/python/3.12.1/lib/python3.12/site-packages/airflow/example_dags/example_sla_dag.py                                                                   1           0  0.10s           2025-03-18T10:59:56                      12
/usr/local/python/3.12.1/lib/python3.12/site-packages/airflow/example_dags/example_local_kubernetes_executor.py                                                 0           0  0.10s           2025-03-18T10:59:58                       3
/usr/local/python/3.12.1/lib/python3.12/site-packages/airflow/example_dags/example_workday_timetable.py                                                         1           0  0.10s           2025-03-18T10:59:51                      12
/usr/local/python/3.12.1/lib/python3.12/site-packages/airflow/example_dags/example_xcomargs.py                                                                  2           0  0.10s           2025-03-18T10:59:54                      13
/usr/local/python/3.12.1/lib/python3.12/site-packages/airflow/example_dags/tutorial.py                                                                          1           0  0.10s           2025-03-18T10:59:53                      12
/usr/local/python/3.12.1/lib/python3.12/site-packages/airflow/example_dags/tutorial_taskflow_templates.py                                                       1           0  0.10s           2025-03-18T10:59:48                      12
/usr/local/python/3.12.1/lib/python3.12/site-packages/airflow/example_dags/plugins/decreasing_priority_weight_strategy.py                                       0           0  0.10s           2025-03-18T10:59:44                       3
/usr/local/python/3.12.1/lib/python3.12/site-packages/airflow/example_dags/example_task_group_decorator.py                                                      1           0  0.10s           2025-03-18T10:59:55                      10
/usr/local/python/3.12.1/lib/python3.12/site-packages/airflow/example_dags/example_nested_branch_dag.py                                                         1           0  0.10s           2025-03-18T10:59:34                      12
/usr/local/python/3.12.1/lib/python3.12/site-packages/airflow/example_dags/tutorial_taskflow_api_virtualenv.py                                                  1           0  0.10s           2025-03-18T10:59:46                      10
================================================================================
[2025-03-18T11:00:34.129+0000] {manager.py:997} INFO - 
================================================================================
DAG File Processing Stats

File Path                                                                                                                              PID    Runtime      # DAGs    # Errors  Last Runtime    Last Run               Last # of DB Queries
-------------------------------------------------------------------------------------------------------------------------------------  -----  ---------  --------  ----------  --------------  -------------------  ----------------------
/usr/local/python/3.12.1/lib/python3.12/site-packages/airflow/example_dags/example_dag_decorator.py                                                             1           0  0.21s           2025-03-18T10:59:37                      32
/usr/local/python/3.12.1/lib/python3.12/site-packages/airflow/example_dags/example_nested_branch_dag.py                                                         1           0  0.11s           2025-03-18T11:00:23                      12
/usr/local/python/3.12.1/lib/python3.12/site-packages/airflow/example_dags/example_python_decorator.py                                                          1           0  0.11s           2025-03-18T11:00:14                      10
/usr/local/python/3.12.1/lib/python3.12/site-packages/airflow/example_dags/example_branch_labels.py                                                             1           0  0.11s           2025-03-18T11:00:29                      12
/usr/local/python/3.12.1/lib/python3.12/site-packages/airflow/example_dags/example_params_trigger_ui.py                                                         1           0  0.11s           2025-03-18T11:00:15                      10
/usr/local/python/3.12.1/lib/python3.12/site-packages/airflow/example_dags/example_dynamic_task_mapping.py                                                      1           0  0.11s           2025-03-18T11:00:02                      10
/usr/local/python/3.12.1/lib/python3.12/site-packages/airflow/example_dags/example_datasets.py                                                                 10           0  0.11s           2025-03-18T11:00:26                      49
/usr/local/python/3.12.1/lib/python3.12/site-packages/airflow/example_dags/example_dataset_alias_with_no_taskflow.py                                            4           0  0.11s           2025-03-18T11:00:25                      27
/usr/local/python/3.12.1/lib/python3.12/site-packages/airflow/example_dags/example_passing_params_via_test_command.py                                           1           0  0.11s           2025-03-18T11:00:16                      12
/usr/local/python/3.12.1/lib/python3.12/site-packages/airflow/example_dags/example_python_operator.py                                                           1           0  0.11s           2025-03-18T11:00:13                      10
/usr/local/python/3.12.1/lib/python3.12/site-packages/airflow/example_dags/example_complex.py                                                                   1           0  0.11s           2025-03-18T11:00:27                      10
/usr/local/python/3.12.1/lib/python3.12/site-packages/airflow/example_dags/example_xcom.py                                                                      1           0  0.11s           2025-03-18T10:59:49                      12
/usr/local/python/3.12.1/lib/python3.12/site-packages/airflow/example_dags/example_setup_teardown.py                                                            1           0  0.11s           2025-03-18T11:00:11                      10
/usr/local/python/3.12.1/lib/python3.12/site-packages/airflow/example_dags/example_dataset_alias.py                                                             4           0  0.11s           2025-03-18T11:00:01                      27
/usr/local/python/3.12.1/lib/python3.12/site-packages/airflow/example_dags/subdags/subdag.py                                                                    0           0  0.11s           2025-03-18T11:00:30                       3
/usr/local/python/3.12.1/lib/python3.12/site-packages/airflow/example_dags/example_task_group.py                                                                1           0  0.11s           2025-03-18T11:00:06                      10
/usr/local/python/3.12.1/lib/python3.12/site-packages/airflow/example_dags/example_inlet_event_extra.py                                                         2           0  0.11s           2025-03-18T11:00:22                      15
/usr/local/python/3.12.1/lib/python3.12/site-packages/airflow/example_dags/example_branch_python_dop_operator_3.py                                              1           0  0.11s           2025-03-18T10:59:38                      12
/usr/local/python/3.12.1/lib/python3.12/site-packages/airflow/example_dags/example_kubernetes_executor.py                                                       0           0  0.11s           2025-03-18T11:00:21                       3
/usr/local/python/3.12.1/lib/python3.12/site-packages/airflow/example_dags/example_external_task_marker_dag.py                                                  2           0  0.11s           2025-03-18T10:59:59                      13
/usr/local/python/3.12.1/lib/python3.12/site-packages/airflow/example_dags/plugins/decreasing_priority_weight_strategy.py                                       0           0  0.11s           2025-03-18T11:00:34                       3
/usr/local/python/3.12.1/lib/python3.12/site-packages/airflow/example_dags/example_params_ui_tutorial.py                                                        1           0  0.11s           2025-03-18T11:00:18                      10
/usr/local/python/3.12.1/lib/python3.12/site-packages/airflow/example_dags/example_time_delta_sensor_async.py                                                   1           0  0.11s           2025-03-18T10:59:56                      10
/usr/local/python/3.12.1/lib/python3.12/site-packages/airflow/example_dags/plugins/workday.py                                                                   0           0  0.11s           2025-03-18T11:00:32                       3
/usr/local/python/3.12.1/lib/python3.12/site-packages/airflow/example_dags/example_branch_operator.py                                                           1           0  0.11s           2025-03-18T11:00:28                      12
/usr/local/python/3.12.1/lib/python3.12/site-packages/airflow/example_dags/example_trigger_controller_dag.py                                                    1           0  0.11s           2025-03-18T10:59:52                      12
/usr/local/python/3.12.1/lib/python3.12/site-packages/airflow/example_dags/tutorial_dag.py                                                                      1           0  0.11s           2025-03-18T10:59:47                      10
/usr/local/python/3.12.1/lib/python3.12/site-packages/airflow/example_dags/example_subdag_operator.py                                                           3           0  0.11s           2025-03-18T11:00:06                      20
/usr/local/python/3.12.1/lib/python3.12/site-packages/airflow/example_dags/example_short_circuit_decorator.py                                                   1           0  0.11s           2025-03-18T11:00:10                      10
/usr/local/python/3.12.1/lib/python3.12/site-packages/airflow/example_dags/example_bash_decorator.py                                                            1           0  0.11s           2025-03-18T10:59:40                      10
/usr/local/python/3.12.1/lib/python3.12/site-packages/airflow/example_dags/example_sensors.py                                                                   1           0  0.11s           2025-03-18T11:00:09                      10
/usr/local/python/3.12.1/lib/python3.12/site-packages/airflow/example_dags/example_latest_only.py                                                               1           0  0.11s           2025-03-18T11:00:18                      12
/usr/local/python/3.12.1/lib/python3.12/site-packages/airflow/example_dags/plugins/event_listener.py                                                            0           0  0.11s           2025-03-18T11:00:33                       3
/usr/local/python/3.12.1/lib/python3.12/site-packages/airflow/example_dags/example_trigger_target_dag.py                                                        1           0  0.11s           2025-03-18T10:59:50                      10
/usr/local/python/3.12.1/lib/python3.12/site-packages/airflow/example_dags/example_sensor_decorator.py                                                          1           0  0.11s           2025-03-18T11:00:07                      10
/usr/local/python/3.12.1/lib/python3.12/site-packages/airflow/example_dags/tutorial_taskflow_api.py                                                             1           0  0.11s           2025-03-18T10:59:46                      10
/usr/local/python/3.12.1/lib/python3.12/site-packages/airflow/example_dags/example_branch_datetime_operator.py                                                  3           0  0.11s           2025-03-18T10:59:39                      18
/usr/local/python/3.12.1/lib/python3.12/site-packages/airflow/example_dags/example_display_name.py                                                              1           0  0.11s           2025-03-18T11:00:24                      10
/usr/local/python/3.12.1/lib/python3.12/site-packages/airflow/example_dags/example_dynamic_task_mapping_with_no_taskflow_operators.py                           1           0  0.11s           2025-03-18T11:00:00                      10
/usr/local/python/3.12.1/lib/python3.12/site-packages/airflow/example_dags/example_latest_only_with_trigger.py                                                  1           0  0.11s           2025-03-18T11:00:20                      12
/usr/local/python/3.12.1/lib/python3.12/site-packages/airflow/example_dags/example_short_circuit_operator.py                                                    1           0  0.11s           2025-03-18T11:00:05                      10
/usr/local/python/3.12.1/lib/python3.12/site-packages/airflow/example_dags/plugins/listener_plugin.py                                                           0           0  0.11s           2025-03-18T11:00:31                       3
/usr/local/python/3.12.1/lib/python3.12/site-packages/airflow/example_dags/tutorial_objectstorage.py                                                            1           0  0.11s           2025-03-18T10:59:48                      10
/usr/local/python/3.12.1/lib/python3.12/site-packages/airflow/example_dags/example_setup_teardown_taskflow.py                                                   1           0  0.11s           2025-03-18T11:00:11                      10
/usr/local/python/3.12.1/lib/python3.12/site-packages/airflow/example_dags/example_skip_dag.py                                                                  1           0  0.11s           2025-03-18T10:59:57                      12
/usr/local/python/3.12.1/lib/python3.12/site-packages/airflow/example_dags/example_branch_day_of_week_operator.py                                               1           0  0.11s           2025-03-18T11:00:03                      12
/usr/local/python/3.12.1/lib/python3.12/site-packages/airflow/example_dags/example_bash_operator.py                                                             1           0  0.11s           2025-03-18T11:00:04                      12
/usr/local/python/3.12.1/lib/python3.12/site-packages/airflow/example_dags/example_branch_operator_decorator.py                                                 1           0  0.11s           2025-03-18T10:59:35                      12
/usr/local/python/3.12.1/lib/python3.12/site-packages/airflow/example_dags/example_outlet_event_extra.py                                                        3           0  0.11s           2025-03-18T11:00:17                      19
/usr/local/python/3.12.1/lib/python3.12/site-packages/airflow/example_dags/example_sla_dag.py                                                                   1           0  0.10s           2025-03-18T10:59:56                      12
/usr/local/python/3.12.1/lib/python3.12/site-packages/airflow/example_dags/example_local_kubernetes_executor.py                                                 0           0  0.10s           2025-03-18T10:59:58                       3
/usr/local/python/3.12.1/lib/python3.12/site-packages/airflow/example_dags/example_workday_timetable.py                                                         1           0  0.10s           2025-03-18T10:59:51                      12
/usr/local/python/3.12.1/lib/python3.12/site-packages/airflow/example_dags/example_xcomargs.py                                                                  2           0  0.10s           2025-03-18T10:59:54                      13
/usr/local/python/3.12.1/lib/python3.12/site-packages/airflow/example_dags/tutorial.py                                                                          1           0  0.10s           2025-03-18T10:59:53                      12
/usr/local/python/3.12.1/lib/python3.12/site-packages/airflow/example_dags/tutorial_taskflow_templates.py                                                       1           0  0.10s           2025-03-18T10:59:48                      12
/usr/local/python/3.12.1/lib/python3.12/site-packages/airflow/example_dags/example_task_group_decorator.py                                                      1           0  0.10s           2025-03-18T10:59:55                      10
/usr/local/python/3.12.1/lib/python3.12/site-packages/airflow/example_dags/tutorial_taskflow_api_virtualenv.py                                                  1           0  0.10s           2025-03-18T10:59:46                      10
================================================================================
[2025-03-18T11:01:04.425+0000] {manager.py:997} INFO - 
================================================================================
DAG File Processing Stats

File Path                                                                                                                              PID    Runtime      # DAGs    # Errors  Last Runtime    Last Run               Last # of DB Queries
-------------------------------------------------------------------------------------------------------------------------------------  -----  ---------  --------  ----------  --------------  -------------------  ----------------------
/usr/local/python/3.12.1/lib/python3.12/site-packages/airflow/example_dags/example_sensors.py                                                                   1           0  0.23s           2025-03-18T11:01:00                      10
/usr/local/python/3.12.1/lib/python3.12/site-packages/airflow/example_dags/example_task_group.py                                                                1           0  0.23s           2025-03-18T11:00:57                      10
/usr/local/python/3.12.1/lib/python3.12/site-packages/airflow/example_dags/example_short_circuit_decorator.py                                                   1           0  0.22s           2025-03-18T11:01:01                      10
/usr/local/python/3.12.1/lib/python3.12/site-packages/airflow/example_dags/example_branch_datetime_operator.py                                                  3           0  0.22s           2025-03-18T11:00:54                      18
/usr/local/python/3.12.1/lib/python3.12/site-packages/airflow/example_dags/example_subdag_operator.py                                                           3           0  0.21s           2025-03-18T11:00:58                      20
/usr/local/python/3.12.1/lib/python3.12/site-packages/airflow/example_dags/example_short_circuit_operator.py                                                    1           0  0.21s           2025-03-18T11:00:56                      10
/usr/local/python/3.12.1/lib/python3.12/site-packages/airflow/example_dags/example_dag_decorator.py                                                             1           0  0.21s           2025-03-18T11:00:52                      32
/usr/local/python/3.12.1/lib/python3.12/site-packages/airflow/example_dags/example_bash_decorator.py                                                            1           0  0.12s           2025-03-18T11:00:55                      10
/usr/local/python/3.12.1/lib/python3.12/site-packages/airflow/example_dags/example_sensor_decorator.py                                                          1           0  0.12s           2025-03-18T11:00:59                      10
/usr/local/python/3.12.1/lib/python3.12/site-packages/airflow/example_dags/example_setup_teardown.py                                                            1           0  0.11s           2025-03-18T11:01:02                      10
/usr/local/python/3.12.1/lib/python3.12/site-packages/airflow/example_dags/example_xcomargs.py                                                                  2           0  0.11s           2025-03-18T11:00:45                      13
/usr/local/python/3.12.1/lib/python3.12/site-packages/airflow/example_dags/example_local_kubernetes_executor.py                                                 0           0  0.11s           2025-03-18T11:00:49                       3
/usr/local/python/3.12.1/lib/python3.12/site-packages/airflow/example_dags/example_skip_dag.py                                                                  1           0  0.11s           2025-03-18T11:00:49                      12
/usr/local/python/3.12.1/lib/python3.12/site-packages/airflow/example_dags/example_setup_teardown_taskflow.py                                                   1           0  0.11s           2025-03-18T11:01:03                      10
/usr/local/python/3.12.1/lib/python3.12/site-packages/airflow/example_dags/example_python_operator.py                                                           1           0  0.11s           2025-03-18T11:01:04                      10
/usr/local/python/3.12.1/lib/python3.12/site-packages/airflow/example_dags/example_sla_dag.py                                                                   1           0  0.11s           2025-03-18T11:00:47                      12
/usr/local/python/3.12.1/lib/python3.12/site-packages/airflow/example_dags/example_xcom.py                                                                      1           0  0.11s           2025-03-18T11:00:39                      12
/usr/local/python/3.12.1/lib/python3.12/site-packages/airflow/example_dags/example_workday_timetable.py                                                         1           0  0.11s           2025-03-18T11:00:42                      12
/usr/local/python/3.12.1/lib/python3.12/site-packages/airflow/example_dags/example_branch_python_dop_operator_3.py                                              1           0  0.11s           2025-03-18T11:00:53                      12
/usr/local/python/3.12.1/lib/python3.12/site-packages/airflow/example_dags/example_nested_branch_dag.py                                                         1           0  0.11s           2025-03-18T11:00:23                      12
/usr/local/python/3.12.1/lib/python3.12/site-packages/airflow/example_dags/example_python_decorator.py                                                          1           0  0.11s           2025-03-18T11:00:14                      10
/usr/local/python/3.12.1/lib/python3.12/site-packages/airflow/example_dags/example_task_group_decorator.py                                                      1           0  0.11s           2025-03-18T11:00:45                      10
/usr/local/python/3.12.1/lib/python3.12/site-packages/airflow/example_dags/example_branch_labels.py                                                             1           0  0.11s           2025-03-18T11:00:29                      12
/usr/local/python/3.12.1/lib/python3.12/site-packages/airflow/example_dags/tutorial_objectstorage.py                                                            1           0  0.11s           2025-03-18T11:00:37                      10
/usr/local/python/3.12.1/lib/python3.12/site-packages/airflow/example_dags/example_params_trigger_ui.py                                                         1           0  0.11s           2025-03-18T11:00:15                      10
/usr/local/python/3.12.1/lib/python3.12/site-packages/airflow/example_dags/example_dynamic_task_mapping.py                                                      1           0  0.11s           2025-03-18T11:00:02                      10
/usr/local/python/3.12.1/lib/python3.12/site-packages/airflow/example_dags/example_datasets.py                                                                 10           0  0.11s           2025-03-18T11:00:26                      49
/usr/local/python/3.12.1/lib/python3.12/site-packages/airflow/example_dags/example_dataset_alias_with_no_taskflow.py                                            4           0  0.11s           2025-03-18T11:00:25                      27
/usr/local/python/3.12.1/lib/python3.12/site-packages/airflow/example_dags/tutorial.py                                                                          1           0  0.11s           2025-03-18T11:00:43                      12
/usr/local/python/3.12.1/lib/python3.12/site-packages/airflow/example_dags/example_trigger_target_dag.py                                                        1           0  0.11s           2025-03-18T11:00:41                      10
/usr/local/python/3.12.1/lib/python3.12/site-packages/airflow/example_dags/example_branch_operator_decorator.py                                                 1           0  0.11s           2025-03-18T11:00:51                      12
/usr/local/python/3.12.1/lib/python3.12/site-packages/airflow/example_dags/example_trigger_controller_dag.py                                                    1           0  0.11s           2025-03-18T11:00:42                      12
/usr/local/python/3.12.1/lib/python3.12/site-packages/airflow/example_dags/tutorial_taskflow_api.py                                                             1           0  0.11s           2025-03-18T11:00:35                      10
/usr/local/python/3.12.1/lib/python3.12/site-packages/airflow/example_dags/example_passing_params_via_test_command.py                                           1           0  0.11s           2025-03-18T11:00:16                      12
/usr/local/python/3.12.1/lib/python3.12/site-packages/airflow/example_dags/example_complex.py                                                                   1           0  0.11s           2025-03-18T11:00:27                      10
/usr/local/python/3.12.1/lib/python3.12/site-packages/airflow/example_dags/example_dataset_alias.py                                                             4           0  0.11s           2025-03-18T11:00:01                      27
/usr/local/python/3.12.1/lib/python3.12/site-packages/airflow/example_dags/tutorial_taskflow_templates.py                                                       1           0  0.11s           2025-03-18T11:00:38                      12
/usr/local/python/3.12.1/lib/python3.12/site-packages/airflow/example_dags/tutorial_dag.py                                                                      1           0  0.11s           2025-03-18T11:00:36                      10
/usr/local/python/3.12.1/lib/python3.12/site-packages/airflow/example_dags/example_time_delta_sensor_async.py                                                   1           0  0.11s           2025-03-18T11:00:46                      10
/usr/local/python/3.12.1/lib/python3.12/site-packages/airflow/example_dags/subdags/subdag.py                                                                    0           0  0.11s           2025-03-18T11:00:30                       3
/usr/local/python/3.12.1/lib/python3.12/site-packages/airflow/example_dags/example_inlet_event_extra.py                                                         2           0  0.11s           2025-03-18T11:00:22                      15
/usr/local/python/3.12.1/lib/python3.12/site-packages/airflow/example_dags/example_external_task_marker_dag.py                                                  2           0  0.11s           2025-03-18T11:00:50                      13
/usr/local/python/3.12.1/lib/python3.12/site-packages/airflow/example_dags/example_kubernetes_executor.py                                                       0           0  0.11s           2025-03-18T11:00:21                       3
/usr/local/python/3.12.1/lib/python3.12/site-packages/airflow/example_dags/plugins/decreasing_priority_weight_strategy.py                                       0           0  0.11s           2025-03-18T11:00:34                       3
/usr/local/python/3.12.1/lib/python3.12/site-packages/airflow/example_dags/example_params_ui_tutorial.py                                                        1           0  0.11s           2025-03-18T11:00:18                      10
/usr/local/python/3.12.1/lib/python3.12/site-packages/airflow/example_dags/plugins/workday.py                                                                   0           0  0.11s           2025-03-18T11:00:32                       3
/usr/local/python/3.12.1/lib/python3.12/site-packages/airflow/example_dags/example_branch_operator.py                                                           1           0  0.11s           2025-03-18T11:00:28                      12
/usr/local/python/3.12.1/lib/python3.12/site-packages/airflow/example_dags/tutorial_taskflow_api_virtualenv.py                                                  1           0  0.11s           2025-03-18T11:00:35                      10
/usr/local/python/3.12.1/lib/python3.12/site-packages/airflow/example_dags/example_latest_only.py                                                               1           0  0.11s           2025-03-18T11:00:18                      12
/usr/local/python/3.12.1/lib/python3.12/site-packages/airflow/example_dags/plugins/event_listener.py                                                            0           0  0.11s           2025-03-18T11:00:33                       3
/usr/local/python/3.12.1/lib/python3.12/site-packages/airflow/example_dags/example_display_name.py                                                              1           0  0.11s           2025-03-18T11:00:24                      10
/usr/local/python/3.12.1/lib/python3.12/site-packages/airflow/example_dags/example_dynamic_task_mapping_with_no_taskflow_operators.py                           1           0  0.11s           2025-03-18T11:00:00                      10
/usr/local/python/3.12.1/lib/python3.12/site-packages/airflow/example_dags/example_latest_only_with_trigger.py                                                  1           0  0.11s           2025-03-18T11:00:20                      12
/usr/local/python/3.12.1/lib/python3.12/site-packages/airflow/example_dags/plugins/listener_plugin.py                                                           0           0  0.11s           2025-03-18T11:00:31                       3
/usr/local/python/3.12.1/lib/python3.12/site-packages/airflow/example_dags/example_branch_day_of_week_operator.py                                               1           0  0.11s           2025-03-18T11:00:03                      12
/usr/local/python/3.12.1/lib/python3.12/site-packages/airflow/example_dags/example_bash_operator.py                                                             1           0  0.11s           2025-03-18T11:00:04                      12
/usr/local/python/3.12.1/lib/python3.12/site-packages/airflow/example_dags/example_outlet_event_extra.py                                                        3           0  0.11s           2025-03-18T11:00:17                      19
================================================================================
[2025-03-18T11:01:34.702+0000] {manager.py:997} INFO - 
================================================================================
DAG File Processing Stats

File Path                                                                                                                              PID    Runtime      # DAGs    # Errors  Last Runtime    Last Run               Last # of DB Queries
-------------------------------------------------------------------------------------------------------------------------------------  -----  ---------  --------  ----------  --------------  -------------------  ----------------------
/usr/local/python/3.12.1/lib/python3.12/site-packages/airflow/example_dags/example_sensors.py                                                                   1           0  0.23s           2025-03-18T11:01:00                      10
/usr/local/python/3.12.1/lib/python3.12/site-packages/airflow/example_dags/example_task_group.py                                                                1           0  0.23s           2025-03-18T11:00:57                      10
/usr/local/python/3.12.1/lib/python3.12/site-packages/airflow/example_dags/example_short_circuit_decorator.py                                                   1           0  0.22s           2025-03-18T11:01:01                      10
/usr/local/python/3.12.1/lib/python3.12/site-packages/airflow/example_dags/example_branch_datetime_operator.py                                                  3           0  0.22s           2025-03-18T11:00:54                      18
/usr/local/python/3.12.1/lib/python3.12/site-packages/airflow/example_dags/example_subdag_operator.py                                                           3           0  0.21s           2025-03-18T11:00:58                      20
/usr/local/python/3.12.1/lib/python3.12/site-packages/airflow/example_dags/example_short_circuit_operator.py                                                    1           0  0.21s           2025-03-18T11:00:56                      10
/usr/local/python/3.12.1/lib/python3.12/site-packages/airflow/example_dags/example_dag_decorator.py                                                             1           0  0.21s           2025-03-18T11:00:52                      32
/usr/local/python/3.12.1/lib/python3.12/site-packages/airflow/example_dags/example_params_trigger_ui.py                                                         1           0  0.21s           2025-03-18T11:01:06                      10
/usr/local/python/3.12.1/lib/python3.12/site-packages/airflow/example_dags/example_inlet_event_extra.py                                                         2           0  0.21s           2025-03-18T11:01:13                      15
/usr/local/python/3.12.1/lib/python3.12/site-packages/airflow/example_dags/example_bash_decorator.py                                                            1           0  0.12s           2025-03-18T11:00:55                      10
/usr/local/python/3.12.1/lib/python3.12/site-packages/airflow/example_dags/example_sensor_decorator.py                                                          1           0  0.12s           2025-03-18T11:00:59                      10
/usr/local/python/3.12.1/lib/python3.12/site-packages/airflow/example_dags/example_setup_teardown.py                                                            1           0  0.11s           2025-03-18T11:01:02                      10
/usr/local/python/3.12.1/lib/python3.12/site-packages/airflow/example_dags/example_xcomargs.py                                                                  2           0  0.11s           2025-03-18T11:00:45                      13
/usr/local/python/3.12.1/lib/python3.12/site-packages/airflow/example_dags/example_local_kubernetes_executor.py                                                 0           0  0.11s           2025-03-18T11:00:49                       3
/usr/local/python/3.12.1/lib/python3.12/site-packages/airflow/example_dags/example_skip_dag.py                                                                  1           0  0.11s           2025-03-18T11:00:49                      12
/usr/local/python/3.12.1/lib/python3.12/site-packages/airflow/example_dags/example_setup_teardown_taskflow.py                                                   1           0  0.11s           2025-03-18T11:01:03                      10
/usr/local/python/3.12.1/lib/python3.12/site-packages/airflow/example_dags/example_python_operator.py                                                           1           0  0.11s           2025-03-18T11:01:04                      10
/usr/local/python/3.12.1/lib/python3.12/site-packages/airflow/example_dags/example_python_decorator.py                                                          1           0  0.11s           2025-03-18T11:01:05                      10
/usr/local/python/3.12.1/lib/python3.12/site-packages/airflow/example_dags/example_sla_dag.py                                                                   1           0  0.11s           2025-03-18T11:00:47                      12
/usr/local/python/3.12.1/lib/python3.12/site-packages/airflow/example_dags/example_branch_day_of_week_operator.py                                               1           0  0.11s           2025-03-18T11:01:19                      12
/usr/local/python/3.12.1/lib/python3.12/site-packages/airflow/example_dags/example_branch_python_dop_operator_3.py                                              1           0  0.11s           2025-03-18T11:00:53                      12
/usr/local/python/3.12.1/lib/python3.12/site-packages/airflow/example_dags/example_latest_only.py                                                               1           0  0.11s           2025-03-18T11:01:10                      12
/usr/local/python/3.12.1/lib/python3.12/site-packages/airflow/example_dags/example_task_group_decorator.py                                                      1           0  0.11s           2025-03-18T11:00:45                      10
/usr/local/python/3.12.1/lib/python3.12/site-packages/airflow/example_dags/example_branch_labels.py                                                             1           0  0.11s           2025-03-18T11:00:29                      12
/usr/local/python/3.12.1/lib/python3.12/site-packages/airflow/example_dags/example_datasets.py                                                                 10           0  0.11s           2025-03-18T11:00:26                      49
/usr/local/python/3.12.1/lib/python3.12/site-packages/airflow/example_dags/example_xcom.py                                                                      1           0  0.11s           2025-03-18T11:01:31                      12
/usr/local/python/3.12.1/lib/python3.12/site-packages/airflow/example_dags/example_dataset_alias_with_no_taskflow.py                                            4           0  0.11s           2025-03-18T11:01:18                      27
/usr/local/python/3.12.1/lib/python3.12/site-packages/airflow/example_dags/plugins/decreasing_priority_weight_strategy.py                                       0           0  0.11s           2025-03-18T11:01:26                       3
/usr/local/python/3.12.1/lib/python3.12/site-packages/airflow/example_dags/tutorial.py                                                                          1           0  0.11s           2025-03-18T11:01:34                      12
/usr/local/python/3.12.1/lib/python3.12/site-packages/airflow/example_dags/example_branch_operator_decorator.py                                                 1           0  0.11s           2025-03-18T11:00:51                      12
/usr/local/python/3.12.1/lib/python3.12/site-packages/airflow/example_dags/tutorial_taskflow_api.py                                                             1           0  0.11s           2025-03-18T11:01:26                      10
/usr/local/python/3.12.1/lib/python3.12/site-packages/airflow/example_dags/example_kubernetes_executor.py                                                       0           0  0.11s           2025-03-18T11:01:13                       3
/usr/local/python/3.12.1/lib/python3.12/site-packages/airflow/example_dags/example_passing_params_via_test_command.py                                           1           0  0.11s           2025-03-18T11:01:07                      12
/usr/local/python/3.12.1/lib/python3.12/site-packages/airflow/example_dags/subdags/subdag.py                                                                    0           0  0.11s           2025-03-18T11:01:21                       3
/usr/local/python/3.12.1/lib/python3.12/site-packages/airflow/example_dags/tutorial_objectstorage.py                                                            1           0  0.11s           2025-03-18T11:01:29                      10
/usr/local/python/3.12.1/lib/python3.12/site-packages/airflow/example_dags/example_dynamic_task_mapping.py                                                      1           0  0.11s           2025-03-18T11:01:18                      10
/usr/local/python/3.12.1/lib/python3.12/site-packages/airflow/example_dags/example_latest_only_with_trigger.py                                                  1           0  0.11s           2025-03-18T11:01:11                      12
/usr/local/python/3.12.1/lib/python3.12/site-packages/airflow/example_dags/tutorial_taskflow_templates.py                                                       1           0  0.11s           2025-03-18T11:01:30                      12
/usr/local/python/3.12.1/lib/python3.12/site-packages/airflow/example_dags/example_complex.py                                                                   1           0  0.11s           2025-03-18T11:00:27                      10
/usr/local/python/3.12.1/lib/python3.12/site-packages/airflow/example_dags/example_nested_branch_dag.py                                                         1           0  0.11s           2025-03-18T11:01:14                      12
/usr/local/python/3.12.1/lib/python3.12/site-packages/airflow/example_dags/example_trigger_target_dag.py                                                        1           0  0.11s           2025-03-18T11:01:32                      10
/usr/local/python/3.12.1/lib/python3.12/site-packages/airflow/example_dags/example_params_ui_tutorial.py                                                        1           0  0.11s           2025-03-18T11:01:09                      10
/usr/local/python/3.12.1/lib/python3.12/site-packages/airflow/example_dags/plugins/listener_plugin.py                                                           0           0  0.11s           2025-03-18T11:01:22                       3
/usr/local/python/3.12.1/lib/python3.12/site-packages/airflow/example_dags/example_dynamic_task_mapping_with_no_taskflow_operators.py                           1           0  0.11s           2025-03-18T11:01:16                      10
/usr/local/python/3.12.1/lib/python3.12/site-packages/airflow/example_dags/example_time_delta_sensor_async.py                                                   1           0  0.11s           2025-03-18T11:00:46                      10
/usr/local/python/3.12.1/lib/python3.12/site-packages/airflow/example_dags/plugins/workday.py                                                                   0           0  0.11s           2025-03-18T11:01:24                       3
/usr/local/python/3.12.1/lib/python3.12/site-packages/airflow/example_dags/tutorial_taskflow_api_virtualenv.py                                                  1           0  0.11s           2025-03-18T11:01:27                      10
/usr/local/python/3.12.1/lib/python3.12/site-packages/airflow/example_dags/example_trigger_controller_dag.py                                                    1           0  0.11s           2025-03-18T11:01:34                      12
/usr/local/python/3.12.1/lib/python3.12/site-packages/airflow/example_dags/tutorial_dag.py                                                                      1           0  0.11s           2025-03-18T11:01:28                      10
/usr/local/python/3.12.1/lib/python3.12/site-packages/airflow/example_dags/example_bash_operator.py                                                             1           0  0.11s           2025-03-18T11:01:20                      12
/usr/local/python/3.12.1/lib/python3.12/site-packages/airflow/example_dags/example_workday_timetable.py                                                         1           0  0.11s           2025-03-18T11:01:33                      12
/usr/local/python/3.12.1/lib/python3.12/site-packages/airflow/example_dags/example_external_task_marker_dag.py                                                  2           0  0.11s           2025-03-18T11:00:50                      13
/usr/local/python/3.12.1/lib/python3.12/site-packages/airflow/example_dags/plugins/event_listener.py                                                            0           0  0.11s           2025-03-18T11:01:25                       3
/usr/local/python/3.12.1/lib/python3.12/site-packages/airflow/example_dags/example_outlet_event_extra.py                                                        3           0  0.11s           2025-03-18T11:01:08                      19
/usr/local/python/3.12.1/lib/python3.12/site-packages/airflow/example_dags/example_display_name.py                                                              1           0  0.11s           2025-03-18T11:01:16                      10
/usr/local/python/3.12.1/lib/python3.12/site-packages/airflow/example_dags/example_dataset_alias.py                                                             4           0  0.11s           2025-03-18T11:01:17                      27
/usr/local/python/3.12.1/lib/python3.12/site-packages/airflow/example_dags/example_branch_operator.py                                                           1           0  0.11s           2025-03-18T11:00:28                      12
================================================================================
[2025-03-18T11:02:04.941+0000] {manager.py:997} INFO - 
================================================================================
DAG File Processing Stats

File Path                                                                                                                              PID    Runtime      # DAGs    # Errors  Last Runtime    Last Run               Last # of DB Queries
-------------------------------------------------------------------------------------------------------------------------------------  -----  ---------  --------  ----------  --------------  -------------------  ----------------------
/usr/local/python/3.12.1/lib/python3.12/site-packages/airflow/example_dags/example_branch_datetime_operator.py                                                  3           0  0.22s           2025-03-18T11:00:54                      18
/usr/local/python/3.12.1/lib/python3.12/site-packages/airflow/example_dags/example_dag_decorator.py                                                             1           0  0.21s           2025-03-18T11:00:52                      32
/usr/local/python/3.12.1/lib/python3.12/site-packages/airflow/example_dags/example_bash_decorator.py                                                            1           0  0.12s           2025-03-18T11:00:55                      10
/usr/local/python/3.12.1/lib/python3.12/site-packages/airflow/example_dags/example_external_task_marker_dag.py                                                  2           0  0.11s           2025-03-18T11:01:41                      13
/usr/local/python/3.12.1/lib/python3.12/site-packages/airflow/example_dags/example_outlet_event_extra.py                                                        3           0  0.11s           2025-03-18T11:02:00                      19
/usr/local/python/3.12.1/lib/python3.12/site-packages/airflow/example_dags/example_datasets.py                                                                 10           0  0.11s           2025-03-18T11:01:42                      49
/usr/local/python/3.12.1/lib/python3.12/site-packages/airflow/example_dags/example_branch_day_of_week_operator.py                                               1           0  0.11s           2025-03-18T11:01:19                      12
/usr/local/python/3.12.1/lib/python3.12/site-packages/airflow/example_dags/example_branch_python_dop_operator_3.py                                              1           0  0.11s           2025-03-18T11:00:53                      12
/usr/local/python/3.12.1/lib/python3.12/site-packages/airflow/example_dags/example_branch_operator.py                                                           1           0  0.11s           2025-03-18T11:01:44                      12
/usr/local/python/3.12.1/lib/python3.12/site-packages/airflow/example_dags/example_python_decorator.py                                                          1           0  0.11s           2025-03-18T11:01:56                      10
/usr/local/python/3.12.1/lib/python3.12/site-packages/airflow/example_dags/example_short_circuit_decorator.py                                                   1           0  0.11s           2025-03-18T11:01:53                      10
/usr/local/python/3.12.1/lib/python3.12/site-packages/airflow/example_dags/example_time_delta_sensor_async.py                                                   1           0  0.11s           2025-03-18T11:01:37                      10
/usr/local/python/3.12.1/lib/python3.12/site-packages/airflow/example_dags/example_params_ui_tutorial.py                                                        1           0  0.11s           2025-03-18T11:02:01                      10
/usr/local/python/3.12.1/lib/python3.12/site-packages/airflow/example_dags/example_local_kubernetes_executor.py                                                 0           0  0.11s           2025-03-18T11:01:40                       3
/usr/local/python/3.12.1/lib/python3.12/site-packages/airflow/example_dags/example_params_trigger_ui.py                                                         1           0  0.11s           2025-03-18T11:01:58                      10
/usr/local/python/3.12.1/lib/python3.12/site-packages/airflow/example_dags/example_xcom.py                                                                      1           0  0.11s           2025-03-18T11:01:31                      12
/usr/local/python/3.12.1/lib/python3.12/site-packages/airflow/example_dags/example_dataset_alias_with_no_taskflow.py                                            4           0  0.11s           2025-03-18T11:01:18                      27
/usr/local/python/3.12.1/lib/python3.12/site-packages/airflow/example_dags/example_sla_dag.py                                                                   1           0  0.11s           2025-03-18T11:01:38                      12
/usr/local/python/3.12.1/lib/python3.12/site-packages/airflow/example_dags/plugins/decreasing_priority_weight_strategy.py                                       0           0  0.11s           2025-03-18T11:01:26                       3
/usr/local/python/3.12.1/lib/python3.12/site-packages/airflow/example_dags/example_setup_teardown_taskflow.py                                                   1           0  0.11s           2025-03-18T11:01:54                      10
/usr/local/python/3.12.1/lib/python3.12/site-packages/airflow/example_dags/example_skip_dag.py                                                                  1           0  0.11s           2025-03-18T11:01:39                      12
/usr/local/python/3.12.1/lib/python3.12/site-packages/airflow/example_dags/example_kubernetes_executor.py                                                       0           0  0.11s           2025-03-18T11:02:04                       3
/usr/local/python/3.12.1/lib/python3.12/site-packages/airflow/example_dags/example_python_operator.py                                                           1           0  0.11s           2025-03-18T11:01:56                      10
/usr/local/python/3.12.1/lib/python3.12/site-packages/airflow/example_dags/tutorial.py                                                                          1           0  0.11s           2025-03-18T11:01:34                      12
/usr/local/python/3.12.1/lib/python3.12/site-packages/airflow/example_dags/example_subdag_operator.py                                                           3           0  0.11s           2025-03-18T11:01:49                      20
/usr/local/python/3.12.1/lib/python3.12/site-packages/airflow/example_dags/example_passing_params_via_test_command.py                                           1           0  0.11s           2025-03-18T11:01:59                      12
/usr/local/python/3.12.1/lib/python3.12/site-packages/airflow/example_dags/tutorial_taskflow_api.py                                                             1           0  0.11s           2025-03-18T11:01:26                      10
/usr/local/python/3.12.1/lib/python3.12/site-packages/airflow/example_dags/example_xcomargs.py                                                                  2           0  0.11s           2025-03-18T11:01:35                      13
/usr/local/python/3.12.1/lib/python3.12/site-packages/airflow/example_dags/example_task_group.py                                                                1           0  0.11s           2025-03-18T11:01:49                      10
/usr/local/python/3.12.1/lib/python3.12/site-packages/airflow/example_dags/example_short_circuit_operator.py                                                    1           0  0.11s           2025-03-18T11:01:47                      10
/usr/local/python/3.12.1/lib/python3.12/site-packages/airflow/example_dags/example_complex.py                                                                   1           0  0.11s           2025-03-18T11:01:44                      10
/usr/local/python/3.12.1/lib/python3.12/site-packages/airflow/example_dags/example_sensor_decorator.py                                                          1           0  0.11s           2025-03-18T11:01:50                      10
/usr/local/python/3.12.1/lib/python3.12/site-packages/airflow/example_dags/subdags/subdag.py                                                                    0           0  0.11s           2025-03-18T11:01:21                       3
/usr/local/python/3.12.1/lib/python3.12/site-packages/airflow/example_dags/example_setup_teardown.py                                                            1           0  0.11s           2025-03-18T11:01:54                      10
/usr/local/python/3.12.1/lib/python3.12/site-packages/airflow/example_dags/example_latest_only_with_trigger.py                                                  1           0  0.11s           2025-03-18T11:02:03                      12
/usr/local/python/3.12.1/lib/python3.12/site-packages/airflow/example_dags/example_sensors.py                                                                   1           0  0.11s           2025-03-18T11:01:52                      10
/usr/local/python/3.12.1/lib/python3.12/site-packages/airflow/example_dags/example_latest_only.py                                                               1           0  0.11s           2025-03-18T11:02:02                      12
/usr/local/python/3.12.1/lib/python3.12/site-packages/airflow/example_dags/tutorial_objectstorage.py                                                            1           0  0.11s           2025-03-18T11:01:29                      10
/usr/local/python/3.12.1/lib/python3.12/site-packages/airflow/example_dags/example_dynamic_task_mapping.py                                                      1           0  0.11s           2025-03-18T11:01:18                      10
/usr/local/python/3.12.1/lib/python3.12/site-packages/airflow/example_dags/tutorial_taskflow_templates.py                                                       1           0  0.11s           2025-03-18T11:01:30                      12
/usr/local/python/3.12.1/lib/python3.12/site-packages/airflow/example_dags/example_nested_branch_dag.py                                                         1           0  0.11s           2025-03-18T11:01:14                      12
/usr/local/python/3.12.1/lib/python3.12/site-packages/airflow/example_dags/example_trigger_target_dag.py                                                        1           0  0.11s           2025-03-18T11:01:32                      10
/usr/local/python/3.12.1/lib/python3.12/site-packages/airflow/example_dags/example_inlet_event_extra.py                                                         2           0  0.11s           2025-03-18T11:02:04                      15
/usr/local/python/3.12.1/lib/python3.12/site-packages/airflow/example_dags/plugins/listener_plugin.py                                                           0           0  0.11s           2025-03-18T11:01:22                       3
/usr/local/python/3.12.1/lib/python3.12/site-packages/airflow/example_dags/example_dynamic_task_mapping_with_no_taskflow_operators.py                           1           0  0.11s           2025-03-18T11:01:16                      10
/usr/local/python/3.12.1/lib/python3.12/site-packages/airflow/example_dags/plugins/workday.py                                                                   0           0  0.11s           2025-03-18T11:01:24                       3
/usr/local/python/3.12.1/lib/python3.12/site-packages/airflow/example_dags/example_branch_operator_decorator.py                                                 1           0  0.11s           2025-03-18T11:01:46                      12
/usr/local/python/3.12.1/lib/python3.12/site-packages/airflow/example_dags/tutorial_taskflow_api_virtualenv.py                                                  1           0  0.11s           2025-03-18T11:01:27                      10
/usr/local/python/3.12.1/lib/python3.12/site-packages/airflow/example_dags/example_trigger_controller_dag.py                                                    1           0  0.11s           2025-03-18T11:01:34                      12
/usr/local/python/3.12.1/lib/python3.12/site-packages/airflow/example_dags/tutorial_dag.py                                                                      1           0  0.11s           2025-03-18T11:01:28                      10
/usr/local/python/3.12.1/lib/python3.12/site-packages/airflow/example_dags/example_branch_labels.py                                                             1           0  0.11s           2025-03-18T11:01:45                      12
/usr/local/python/3.12.1/lib/python3.12/site-packages/airflow/example_dags/example_bash_operator.py                                                             1           0  0.11s           2025-03-18T11:01:20                      12
/usr/local/python/3.12.1/lib/python3.12/site-packages/airflow/example_dags/example_task_group_decorator.py                                                      1           0  0.11s           2025-03-18T11:01:36                      10
/usr/local/python/3.12.1/lib/python3.12/site-packages/airflow/example_dags/example_workday_timetable.py                                                         1           0  0.11s           2025-03-18T11:01:33                      12
/usr/local/python/3.12.1/lib/python3.12/site-packages/airflow/example_dags/plugins/event_listener.py                                                            0           0  0.11s           2025-03-18T11:01:25                       3
/usr/local/python/3.12.1/lib/python3.12/site-packages/airflow/example_dags/example_display_name.py                                                              1           0  0.11s           2025-03-18T11:01:16                      10
/usr/local/python/3.12.1/lib/python3.12/site-packages/airflow/example_dags/example_dataset_alias.py                                                             4           0  0.11s           2025-03-18T11:01:17                      27
================================================================================
[2025-03-18T11:02:35.218+0000] {manager.py:997} INFO - 
================================================================================
DAG File Processing Stats

File Path                                                                                                                              PID    Runtime      # DAGs    # Errors  Last Runtime    Last Run               Last # of DB Queries
-------------------------------------------------------------------------------------------------------------------------------------  -----  ---------  --------  ----------  --------------  -------------------  ----------------------
/usr/local/python/3.12.1/lib/python3.12/site-packages/airflow/example_dags/example_dag_decorator.py                                                             1           0  0.21s           2025-03-18T11:02:09                      32
/usr/local/python/3.12.1/lib/python3.12/site-packages/airflow/example_dags/example_outlet_event_extra.py                                                        3           0  0.11s           2025-03-18T11:02:00                      19
/usr/local/python/3.12.1/lib/python3.12/site-packages/airflow/example_dags/example_datasets.py                                                                 10           0  0.11s           2025-03-18T11:01:42                      49
/usr/local/python/3.12.1/lib/python3.12/site-packages/airflow/example_dags/example_branch_day_of_week_operator.py                                               1           0  0.11s           2025-03-18T11:01:19                      12
/usr/local/python/3.12.1/lib/python3.12/site-packages/airflow/example_dags/tutorial_taskflow_api_virtualenv.py                                                  1           0  0.11s           2025-03-18T11:02:19                      10
/usr/local/python/3.12.1/lib/python3.12/site-packages/airflow/example_dags/example_branch_operator.py                                                           1           0  0.11s           2025-03-18T11:01:44                      12
/usr/local/python/3.12.1/lib/python3.12/site-packages/airflow/example_dags/example_python_decorator.py                                                          1           0  0.11s           2025-03-18T11:01:56                      10
/usr/local/python/3.12.1/lib/python3.12/site-packages/airflow/example_dags/example_short_circuit_decorator.py                                                   1           0  0.11s           2025-03-18T11:01:53                      10
/usr/local/python/3.12.1/lib/python3.12/site-packages/airflow/example_dags/example_params_ui_tutorial.py                                                        1           0  0.11s           2025-03-18T11:02:01                      10
/usr/local/python/3.12.1/lib/python3.12/site-packages/airflow/example_dags/tutorial_dag.py                                                                      1           0  0.11s           2025-03-18T11:02:20                      10
/usr/local/python/3.12.1/lib/python3.12/site-packages/airflow/example_dags/example_params_trigger_ui.py                                                         1           0  0.11s           2025-03-18T11:01:58                      10
/usr/local/python/3.12.1/lib/python3.12/site-packages/airflow/example_dags/example_workday_timetable.py                                                         1           0  0.11s           2025-03-18T11:02:25                      12
/usr/local/python/3.12.1/lib/python3.12/site-packages/airflow/example_dags/example_setup_teardown_taskflow.py                                                   1           0  0.11s           2025-03-18T11:01:54                      10
/usr/local/python/3.12.1/lib/python3.12/site-packages/airflow/example_dags/example_external_task_marker_dag.py                                                  2           0  0.11s           2025-03-18T11:02:33                      13
/usr/local/python/3.12.1/lib/python3.12/site-packages/airflow/example_dags/example_kubernetes_executor.py                                                       0           0  0.11s           2025-03-18T11:02:04                       3
/usr/local/python/3.12.1/lib/python3.12/site-packages/airflow/example_dags/example_python_operator.py                                                           1           0  0.11s           2025-03-18T11:01:56                      10
/usr/local/python/3.12.1/lib/python3.12/site-packages/airflow/example_dags/example_nested_branch_dag.py                                                         1           0  0.11s           2025-03-18T11:02:05                      12
/usr/local/python/3.12.1/lib/python3.12/site-packages/airflow/example_dags/example_dynamic_task_mapping.py                                                      1           0  0.11s           2025-03-18T11:02:34                      10
/usr/local/python/3.12.1/lib/python3.12/site-packages/airflow/example_dags/plugins/decreasing_priority_weight_strategy.py                                       0           0  0.11s           2025-03-18T11:02:17                       3
/usr/local/python/3.12.1/lib/python3.12/site-packages/airflow/example_dags/example_dynamic_task_mapping_with_no_taskflow_operators.py                           1           0  0.11s           2025-03-18T11:02:07                      10
/usr/local/python/3.12.1/lib/python3.12/site-packages/airflow/example_dags/example_subdag_operator.py                                                           3           0  0.11s           2025-03-18T11:01:49                      20
/usr/local/python/3.12.1/lib/python3.12/site-packages/airflow/example_dags/example_trigger_target_dag.py                                                        1           0  0.11s           2025-03-18T11:02:24                      10
/usr/local/python/3.12.1/lib/python3.12/site-packages/airflow/example_dags/example_passing_params_via_test_command.py                                           1           0  0.11s           2025-03-18T11:01:59                      12
/usr/local/python/3.12.1/lib/python3.12/site-packages/airflow/example_dags/plugins/event_listener.py                                                            0           0  0.11s           2025-03-18T11:02:16                       3
/usr/local/python/3.12.1/lib/python3.12/site-packages/airflow/example_dags/tutorial_taskflow_api.py                                                             1           0  0.11s           2025-03-18T11:02:18                      10
/usr/local/python/3.12.1/lib/python3.12/site-packages/airflow/example_dags/example_task_group.py                                                                1           0  0.11s           2025-03-18T11:01:49                      10
/usr/local/python/3.12.1/lib/python3.12/site-packages/airflow/example_dags/example_local_kubernetes_executor.py                                                 0           0  0.11s           2025-03-18T11:02:32                       3
/usr/local/python/3.12.1/lib/python3.12/site-packages/airflow/example_dags/plugins/workday.py                                                                   0           0  0.11s           2025-03-18T11:02:15                       3
/usr/local/python/3.12.1/lib/python3.12/site-packages/airflow/example_dags/example_xcom.py                                                                      1           0  0.11s           2025-03-18T11:02:22                      12
/usr/local/python/3.12.1/lib/python3.12/site-packages/airflow/example_dags/example_sla_dag.py                                                                   1           0  0.11s           2025-03-18T11:02:30                      12
/usr/local/python/3.12.1/lib/python3.12/site-packages/airflow/example_dags/example_task_group_decorator.py                                                      1           0  0.11s           2025-03-18T11:02:28                      10
/usr/local/python/3.12.1/lib/python3.12/site-packages/airflow/example_dags/example_short_circuit_operator.py                                                    1           0  0.11s           2025-03-18T11:01:47                      10
/usr/local/python/3.12.1/lib/python3.12/site-packages/airflow/example_dags/tutorial_objectstorage.py                                                            1           0  0.11s           2025-03-18T11:02:20                      10
/usr/local/python/3.12.1/lib/python3.12/site-packages/airflow/example_dags/example_complex.py                                                                   1           0  0.11s           2025-03-18T11:01:44                      10
/usr/local/python/3.12.1/lib/python3.12/site-packages/airflow/example_dags/example_display_name.py                                                              1           0  0.11s           2025-03-18T11:02:06                      10
/usr/local/python/3.12.1/lib/python3.12/site-packages/airflow/example_dags/example_dataset_alias.py                                                             4           0  0.11s           2025-03-18T11:02:08                      27
/usr/local/python/3.12.1/lib/python3.12/site-packages/airflow/example_dags/example_branch_datetime_operator.py                                                  3           0  0.11s           2025-03-18T11:02:11                      18
/usr/local/python/3.12.1/lib/python3.12/site-packages/airflow/example_dags/plugins/listener_plugin.py                                                           0           0  0.11s           2025-03-18T11:02:14                       3
/usr/local/python/3.12.1/lib/python3.12/site-packages/airflow/example_dags/example_sensor_decorator.py                                                          1           0  0.11s           2025-03-18T11:01:50                      10
/usr/local/python/3.12.1/lib/python3.12/site-packages/airflow/example_dags/example_setup_teardown.py                                                            1           0  0.11s           2025-03-18T11:01:54                      10
/usr/local/python/3.12.1/lib/python3.12/site-packages/airflow/example_dags/example_latest_only_with_trigger.py                                                  1           0  0.11s           2025-03-18T11:02:03                      12
/usr/local/python/3.12.1/lib/python3.12/site-packages/airflow/example_dags/example_bash_decorator.py                                                            1           0  0.11s           2025-03-18T11:02:12                      10
/usr/local/python/3.12.1/lib/python3.12/site-packages/airflow/example_dags/example_branch_python_dop_operator_3.py                                              1           0  0.11s           2025-03-18T11:02:10                      12
/usr/local/python/3.12.1/lib/python3.12/site-packages/airflow/example_dags/tutorial_taskflow_templates.py                                                       1           0  0.11s           2025-03-18T11:02:21                      12
/usr/local/python/3.12.1/lib/python3.12/site-packages/airflow/example_dags/example_sensors.py                                                                   1           0  0.11s           2025-03-18T11:01:52                      10
/usr/local/python/3.12.1/lib/python3.12/site-packages/airflow/example_dags/example_latest_only.py                                                               1           0  0.11s           2025-03-18T11:02:02                      12
/usr/local/python/3.12.1/lib/python3.12/site-packages/airflow/example_dags/example_xcomargs.py                                                                  2           0  0.11s           2025-03-18T11:02:27                      13
/usr/local/python/3.12.1/lib/python3.12/site-packages/airflow/example_dags/example_inlet_event_extra.py                                                         2           0  0.11s           2025-03-18T11:02:04                      15
/usr/local/python/3.12.1/lib/python3.12/site-packages/airflow/example_dags/tutorial.py                                                                          1           0  0.11s           2025-03-18T11:02:26                      12
/usr/local/python/3.12.1/lib/python3.12/site-packages/airflow/example_dags/subdags/subdag.py                                                                    0           0  0.11s           2025-03-18T11:02:13                       3
/usr/local/python/3.12.1/lib/python3.12/site-packages/airflow/example_dags/example_trigger_controller_dag.py                                                    1           0  0.11s           2025-03-18T11:02:25                      12
/usr/local/python/3.12.1/lib/python3.12/site-packages/airflow/example_dags/example_branch_operator_decorator.py                                                 1           0  0.11s           2025-03-18T11:01:46                      12
/usr/local/python/3.12.1/lib/python3.12/site-packages/airflow/example_dags/example_dataset_alias_with_no_taskflow.py                                            4           0  0.11s           2025-03-18T11:02:35                      27
/usr/local/python/3.12.1/lib/python3.12/site-packages/airflow/example_dags/example_time_delta_sensor_async.py                                                   1           0  0.11s           2025-03-18T11:02:29                      10
/usr/local/python/3.12.1/lib/python3.12/site-packages/airflow/example_dags/example_branch_labels.py                                                             1           0  0.11s           2025-03-18T11:01:45                      12
/usr/local/python/3.12.1/lib/python3.12/site-packages/airflow/example_dags/example_bash_operator.py                                                             1           0  0.11s           2025-03-18T11:01:20                      12
/usr/local/python/3.12.1/lib/python3.12/site-packages/airflow/example_dags/example_skip_dag.py                                                                  1           0  0.10s           2025-03-18T11:02:30                      12
================================================================================
[2025-03-18T11:03:00.819+0000] {manager.py:821} INFO - Searching for files in /workspaces/Data-Management-for-ML/airflow/dags
[2025-03-18T11:03:00.833+0000] {manager.py:824} INFO - There are 57 files in /workspaces/Data-Management-for-ML/airflow/dags
[2025-03-18T11:03:05.495+0000] {manager.py:997} INFO - 
================================================================================
DAG File Processing Stats

File Path                                                                                                                              PID    Runtime      # DAGs    # Errors  Last Runtime    Last Run               Last # of DB Queries
-------------------------------------------------------------------------------------------------------------------------------------  -----  ---------  --------  ----------  --------------  -------------------  ----------------------
/usr/local/python/3.12.1/lib/python3.12/site-packages/airflow/example_dags/example_dag_decorator.py                                                             1           0  0.21s           2025-03-18T11:02:09                      32
/usr/local/python/3.12.1/lib/python3.12/site-packages/airflow/example_dags/example_display_name.py                                                              1           0  0.11s           2025-03-18T11:02:56                      10
/usr/local/python/3.12.1/lib/python3.12/site-packages/airflow/example_dags/tutorial_taskflow_api_virtualenv.py                                                  1           0  0.11s           2025-03-18T11:02:19                      10
/usr/local/python/3.12.1/lib/python3.12/site-packages/airflow/example_dags/example_datasets.py                                                                 10           0  0.11s           2025-03-18T11:02:36                      49
/usr/local/python/3.12.1/lib/python3.12/site-packages/airflow/example_dags/plugins/listener_plugin.py                                                           0           0  0.11s           2025-03-18T11:03:02                       3
/usr/local/python/3.12.1/lib/python3.12/site-packages/airflow/example_dags/plugins/event_listener.py                                                            0           0  0.11s           2025-03-18T11:03:05                       3
/usr/local/python/3.12.1/lib/python3.12/site-packages/airflow/example_dags/example_latest_only_with_trigger.py                                                  1           0  0.11s           2025-03-18T11:02:52                      12
/usr/local/python/3.12.1/lib/python3.12/site-packages/airflow/example_dags/example_bash_operator.py                                                             1           0  0.11s           2025-03-18T11:02:37                      12
/usr/local/python/3.12.1/lib/python3.12/site-packages/airflow/example_dags/tutorial_dag.py                                                                      1           0  0.11s           2025-03-18T11:02:20                      10
/usr/local/python/3.12.1/lib/python3.12/site-packages/airflow/example_dags/example_workday_timetable.py                                                         1           0  0.11s           2025-03-18T11:02:25                      12
/usr/local/python/3.12.1/lib/python3.12/site-packages/airflow/example_dags/example_external_task_marker_dag.py                                                  2           0  0.11s           2025-03-18T11:02:33                      13
/usr/local/python/3.12.1/lib/python3.12/site-packages/airflow/example_dags/example_complex.py                                                                   1           0  0.11s           2025-03-18T11:03:00                      10
/usr/local/python/3.12.1/lib/python3.12/site-packages/airflow/example_dags/example_nested_branch_dag.py                                                         1           0  0.11s           2025-03-18T11:02:56                      12
/usr/local/python/3.12.1/lib/python3.12/site-packages/airflow/example_dags/example_dynamic_task_mapping.py                                                      1           0  0.11s           2025-03-18T11:02:34                      10
/usr/local/python/3.12.1/lib/python3.12/site-packages/airflow/example_dags/plugins/decreasing_priority_weight_strategy.py                                       0           0  0.11s           2025-03-18T11:03:05                       3
/usr/local/python/3.12.1/lib/python3.12/site-packages/airflow/example_dags/example_trigger_target_dag.py                                                        1           0  0.11s           2025-03-18T11:02:24                      10
/usr/local/python/3.12.1/lib/python3.12/site-packages/airflow/example_dags/tutorial_taskflow_api.py                                                             1           0  0.11s           2025-03-18T11:02:18                      10
/usr/local/python/3.12.1/lib/python3.12/site-packages/airflow/example_dags/example_local_kubernetes_executor.py                                                 0           0  0.11s           2025-03-18T11:02:32                       3
/usr/local/python/3.12.1/lib/python3.12/site-packages/airflow/example_dags/example_xcom.py                                                                      1           0  0.11s           2025-03-18T11:02:22                      12
/usr/local/python/3.12.1/lib/python3.12/site-packages/airflow/example_dags/example_sla_dag.py                                                                   1           0  0.11s           2025-03-18T11:02:30                      12
/usr/local/python/3.12.1/lib/python3.12/site-packages/airflow/example_dags/example_task_group_decorator.py                                                      1           0  0.11s           2025-03-18T11:02:28                      10
/usr/local/python/3.12.1/lib/python3.12/site-packages/airflow/example_dags/example_params_ui_tutorial.py                                                        1           0  0.11s           2025-03-18T11:02:50                      10
/usr/local/python/3.12.1/lib/python3.12/site-packages/airflow/example_dags/example_branch_day_of_week_operator.py                                               1           0  0.11s           2025-03-18T11:02:37                      12
/usr/local/python/3.12.1/lib/python3.12/site-packages/airflow/example_dags/tutorial_objectstorage.py                                                            1           0  0.11s           2025-03-18T11:02:20                      10
/usr/local/python/3.12.1/lib/python3.12/site-packages/airflow/example_dags/plugins/workday.py                                                                   0           0  0.11s           2025-03-18T11:03:04                       3
/usr/local/python/3.12.1/lib/python3.12/site-packages/airflow/example_dags/example_setup_teardown_taskflow.py                                                   1           0  0.11s           2025-03-18T11:02:45                      10
/usr/local/python/3.12.1/lib/python3.12/site-packages/airflow/example_dags/example_setup_teardown.py                                                            1           0  0.11s           2025-03-18T11:02:44                      10
/usr/local/python/3.12.1/lib/python3.12/site-packages/airflow/example_dags/example_branch_datetime_operator.py                                                  3           0  0.11s           2025-03-18T11:02:11                      18
/usr/local/python/3.12.1/lib/python3.12/site-packages/airflow/example_dags/example_short_circuit_operator.py                                                    1           0  0.11s           2025-03-18T11:02:38                      10
/usr/local/python/3.12.1/lib/python3.12/site-packages/airflow/example_dags/example_bash_decorator.py                                                            1           0  0.11s           2025-03-18T11:02:12                      10
/usr/local/python/3.12.1/lib/python3.12/site-packages/airflow/example_dags/example_branch_python_dop_operator_3.py                                              1           0  0.11s           2025-03-18T11:02:10                      12
/usr/local/python/3.12.1/lib/python3.12/site-packages/airflow/example_dags/tutorial_taskflow_templates.py                                                       1           0  0.11s           2025-03-18T11:02:21                      12
/usr/local/python/3.12.1/lib/python3.12/site-packages/airflow/example_dags/example_python_decorator.py                                                          1           0  0.11s           2025-03-18T11:02:47                      10
/usr/local/python/3.12.1/lib/python3.12/site-packages/airflow/example_dags/example_inlet_event_extra.py                                                         2           0  0.11s           2025-03-18T11:02:54                      15
/usr/local/python/3.12.1/lib/python3.12/site-packages/airflow/example_dags/example_xcomargs.py                                                                  2           0  0.11s           2025-03-18T11:02:27                      13
/usr/local/python/3.12.1/lib/python3.12/site-packages/airflow/example_dags/example_subdag_operator.py                                                           3           0  0.11s           2025-03-18T11:02:40                      20
/usr/local/python/3.12.1/lib/python3.12/site-packages/airflow/example_dags/example_branch_labels.py                                                             1           0  0.11s           2025-03-18T11:03:00                      12
/usr/local/python/3.12.1/lib/python3.12/site-packages/airflow/example_dags/example_passing_params_via_test_command.py                                           1           0  0.11s           2025-03-18T11:02:48                      12
/usr/local/python/3.12.1/lib/python3.12/site-packages/airflow/example_dags/example_branch_operator_decorator.py                                                 1           0  0.11s           2025-03-18T11:03:01                      12
/usr/local/python/3.12.1/lib/python3.12/site-packages/airflow/example_dags/example_dataset_alias.py                                                             4           0  0.11s           2025-03-18T11:02:58                      27
/usr/local/python/3.12.1/lib/python3.12/site-packages/airflow/example_dags/example_short_circuit_decorator.py                                                   1           0  0.11s           2025-03-18T11:02:43                      10
/usr/local/python/3.12.1/lib/python3.12/site-packages/airflow/example_dags/subdags/subdag.py                                                                    0           0  0.11s           2025-03-18T11:03:01                       3
/usr/local/python/3.12.1/lib/python3.12/site-packages/airflow/example_dags/example_sensors.py                                                                   1           0  0.11s           2025-03-18T11:02:42                      10
/usr/local/python/3.12.1/lib/python3.12/site-packages/airflow/example_dags/example_dynamic_task_mapping_with_no_taskflow_operators.py                           1           0  0.11s           2025-03-18T11:02:57                      10
/usr/local/python/3.12.1/lib/python3.12/site-packages/airflow/example_dags/tutorial.py                                                                          1           0  0.11s           2025-03-18T11:02:26                      12
/usr/local/python/3.12.1/lib/python3.12/site-packages/airflow/example_dags/example_trigger_controller_dag.py                                                    1           0  0.11s           2025-03-18T11:02:25                      12
/usr/local/python/3.12.1/lib/python3.12/site-packages/airflow/example_dags/example_task_group.py                                                                1           0  0.11s           2025-03-18T11:02:39                      10
/usr/local/python/3.12.1/lib/python3.12/site-packages/airflow/example_dags/example_latest_only.py                                                               1           0  0.11s           2025-03-18T11:02:51                      12
/usr/local/python/3.12.1/lib/python3.12/site-packages/airflow/example_dags/example_kubernetes_executor.py                                                       0           0  0.11s           2025-03-18T11:02:53                       3
/usr/local/python/3.12.1/lib/python3.12/site-packages/airflow/example_dags/example_dataset_alias_with_no_taskflow.py                                            4           0  0.11s           2025-03-18T11:02:35                      27
/usr/local/python/3.12.1/lib/python3.12/site-packages/airflow/example_dags/example_sensor_decorator.py                                                          1           0  0.11s           2025-03-18T11:02:41                      10
/usr/local/python/3.12.1/lib/python3.12/site-packages/airflow/example_dags/example_time_delta_sensor_async.py                                                   1           0  0.11s           2025-03-18T11:02:29                      10
/usr/local/python/3.12.1/lib/python3.12/site-packages/airflow/example_dags/example_outlet_event_extra.py                                                        3           0  0.11s           2025-03-18T11:02:49                      19
/usr/local/python/3.12.1/lib/python3.12/site-packages/airflow/example_dags/example_python_operator.py                                                           1           0  0.11s           2025-03-18T11:02:46                      10
/usr/local/python/3.12.1/lib/python3.12/site-packages/airflow/example_dags/example_branch_operator.py                                                           1           0  0.11s           2025-03-18T11:03:00                      12
/usr/local/python/3.12.1/lib/python3.12/site-packages/airflow/example_dags/example_skip_dag.py                                                                  1           0  0.10s           2025-03-18T11:02:30                      12
/usr/local/python/3.12.1/lib/python3.12/site-packages/airflow/example_dags/example_params_trigger_ui.py                                                         1           0  0.10s           2025-03-18T11:02:47                      10
================================================================================
[2025-03-18T11:03:35.870+0000] {manager.py:997} INFO - 
================================================================================
DAG File Processing Stats

File Path                                                                                                                              PID    Runtime      # DAGs    # Errors  Last Runtime    Last Run               Last # of DB Queries
-------------------------------------------------------------------------------------------------------------------------------------  -----  ---------  --------  ----------  --------------  -------------------  ----------------------
/usr/local/python/3.12.1/lib/python3.12/site-packages/airflow/example_dags/example_dag_decorator.py                                                             1           0  0.21s           2025-03-18T11:03:20                      32
/usr/local/python/3.12.1/lib/python3.12/site-packages/airflow/example_dags/example_display_name.py                                                              1           0  0.11s           2025-03-18T11:02:56                      10
/usr/local/python/3.12.1/lib/python3.12/site-packages/airflow/example_dags/example_datasets.py                                                                 10           0  0.11s           2025-03-18T11:02:36                      49
/usr/local/python/3.12.1/lib/python3.12/site-packages/airflow/example_dags/plugins/listener_plugin.py                                                           0           0  0.11s           2025-03-18T11:03:02                       3
/usr/local/python/3.12.1/lib/python3.12/site-packages/airflow/example_dags/example_skip_dag.py                                                                  1           0  0.11s           2025-03-18T11:03:20                      12
/usr/local/python/3.12.1/lib/python3.12/site-packages/airflow/example_dags/plugins/event_listener.py                                                            0           0  0.11s           2025-03-18T11:03:05                       3
/usr/local/python/3.12.1/lib/python3.12/site-packages/airflow/example_dags/example_latest_only_with_trigger.py                                                  1           0  0.11s           2025-03-18T11:02:52                      12
/usr/local/python/3.12.1/lib/python3.12/site-packages/airflow/example_dags/example_bash_operator.py                                                             1           0  0.11s           2025-03-18T11:02:37                      12
/usr/local/python/3.12.1/lib/python3.12/site-packages/airflow/example_dags/tutorial_taskflow_templates.py                                                       1           0  0.11s           2025-03-18T11:03:10                      12
/usr/local/python/3.12.1/lib/python3.12/site-packages/airflow/example_dags/tutorial_taskflow_api_virtualenv.py                                                  1           0  0.11s           2025-03-18T11:03:06                      10
/usr/local/python/3.12.1/lib/python3.12/site-packages/airflow/example_dags/example_xcomargs.py                                                                  2           0  0.11s           2025-03-18T11:03:16                      13
/usr/local/python/3.12.1/lib/python3.12/site-packages/airflow/example_dags/example_external_task_marker_dag.py                                                  2           0  0.11s           2025-03-18T11:02:33                      13
/usr/local/python/3.12.1/lib/python3.12/site-packages/airflow/example_dags/tutorial_objectstorage.py                                                            1           0  0.11s           2025-03-18T11:03:09                      10
/usr/local/python/3.12.1/lib/python3.12/site-packages/airflow/example_dags/example_complex.py                                                                   1           0  0.11s           2025-03-18T11:03:00                      10
/usr/local/python/3.12.1/lib/python3.12/site-packages/airflow/example_dags/example_nested_branch_dag.py                                                         1           0  0.11s           2025-03-18T11:02:56                      12
/usr/local/python/3.12.1/lib/python3.12/site-packages/airflow/example_dags/example_dynamic_task_mapping.py                                                      1           0  0.11s           2025-03-18T11:02:34                      10
/usr/local/python/3.12.1/lib/python3.12/site-packages/airflow/example_dags/plugins/decreasing_priority_weight_strategy.py                                       0           0  0.11s           2025-03-18T11:03:05                       3
/usr/local/python/3.12.1/lib/python3.12/site-packages/airflow/example_dags/example_branch_datetime_operator.py                                                  3           0  0.11s           2025-03-18T11:03:22                      18
/usr/local/python/3.12.1/lib/python3.12/site-packages/airflow/example_dags/example_task_group.py                                                                1           0  0.11s           2025-03-18T11:03:25                      10
/usr/local/python/3.12.1/lib/python3.12/site-packages/airflow/example_dags/example_short_circuit_operator.py                                                    1           0  0.11s           2025-03-18T11:03:24                      10
/usr/local/python/3.12.1/lib/python3.12/site-packages/airflow/example_dags/example_task_group_decorator.py                                                      1           0  0.11s           2025-03-18T11:03:17                      10
/usr/local/python/3.12.1/lib/python3.12/site-packages/airflow/example_dags/example_trigger_controller_dag.py                                                    1           0  0.11s           2025-03-18T11:03:14                      12
/usr/local/python/3.12.1/lib/python3.12/site-packages/airflow/example_dags/example_local_kubernetes_executor.py                                                 0           0  0.11s           2025-03-18T11:02:32                       3
/usr/local/python/3.12.1/lib/python3.12/site-packages/airflow/example_dags/example_xcom.py                                                                      1           0  0.11s           2025-03-18T11:03:11                      12
/usr/local/python/3.12.1/lib/python3.12/site-packages/airflow/example_dags/example_params_ui_tutorial.py                                                        1           0  0.11s           2025-03-18T11:02:50                      10
/usr/local/python/3.12.1/lib/python3.12/site-packages/airflow/example_dags/example_branch_day_of_week_operator.py                                               1           0  0.11s           2025-03-18T11:02:37                      12
/usr/local/python/3.12.1/lib/python3.12/site-packages/airflow/example_dags/plugins/workday.py                                                                   0           0  0.11s           2025-03-18T11:03:04                       3
/usr/local/python/3.12.1/lib/python3.12/site-packages/airflow/example_dags/example_time_delta_sensor_async.py                                                   1           0  0.11s           2025-03-18T11:03:18                      10
/usr/local/python/3.12.1/lib/python3.12/site-packages/airflow/example_dags/tutorial_dag.py                                                                      1           0  0.11s           2025-03-18T11:03:07                      10
/usr/local/python/3.12.1/lib/python3.12/site-packages/airflow/example_dags/example_inlet_event_extra.py                                                         2           0  0.11s           2025-03-18T11:02:54                      15
/usr/local/python/3.12.1/lib/python3.12/site-packages/airflow/example_dags/example_workday_timetable.py                                                         1           0  0.11s           2025-03-18T11:03:13                      12
/usr/local/python/3.12.1/lib/python3.12/site-packages/airflow/example_dags/example_sla_dag.py                                                                   1           0  0.11s           2025-03-18T11:03:19                      12
/usr/local/python/3.12.1/lib/python3.12/site-packages/airflow/example_dags/example_setup_teardown.py                                                            1           0  0.11s           2025-03-18T11:03:30                      10
/usr/local/python/3.12.1/lib/python3.12/site-packages/airflow/example_dags/example_passing_params_via_test_command.py                                           1           0  0.11s           2025-03-18T11:03:35                      12
/usr/local/python/3.12.1/lib/python3.12/site-packages/airflow/example_dags/tutorial.py                                                                          1           0  0.11s           2025-03-18T11:03:15                      12
/usr/local/python/3.12.1/lib/python3.12/site-packages/airflow/example_dags/example_branch_labels.py                                                             1           0  0.11s           2025-03-18T11:03:00                      12
/usr/local/python/3.12.1/lib/python3.12/site-packages/airflow/example_dags/example_branch_operator_decorator.py                                                 1           0  0.11s           2025-03-18T11:03:01                      12
/usr/local/python/3.12.1/lib/python3.12/site-packages/airflow/example_dags/example_dataset_alias.py                                                             4           0  0.11s           2025-03-18T11:02:58                      27
/usr/local/python/3.12.1/lib/python3.12/site-packages/airflow/example_dags/example_subdag_operator.py                                                           3           0  0.11s           2025-03-18T11:03:26                      20
/usr/local/python/3.12.1/lib/python3.12/site-packages/airflow/example_dags/example_bash_decorator.py                                                            1           0  0.11s           2025-03-18T11:03:23                      10
/usr/local/python/3.12.1/lib/python3.12/site-packages/airflow/example_dags/example_trigger_target_dag.py                                                        1           0  0.11s           2025-03-18T11:03:12                      10
/usr/local/python/3.12.1/lib/python3.12/site-packages/airflow/example_dags/subdags/subdag.py                                                                    0           0  0.11s           2025-03-18T11:03:01                       3
/usr/local/python/3.12.1/lib/python3.12/site-packages/airflow/example_dags/example_python_operator.py                                                           1           0  0.11s           2025-03-18T11:03:32                      10
/usr/local/python/3.12.1/lib/python3.12/site-packages/airflow/example_dags/example_dynamic_task_mapping_with_no_taskflow_operators.py                           1           0  0.11s           2025-03-18T11:02:57                      10
/usr/local/python/3.12.1/lib/python3.12/site-packages/airflow/example_dags/example_sensor_decorator.py                                                          1           0  0.11s           2025-03-18T11:03:27                      10
/usr/local/python/3.12.1/lib/python3.12/site-packages/airflow/example_dags/example_short_circuit_decorator.py                                                   1           0  0.11s           2025-03-18T11:03:29                      10
/usr/local/python/3.12.1/lib/python3.12/site-packages/airflow/example_dags/example_latest_only.py                                                               1           0  0.11s           2025-03-18T11:02:51                      12
/usr/local/python/3.12.1/lib/python3.12/site-packages/airflow/example_dags/example_sensors.py                                                                   1           0  0.11s           2025-03-18T11:03:28                      10
/usr/local/python/3.12.1/lib/python3.12/site-packages/airflow/example_dags/example_kubernetes_executor.py                                                       0           0  0.11s           2025-03-18T11:02:53                       3
/usr/local/python/3.12.1/lib/python3.12/site-packages/airflow/example_dags/example_dataset_alias_with_no_taskflow.py                                            4           0  0.11s           2025-03-18T11:02:35                      27
/usr/local/python/3.12.1/lib/python3.12/site-packages/airflow/example_dags/tutorial_taskflow_api.py                                                             1           0  0.11s           2025-03-18T11:03:06                      10
/usr/local/python/3.12.1/lib/python3.12/site-packages/airflow/example_dags/example_outlet_event_extra.py                                                        3           0  0.11s           2025-03-18T11:02:49                      19
/usr/local/python/3.12.1/lib/python3.12/site-packages/airflow/example_dags/example_params_trigger_ui.py                                                         1           0  0.11s           2025-03-18T11:03:34                      10
/usr/local/python/3.12.1/lib/python3.12/site-packages/airflow/example_dags/example_branch_python_dop_operator_3.py                                              1           0  0.11s           2025-03-18T11:03:21                      12
/usr/local/python/3.12.1/lib/python3.12/site-packages/airflow/example_dags/example_python_decorator.py                                                          1           0  0.11s           2025-03-18T11:03:33                      10
/usr/local/python/3.12.1/lib/python3.12/site-packages/airflow/example_dags/example_setup_teardown_taskflow.py                                                   1           0  0.11s           2025-03-18T11:03:31                      10
/usr/local/python/3.12.1/lib/python3.12/site-packages/airflow/example_dags/example_branch_operator.py                                                           1           0  0.11s           2025-03-18T11:03:00                      12
================================================================================
[2025-03-18T11:04:06.146+0000] {manager.py:997} INFO - 
================================================================================
DAG File Processing Stats

File Path                                                                                                                              PID    Runtime      # DAGs    # Errors  Last Runtime    Last Run               Last # of DB Queries
-------------------------------------------------------------------------------------------------------------------------------------  -----  ---------  --------  ----------  --------------  -------------------  ----------------------
/usr/local/python/3.12.1/lib/python3.12/site-packages/airflow/example_dags/example_datasets.py                                                                 10           0  0.21s           2025-03-18T11:03:46                      49
/usr/local/python/3.12.1/lib/python3.12/site-packages/airflow/example_dags/example_dag_decorator.py                                                             1           0  0.21s           2025-03-18T11:03:20                      32
/usr/local/python/3.12.1/lib/python3.12/site-packages/airflow/example_dags/example_display_name.py                                                              1           0  0.11s           2025-03-18T11:02:56                      10
/usr/local/python/3.12.1/lib/python3.12/site-packages/airflow/example_dags/example_skip_dag.py                                                                  1           0  0.11s           2025-03-18T11:03:20                      12
/usr/local/python/3.12.1/lib/python3.12/site-packages/airflow/example_dags/example_latest_only.py                                                               1           0  0.11s           2025-03-18T11:03:38                      12
/usr/local/python/3.12.1/lib/python3.12/site-packages/airflow/example_dags/subdags/subdag.py                                                                    0           0  0.11s           2025-03-18T11:03:48                       3
/usr/local/python/3.12.1/lib/python3.12/site-packages/airflow/example_dags/example_complex.py                                                                   1           0  0.11s           2025-03-18T11:03:00                      10
/usr/local/python/3.12.1/lib/python3.12/site-packages/airflow/example_dags/tutorial.py                                                                          1           0  0.11s           2025-03-18T11:04:01                      12
/usr/local/python/3.12.1/lib/python3.12/site-packages/airflow/example_dags/example_outlet_event_extra.py                                                        3           0  0.11s           2025-03-18T11:03:37                      19
/usr/local/python/3.12.1/lib/python3.12/site-packages/airflow/example_dags/example_bash_operator.py                                                             1           0  0.11s           2025-03-18T11:03:47                      12
/usr/local/python/3.12.1/lib/python3.12/site-packages/airflow/example_dags/example_inlet_event_extra.py                                                         2           0  0.11s           2025-03-18T11:04:05                      15
/usr/local/python/3.12.1/lib/python3.12/site-packages/airflow/example_dags/example_branch_datetime_operator.py                                                  3           0  0.11s           2025-03-18T11:03:22                      18
/usr/local/python/3.12.1/lib/python3.12/site-packages/airflow/example_dags/example_branch_day_of_week_operator.py                                               1           0  0.11s           2025-03-18T11:03:47                      12
/usr/local/python/3.12.1/lib/python3.12/site-packages/airflow/example_dags/example_task_group.py                                                                1           0  0.11s           2025-03-18T11:03:25                      10
/usr/local/python/3.12.1/lib/python3.12/site-packages/airflow/example_dags/example_short_circuit_operator.py                                                    1           0  0.11s           2025-03-18T11:03:24                      10
/usr/local/python/3.12.1/lib/python3.12/site-packages/airflow/example_dags/plugins/decreasing_priority_weight_strategy.py                                       0           0  0.11s           2025-03-18T11:03:52                       3
/usr/local/python/3.12.1/lib/python3.12/site-packages/airflow/example_dags/tutorial_taskflow_templates.py                                                       1           0  0.11s           2025-03-18T11:03:57                      12
/usr/local/python/3.12.1/lib/python3.12/site-packages/airflow/example_dags/example_trigger_target_dag.py                                                        1           0  0.11s           2025-03-18T11:03:58                      10
/usr/local/python/3.12.1/lib/python3.12/site-packages/airflow/example_dags/plugins/listener_plugin.py                                                           0           0  0.11s           2025-03-18T11:03:49                       3
/usr/local/python/3.12.1/lib/python3.12/site-packages/airflow/example_dags/example_params_ui_tutorial.py                                                        1           0  0.11s           2025-03-18T11:03:37                      10
/usr/local/python/3.12.1/lib/python3.12/site-packages/airflow/example_dags/plugins/workday.py                                                                   0           0  0.11s           2025-03-18T11:03:50                       3
/usr/local/python/3.12.1/lib/python3.12/site-packages/airflow/example_dags/example_kubernetes_executor.py                                                       0           0  0.11s           2025-03-18T11:03:40                       3
/usr/local/python/3.12.1/lib/python3.12/site-packages/airflow/example_dags/plugins/event_listener.py                                                            0           0  0.11s           2025-03-18T11:03:51                       3
/usr/local/python/3.12.1/lib/python3.12/site-packages/airflow/example_dags/tutorial_taskflow_api.py                                                             1           0  0.11s           2025-03-18T11:03:53                      10
/usr/local/python/3.12.1/lib/python3.12/site-packages/airflow/example_dags/example_task_group_decorator.py                                                      1           0  0.11s           2025-03-18T11:04:03                      10
/usr/local/python/3.12.1/lib/python3.12/site-packages/airflow/example_dags/example_sla_dag.py                                                                   1           0  0.11s           2025-03-18T11:03:19                      12
/usr/local/python/3.12.1/lib/python3.12/site-packages/airflow/example_dags/example_xcom.py                                                                      1           0  0.11s           2025-03-18T11:03:58                      12
/usr/local/python/3.12.1/lib/python3.12/site-packages/airflow/example_dags/example_setup_teardown.py                                                            1           0  0.11s           2025-03-18T11:03:30                      10
/usr/local/python/3.12.1/lib/python3.12/site-packages/airflow/example_dags/example_passing_params_via_test_command.py                                           1           0  0.11s           2025-03-18T11:03:35                      12
/usr/local/python/3.12.1/lib/python3.12/site-packages/airflow/example_dags/example_branch_labels.py                                                             1           0  0.11s           2025-03-18T11:03:00                      12
/usr/local/python/3.12.1/lib/python3.12/site-packages/airflow/example_dags/example_branch_operator_decorator.py                                                 1           0  0.11s           2025-03-18T11:03:01                      12
/usr/local/python/3.12.1/lib/python3.12/site-packages/airflow/example_dags/example_xcomargs.py                                                                  2           0  0.11s           2025-03-18T11:04:02                      13
/usr/local/python/3.12.1/lib/python3.12/site-packages/airflow/example_dags/example_dataset_alias.py                                                             4           0  0.11s           2025-03-18T11:02:58                      27
/usr/local/python/3.12.1/lib/python3.12/site-packages/airflow/example_dags/example_subdag_operator.py                                                           3           0  0.11s           2025-03-18T11:03:26                      20
/usr/local/python/3.12.1/lib/python3.12/site-packages/airflow/example_dags/example_bash_decorator.py                                                            1           0  0.11s           2025-03-18T11:03:23                      10
/usr/local/python/3.12.1/lib/python3.12/site-packages/airflow/example_dags/example_external_task_marker_dag.py                                                  2           0  0.11s           2025-03-18T11:03:42                      13
/usr/local/python/3.12.1/lib/python3.12/site-packages/airflow/example_dags/tutorial_taskflow_api_virtualenv.py                                                  1           0  0.11s           2025-03-18T11:03:54                      10
/usr/local/python/3.12.1/lib/python3.12/site-packages/airflow/example_dags/example_dynamic_task_mapping.py                                                      1           0  0.11s           2025-03-18T11:03:43                      10
/usr/local/python/3.12.1/lib/python3.12/site-packages/airflow/example_dags/example_time_delta_sensor_async.py                                                   1           0  0.11s           2025-03-18T11:04:04                      10
/usr/local/python/3.12.1/lib/python3.12/site-packages/airflow/example_dags/example_python_operator.py                                                           1           0  0.11s           2025-03-18T11:03:32                      10
/usr/local/python/3.12.1/lib/python3.12/site-packages/airflow/example_dags/example_trigger_controller_dag.py                                                    1           0  0.11s           2025-03-18T11:04:00                      12
/usr/local/python/3.12.1/lib/python3.12/site-packages/airflow/example_dags/example_dynamic_task_mapping_with_no_taskflow_operators.py                           1           0  0.11s           2025-03-18T11:02:57                      10
/usr/local/python/3.12.1/lib/python3.12/site-packages/airflow/example_dags/example_dataset_alias_with_no_taskflow.py                                            4           0  0.11s           2025-03-18T11:03:45                      27
/usr/local/python/3.12.1/lib/python3.12/site-packages/airflow/example_dags/example_sensor_decorator.py                                                          1           0  0.11s           2025-03-18T11:03:27                      10
/usr/local/python/3.12.1/lib/python3.12/site-packages/airflow/example_dags/example_short_circuit_decorator.py                                                   1           0  0.11s           2025-03-18T11:03:29                      10
/usr/local/python/3.12.1/lib/python3.12/site-packages/airflow/example_dags/example_workday_timetable.py                                                         1           0  0.11s           2025-03-18T11:03:59                      12
/usr/local/python/3.12.1/lib/python3.12/site-packages/airflow/example_dags/example_sensors.py                                                                   1           0  0.11s           2025-03-18T11:03:28                      10
/usr/local/python/3.12.1/lib/python3.12/site-packages/airflow/example_dags/example_local_kubernetes_executor.py                                                 0           0  0.11s           2025-03-18T11:03:41                       3
/usr/local/python/3.12.1/lib/python3.12/site-packages/airflow/example_dags/tutorial_objectstorage.py                                                            1           0  0.11s           2025-03-18T11:03:56                      10
/usr/local/python/3.12.1/lib/python3.12/site-packages/airflow/example_dags/example_params_trigger_ui.py                                                         1           0  0.11s           2025-03-18T11:03:34                      10
/usr/local/python/3.12.1/lib/python3.12/site-packages/airflow/example_dags/example_branch_python_dop_operator_3.py                                              1           0  0.11s           2025-03-18T11:03:21                      12
/usr/local/python/3.12.1/lib/python3.12/site-packages/airflow/example_dags/tutorial_dag.py                                                                      1           0  0.11s           2025-03-18T11:03:55                      10
/usr/local/python/3.12.1/lib/python3.12/site-packages/airflow/example_dags/example_python_decorator.py                                                          1           0  0.11s           2025-03-18T11:03:33                      10
/usr/local/python/3.12.1/lib/python3.12/site-packages/airflow/example_dags/example_setup_teardown_taskflow.py                                                   1           0  0.11s           2025-03-18T11:03:31                      10
/usr/local/python/3.12.1/lib/python3.12/site-packages/airflow/example_dags/example_branch_operator.py                                                           1           0  0.11s           2025-03-18T11:03:00                      12
/usr/local/python/3.12.1/lib/python3.12/site-packages/airflow/example_dags/example_nested_branch_dag.py                                                         1           0  0.11s           2025-03-18T11:04:06                      12
/usr/local/python/3.12.1/lib/python3.12/site-packages/airflow/example_dags/example_latest_only_with_trigger.py                                                  1           0  0.10s           2025-03-18T11:03:39                      12
================================================================================
[2025-03-18T11:04:36.389+0000] {manager.py:997} INFO - 
================================================================================
DAG File Processing Stats

File Path                                                                                                                              PID    Runtime      # DAGs    # Errors  Last Runtime    Last Run               Last # of DB Queries
-------------------------------------------------------------------------------------------------------------------------------------  -----  ---------  --------  ----------  --------------  -------------------  ----------------------
/usr/local/python/3.12.1/lib/python3.12/site-packages/airflow/example_dags/example_datasets.py                                                                 10           0  0.21s           2025-03-18T11:03:46                      49
/usr/local/python/3.12.1/lib/python3.12/site-packages/airflow/example_dags/example_dag_decorator.py                                                             1           0  0.21s           2025-03-18T11:04:33                      32
/usr/local/python/3.12.1/lib/python3.12/site-packages/airflow/example_dags/subdags/subdag.py                                                                    0           0  0.11s           2025-03-18T11:03:48                       3
/usr/local/python/3.12.1/lib/python3.12/site-packages/airflow/example_dags/example_dataset_alias.py                                                             4           0  0.11s           2025-03-18T11:04:08                      27
/usr/local/python/3.12.1/lib/python3.12/site-packages/airflow/example_dags/example_dynamic_task_mapping_with_no_taskflow_operators.py                           1           0  0.11s           2025-03-18T11:04:08                      10
/usr/local/python/3.12.1/lib/python3.12/site-packages/airflow/example_dags/tutorial.py                                                                          1           0  0.11s           2025-03-18T11:04:01                      12
/usr/local/python/3.12.1/lib/python3.12/site-packages/airflow/example_dags/example_bash_operator.py                                                             1           0  0.11s           2025-03-18T11:03:47                      12
/usr/local/python/3.12.1/lib/python3.12/site-packages/airflow/example_dags/example_latest_only.py                                                               1           0  0.11s           2025-03-18T11:04:28                      12
/usr/local/python/3.12.1/lib/python3.12/site-packages/airflow/example_dags/example_inlet_event_extra.py                                                         2           0  0.11s           2025-03-18T11:04:05                      15
/usr/local/python/3.12.1/lib/python3.12/site-packages/airflow/example_dags/example_branch_day_of_week_operator.py                                               1           0  0.11s           2025-03-18T11:03:47                      12
/usr/local/python/3.12.1/lib/python3.12/site-packages/airflow/example_dags/plugins/decreasing_priority_weight_strategy.py                                       0           0  0.11s           2025-03-18T11:03:52                       3
/usr/local/python/3.12.1/lib/python3.12/site-packages/airflow/example_dags/example_external_task_marker_dag.py                                                  2           0  0.11s           2025-03-18T11:04:32                      13
/usr/local/python/3.12.1/lib/python3.12/site-packages/airflow/example_dags/example_kubernetes_executor.py                                                       0           0  0.11s           2025-03-18T11:04:30                       3
/usr/local/python/3.12.1/lib/python3.12/site-packages/airflow/example_dags/example_python_operator.py                                                           1           0  0.11s           2025-03-18T11:04:22                      10
/usr/local/python/3.12.1/lib/python3.12/site-packages/airflow/example_dags/example_local_kubernetes_executor.py                                                 0           0  0.11s           2025-03-18T11:04:31                       3
/usr/local/python/3.12.1/lib/python3.12/site-packages/airflow/example_dags/example_outlet_event_extra.py                                                        3           0  0.11s           2025-03-18T11:04:26                      19
/usr/local/python/3.12.1/lib/python3.12/site-packages/airflow/example_dags/tutorial_taskflow_templates.py                                                       1           0  0.11s           2025-03-18T11:03:57                      12
/usr/local/python/3.12.1/lib/python3.12/site-packages/airflow/example_dags/example_trigger_target_dag.py                                                        1           0  0.11s           2025-03-18T11:03:58                      10
/usr/local/python/3.12.1/lib/python3.12/site-packages/airflow/example_dags/plugins/listener_plugin.py                                                           0           0  0.11s           2025-03-18T11:03:49                       3
/usr/local/python/3.12.1/lib/python3.12/site-packages/airflow/example_dags/example_short_circuit_operator.py                                                    1           0  0.11s           2025-03-18T11:04:15                      10
/usr/local/python/3.12.1/lib/python3.12/site-packages/airflow/example_dags/plugins/workday.py                                                                   0           0  0.11s           2025-03-18T11:03:50                       3
/usr/local/python/3.12.1/lib/python3.12/site-packages/airflow/example_dags/example_branch_python_dop_operator_3.py                                              1           0  0.11s           2025-03-18T11:04:34                      12
/usr/local/python/3.12.1/lib/python3.12/site-packages/airflow/example_dags/plugins/event_listener.py                                                            0           0  0.11s           2025-03-18T11:03:51                       3
/usr/local/python/3.12.1/lib/python3.12/site-packages/airflow/example_dags/example_latest_only_with_trigger.py                                                  1           0  0.11s           2025-03-18T11:04:28                      12
/usr/local/python/3.12.1/lib/python3.12/site-packages/airflow/example_dags/example_passing_params_via_test_command.py                                           1           0  0.11s           2025-03-18T11:04:24                      12
/usr/local/python/3.12.1/lib/python3.12/site-packages/airflow/example_dags/tutorial_taskflow_api.py                                                             1           0  0.11s           2025-03-18T11:03:53                      10
/usr/local/python/3.12.1/lib/python3.12/site-packages/airflow/example_dags/example_task_group_decorator.py                                                      1           0  0.11s           2025-03-18T11:04:03                      10
/usr/local/python/3.12.1/lib/python3.12/site-packages/airflow/example_dags/example_xcom.py                                                                      1           0  0.11s           2025-03-18T11:03:58                      12
/usr/local/python/3.12.1/lib/python3.12/site-packages/airflow/example_dags/example_task_group.py                                                                1           0  0.11s           2025-03-18T11:04:16                      10
/usr/local/python/3.12.1/lib/python3.12/site-packages/airflow/example_dags/example_display_name.py                                                              1           0  0.11s           2025-03-18T11:04:07                      10
/usr/local/python/3.12.1/lib/python3.12/site-packages/airflow/example_dags/example_sla_dag.py                                                                   1           0  0.11s           2025-03-18T11:04:13                      12
/usr/local/python/3.12.1/lib/python3.12/site-packages/airflow/example_dags/example_xcomargs.py                                                                  2           0  0.11s           2025-03-18T11:04:02                      13
/usr/local/python/3.12.1/lib/python3.12/site-packages/airflow/example_dags/tutorial_taskflow_api_virtualenv.py                                                  1           0  0.11s           2025-03-18T11:03:54                      10
/usr/local/python/3.12.1/lib/python3.12/site-packages/airflow/example_dags/example_dynamic_task_mapping.py                                                      1           0  0.11s           2025-03-18T11:03:43                      10
/usr/local/python/3.12.1/lib/python3.12/site-packages/airflow/example_dags/example_time_delta_sensor_async.py                                                   1           0  0.11s           2025-03-18T11:04:04                      10
/usr/local/python/3.12.1/lib/python3.12/site-packages/airflow/example_dags/example_subdag_operator.py                                                           3           0  0.11s           2025-03-18T11:04:18                      20
/usr/local/python/3.12.1/lib/python3.12/site-packages/airflow/example_dags/example_branch_datetime_operator.py                                                  3           0  0.11s           2025-03-18T11:04:35                      18
/usr/local/python/3.12.1/lib/python3.12/site-packages/airflow/example_dags/example_complex.py                                                                   1           0  0.11s           2025-03-18T11:04:09                      10
/usr/local/python/3.12.1/lib/python3.12/site-packages/airflow/example_dags/example_trigger_controller_dag.py                                                    1           0  0.11s           2025-03-18T11:04:00                      12
/usr/local/python/3.12.1/lib/python3.12/site-packages/airflow/example_dags/example_short_circuit_decorator.py                                                   1           0  0.11s           2025-03-18T11:04:19                      10
/usr/local/python/3.12.1/lib/python3.12/site-packages/airflow/example_dags/example_dataset_alias_with_no_taskflow.py                                            4           0  0.11s           2025-03-18T11:03:45                      27
/usr/local/python/3.12.1/lib/python3.12/site-packages/airflow/example_dags/example_setup_teardown.py                                                            1           0  0.11s           2025-03-18T11:04:21                      10
/usr/local/python/3.12.1/lib/python3.12/site-packages/airflow/example_dags/example_workday_timetable.py                                                         1           0  0.11s           2025-03-18T11:03:59                      12
/usr/local/python/3.12.1/lib/python3.12/site-packages/airflow/example_dags/example_params_ui_tutorial.py                                                        1           0  0.11s           2025-03-18T11:04:27                      10
/usr/local/python/3.12.1/lib/python3.12/site-packages/airflow/example_dags/example_skip_dag.py                                                                  1           0  0.11s           2025-03-18T11:04:14                      12
/usr/local/python/3.12.1/lib/python3.12/site-packages/airflow/example_dags/tutorial_objectstorage.py                                                            1           0  0.11s           2025-03-18T11:03:56                      10
/usr/local/python/3.12.1/lib/python3.12/site-packages/airflow/example_dags/example_python_decorator.py                                                          1           0  0.11s           2025-03-18T11:04:23                      10
/usr/local/python/3.12.1/lib/python3.12/site-packages/airflow/example_dags/example_sensor_decorator.py                                                          1           0  0.11s           2025-03-18T11:04:18                      10
/usr/local/python/3.12.1/lib/python3.12/site-packages/airflow/example_dags/tutorial_dag.py                                                                      1           0  0.11s           2025-03-18T11:03:55                      10
/usr/local/python/3.12.1/lib/python3.12/site-packages/airflow/example_dags/example_branch_operator.py                                                           1           0  0.11s           2025-03-18T11:04:10                      12
/usr/local/python/3.12.1/lib/python3.12/site-packages/airflow/example_dags/example_bash_decorator.py                                                            1           0  0.11s           2025-03-18T11:04:36                      10
/usr/local/python/3.12.1/lib/python3.12/site-packages/airflow/example_dags/example_branch_operator_decorator.py                                                 1           0  0.11s           2025-03-18T11:04:13                      12
/usr/local/python/3.12.1/lib/python3.12/site-packages/airflow/example_dags/example_branch_labels.py                                                             1           0  0.11s           2025-03-18T11:04:12                      12
/usr/local/python/3.12.1/lib/python3.12/site-packages/airflow/example_dags/example_params_trigger_ui.py                                                         1           0  0.11s           2025-03-18T11:04:23                      10
/usr/local/python/3.12.1/lib/python3.12/site-packages/airflow/example_dags/example_nested_branch_dag.py                                                         1           0  0.11s           2025-03-18T11:04:06                      12
/usr/local/python/3.12.1/lib/python3.12/site-packages/airflow/example_dags/example_setup_teardown_taskflow.py                                                   1           0  0.10s           2025-03-18T11:04:21                      10
/usr/local/python/3.12.1/lib/python3.12/site-packages/airflow/example_dags/example_sensors.py                                                                   1           0  0.10s           2025-03-18T11:04:18                      10
================================================================================
[2025-03-18T11:05:06.665+0000] {manager.py:997} INFO - 
================================================================================
DAG File Processing Stats

File Path                                                                                                                              PID    Runtime      # DAGs    # Errors  Last Runtime    Last Run               Last # of DB Queries
-------------------------------------------------------------------------------------------------------------------------------------  -----  ---------  --------  ----------  --------------  -------------------  ----------------------
/usr/local/python/3.12.1/lib/python3.12/site-packages/airflow/example_dags/example_dag_decorator.py                                                             1           0  0.21s           2025-03-18T11:04:33                      32
/usr/local/python/3.12.1/lib/python3.12/site-packages/airflow/example_dags/example_trigger_target_dag.py                                                        1           0  0.11s           2025-03-18T11:04:47                      10
/usr/local/python/3.12.1/lib/python3.12/site-packages/airflow/example_dags/example_branch_day_of_week_operator.py                                               1           0  0.11s           2025-03-18T11:04:59                      12
/usr/local/python/3.12.1/lib/python3.12/site-packages/airflow/example_dags/tutorial_objectstorage.py                                                            1           0  0.11s           2025-03-18T11:04:44                      10
/usr/local/python/3.12.1/lib/python3.12/site-packages/airflow/example_dags/example_dynamic_task_mapping.py                                                      1           0  0.11s           2025-03-18T11:04:56                      10
/usr/local/python/3.12.1/lib/python3.12/site-packages/airflow/example_dags/tutorial_dag.py                                                                      1           0  0.11s           2025-03-18T11:04:43                      10
/usr/local/python/3.12.1/lib/python3.12/site-packages/airflow/example_dags/example_subdag_operator.py                                                           3           0  0.11s           2025-03-18T11:05:04                      20
/usr/local/python/3.12.1/lib/python3.12/site-packages/airflow/example_dags/example_inlet_event_extra.py                                                         2           0  0.11s           2025-03-18T11:04:53                      15
/usr/local/python/3.12.1/lib/python3.12/site-packages/airflow/example_dags/example_sensor_decorator.py                                                          1           0  0.11s           2025-03-18T11:05:06                      10
/usr/local/python/3.12.1/lib/python3.12/site-packages/airflow/example_dags/example_time_delta_sensor_async.py                                                   1           0  0.11s           2025-03-18T11:04:52                      10
/usr/local/python/3.12.1/lib/python3.12/site-packages/airflow/example_dags/example_dataset_alias.py                                                             4           0  0.11s           2025-03-18T11:04:08                      27
/usr/local/python/3.12.1/lib/python3.12/site-packages/airflow/example_dags/example_sla_dag.py                                                                   1           0  0.11s           2025-03-18T11:05:00                      12
/usr/local/python/3.12.1/lib/python3.12/site-packages/airflow/example_dags/example_task_group.py                                                                1           0  0.11s           2025-03-18T11:05:03                      10
/usr/local/python/3.12.1/lib/python3.12/site-packages/airflow/example_dags/example_dynamic_task_mapping_with_no_taskflow_operators.py                           1           0  0.11s           2025-03-18T11:04:08                      10
/usr/local/python/3.12.1/lib/python3.12/site-packages/airflow/example_dags/tutorial_taskflow_api_virtualenv.py                                                  1           0  0.11s           2025-03-18T11:04:42                      10
/usr/local/python/3.12.1/lib/python3.12/site-packages/airflow/example_dags/example_latest_only.py                                                               1           0  0.11s           2025-03-18T11:04:28                      12
/usr/local/python/3.12.1/lib/python3.12/site-packages/airflow/example_dags/example_short_circuit_operator.py                                                    1           0  0.11s           2025-03-18T11:05:02                      10
/usr/local/python/3.12.1/lib/python3.12/site-packages/airflow/example_dags/example_nested_branch_dag.py                                                         1           0  0.11s           2025-03-18T11:04:54                      12
/usr/local/python/3.12.1/lib/python3.12/site-packages/airflow/example_dags/example_dataset_alias_with_no_taskflow.py                                            4           0  0.11s           2025-03-18T11:04:58                      27
/usr/local/python/3.12.1/lib/python3.12/site-packages/airflow/example_dags/plugins/listener_plugin.py                                                           0           0  0.11s           2025-03-18T11:04:38                       3
/usr/local/python/3.12.1/lib/python3.12/site-packages/airflow/example_dags/example_external_task_marker_dag.py                                                  2           0  0.11s           2025-03-18T11:04:32                      13
/usr/local/python/3.12.1/lib/python3.12/site-packages/airflow/example_dags/example_kubernetes_executor.py                                                       0           0  0.11s           2025-03-18T11:04:30                       3
/usr/local/python/3.12.1/lib/python3.12/site-packages/airflow/example_dags/example_python_operator.py                                                           1           0  0.11s           2025-03-18T11:04:22                      10
/usr/local/python/3.12.1/lib/python3.12/site-packages/airflow/example_dags/example_local_kubernetes_executor.py                                                 0           0  0.11s           2025-03-18T11:04:31                       3
/usr/local/python/3.12.1/lib/python3.12/site-packages/airflow/example_dags/example_xcom.py                                                                      1           0  0.11s           2025-03-18T11:04:46                      12
/usr/local/python/3.12.1/lib/python3.12/site-packages/airflow/example_dags/example_outlet_event_extra.py                                                        3           0  0.11s           2025-03-18T11:04:26                      19
/usr/local/python/3.12.1/lib/python3.12/site-packages/airflow/example_dags/plugins/decreasing_priority_weight_strategy.py                                       0           0  0.11s           2025-03-18T11:04:40                       3
/usr/local/python/3.12.1/lib/python3.12/site-packages/airflow/example_dags/plugins/workday.py                                                                   0           0  0.11s           2025-03-18T11:04:39                       3
/usr/local/python/3.12.1/lib/python3.12/site-packages/airflow/example_dags/tutorial_taskflow_templates.py                                                       1           0  0.11s           2025-03-18T11:04:45                      12
/usr/local/python/3.12.1/lib/python3.12/site-packages/airflow/example_dags/example_branch_python_dop_operator_3.py                                              1           0  0.11s           2025-03-18T11:04:34                      12
/usr/local/python/3.12.1/lib/python3.12/site-packages/airflow/example_dags/example_latest_only_with_trigger.py                                                  1           0  0.11s           2025-03-18T11:04:28                      12
/usr/local/python/3.12.1/lib/python3.12/site-packages/airflow/example_dags/example_passing_params_via_test_command.py                                           1           0  0.11s           2025-03-18T11:04:24                      12
/usr/local/python/3.12.1/lib/python3.12/site-packages/airflow/example_dags/example_workday_timetable.py                                                         1           0  0.11s           2025-03-18T11:04:48                      12
/usr/local/python/3.12.1/lib/python3.12/site-packages/airflow/example_dags/example_sensors.py                                                                   1           0  0.11s           2025-03-18T11:05:06                      10
/usr/local/python/3.12.1/lib/python3.12/site-packages/airflow/example_dags/example_skip_dag.py                                                                  1           0  0.11s           2025-03-18T11:05:01                      12
/usr/local/python/3.12.1/lib/python3.12/site-packages/airflow/example_dags/subdags/subdag.py                                                                    0           0  0.11s           2025-03-18T11:04:37                       3
/usr/local/python/3.12.1/lib/python3.12/site-packages/airflow/example_dags/example_datasets.py                                                                 10           0  0.11s           2025-03-18T11:04:59                      49
/usr/local/python/3.12.1/lib/python3.12/site-packages/airflow/example_dags/example_task_group_decorator.py                                                      1           0  0.11s           2025-03-18T11:04:51                      10
/usr/local/python/3.12.1/lib/python3.12/site-packages/airflow/example_dags/example_bash_operator.py                                                             1           0  0.11s           2025-03-18T11:04:59                      12
/usr/local/python/3.12.1/lib/python3.12/site-packages/airflow/example_dags/example_branch_datetime_operator.py                                                  3           0  0.11s           2025-03-18T11:04:35                      18
/usr/local/python/3.12.1/lib/python3.12/site-packages/airflow/example_dags/example_complex.py                                                                   1           0  0.11s           2025-03-18T11:04:09                      10
/usr/local/python/3.12.1/lib/python3.12/site-packages/airflow/example_dags/example_display_name.py                                                              1           0  0.11s           2025-03-18T11:04:55                      10
/usr/local/python/3.12.1/lib/python3.12/site-packages/airflow/example_dags/example_short_circuit_decorator.py                                                   1           0  0.11s           2025-03-18T11:04:19                      10
/usr/local/python/3.12.1/lib/python3.12/site-packages/airflow/example_dags/example_setup_teardown.py                                                            1           0  0.11s           2025-03-18T11:04:21                      10
/usr/local/python/3.12.1/lib/python3.12/site-packages/airflow/example_dags/example_trigger_controller_dag.py                                                    1           0  0.11s           2025-03-18T11:04:49                      12
/usr/local/python/3.12.1/lib/python3.12/site-packages/airflow/example_dags/example_params_ui_tutorial.py                                                        1           0  0.11s           2025-03-18T11:04:27                      10
/usr/local/python/3.12.1/lib/python3.12/site-packages/airflow/example_dags/tutorial_taskflow_api.py                                                             1           0  0.11s           2025-03-18T11:04:41                      10
/usr/local/python/3.12.1/lib/python3.12/site-packages/airflow/example_dags/example_python_decorator.py                                                          1           0  0.11s           2025-03-18T11:04:23                      10
/usr/local/python/3.12.1/lib/python3.12/site-packages/airflow/example_dags/example_branch_operator.py                                                           1           0  0.11s           2025-03-18T11:04:10                      12
/usr/local/python/3.12.1/lib/python3.12/site-packages/airflow/example_dags/example_bash_decorator.py                                                            1           0  0.11s           2025-03-18T11:04:36                      10
/usr/local/python/3.12.1/lib/python3.12/site-packages/airflow/example_dags/example_branch_operator_decorator.py                                                 1           0  0.11s           2025-03-18T11:04:13                      12
/usr/local/python/3.12.1/lib/python3.12/site-packages/airflow/example_dags/example_xcomargs.py                                                                  2           0  0.11s           2025-03-18T11:04:50                      13
/usr/local/python/3.12.1/lib/python3.12/site-packages/airflow/example_dags/example_branch_labels.py                                                             1           0  0.11s           2025-03-18T11:04:12                      12
/usr/local/python/3.12.1/lib/python3.12/site-packages/airflow/example_dags/example_params_trigger_ui.py                                                         1           0  0.11s           2025-03-18T11:04:23                      10
/usr/local/python/3.12.1/lib/python3.12/site-packages/airflow/example_dags/tutorial.py                                                                          1           0  0.11s           2025-03-18T11:04:49                      12
/usr/local/python/3.12.1/lib/python3.12/site-packages/airflow/example_dags/example_setup_teardown_taskflow.py                                                   1           0  0.10s           2025-03-18T11:04:21                      10
/usr/local/python/3.12.1/lib/python3.12/site-packages/airflow/example_dags/plugins/event_listener.py                                                            0           0  0.10s           2025-03-18T11:04:39                       3
================================================================================
[2025-03-18T11:05:36.935+0000] {manager.py:997} INFO - 
================================================================================
DAG File Processing Stats

File Path                                                                                                                              PID    Runtime      # DAGs    # Errors  Last Runtime    Last Run               Last # of DB Queries
-------------------------------------------------------------------------------------------------------------------------------------  -----  ---------  --------  ----------  --------------  -------------------  ----------------------
/usr/local/python/3.12.1/lib/python3.12/site-packages/airflow/example_dags/example_dag_decorator.py                                                             1           0  0.21s           2025-03-18T11:04:33                      32
/usr/local/python/3.12.1/lib/python3.12/site-packages/airflow/example_dags/example_latest_only_with_trigger.py                                                  1           0  0.11s           2025-03-18T11:05:17                      12
/usr/local/python/3.12.1/lib/python3.12/site-packages/airflow/example_dags/example_branch_day_of_week_operator.py                                               1           0  0.11s           2025-03-18T11:04:59                      12
/usr/local/python/3.12.1/lib/python3.12/site-packages/airflow/example_dags/example_dynamic_task_mapping.py                                                      1           0  0.11s           2025-03-18T11:04:56                      10
/usr/local/python/3.12.1/lib/python3.12/site-packages/airflow/example_dags/example_subdag_operator.py                                                           3           0  0.11s           2025-03-18T11:05:04                      20
/usr/local/python/3.12.1/lib/python3.12/site-packages/airflow/example_dags/example_inlet_event_extra.py                                                         2           0  0.11s           2025-03-18T11:04:53                      15
/usr/local/python/3.12.1/lib/python3.12/site-packages/airflow/example_dags/example_xcom.py                                                                      1           0  0.11s           2025-03-18T11:05:35                      12
/usr/local/python/3.12.1/lib/python3.12/site-packages/airflow/example_dags/tutorial_taskflow_api_virtualenv.py                                                  1           0  0.11s           2025-03-18T11:05:30                      10
/usr/local/python/3.12.1/lib/python3.12/site-packages/airflow/example_dags/example_outlet_event_extra.py                                                        3           0  0.11s           2025-03-18T11:05:14                      19
/usr/local/python/3.12.1/lib/python3.12/site-packages/airflow/example_dags/example_setup_teardown.py                                                            1           0  0.11s           2025-03-18T11:05:08                      10
/usr/local/python/3.12.1/lib/python3.12/site-packages/airflow/example_dags/example_sensor_decorator.py                                                          1           0  0.11s           2025-03-18T11:05:06                      10
/usr/local/python/3.12.1/lib/python3.12/site-packages/airflow/example_dags/example_time_delta_sensor_async.py                                                   1           0  0.11s           2025-03-18T11:04:52                      10
/usr/local/python/3.12.1/lib/python3.12/site-packages/airflow/example_dags/example_sla_dag.py                                                                   1           0  0.11s           2025-03-18T11:05:00                      12
/usr/local/python/3.12.1/lib/python3.12/site-packages/airflow/example_dags/example_task_group.py                                                                1           0  0.11s           2025-03-18T11:05:03                      10
/usr/local/python/3.12.1/lib/python3.12/site-packages/airflow/example_dags/example_dynamic_task_mapping_with_no_taskflow_operators.py                           1           0  0.11s           2025-03-18T11:05:19                      10
/usr/local/python/3.12.1/lib/python3.12/site-packages/airflow/example_dags/example_setup_teardown_taskflow.py                                                   1           0  0.11s           2025-03-18T11:05:09                      10
/usr/local/python/3.12.1/lib/python3.12/site-packages/airflow/example_dags/example_complex.py                                                                   1           0  0.11s           2025-03-18T11:05:21                      10
/usr/local/python/3.12.1/lib/python3.12/site-packages/airflow/example_dags/example_latest_only.py                                                               1           0  0.11s           2025-03-18T11:05:16                      12
/usr/local/python/3.12.1/lib/python3.12/site-packages/airflow/example_dags/example_short_circuit_operator.py                                                    1           0  0.11s           2025-03-18T11:05:02                      10
/usr/local/python/3.12.1/lib/python3.12/site-packages/airflow/example_dags/example_nested_branch_dag.py                                                         1           0  0.11s           2025-03-18T11:04:54                      12
/usr/local/python/3.12.1/lib/python3.12/site-packages/airflow/example_dags/example_dataset_alias_with_no_taskflow.py                                            4           0  0.11s           2025-03-18T11:04:58                      27
/usr/local/python/3.12.1/lib/python3.12/site-packages/airflow/example_dags/example_external_task_marker_dag.py                                                  2           0  0.11s           2025-03-18T11:04:32                      13
/usr/local/python/3.12.1/lib/python3.12/site-packages/airflow/example_dags/plugins/decreasing_priority_weight_strategy.py                                       0           0  0.11s           2025-03-18T11:05:28                       3
/usr/local/python/3.12.1/lib/python3.12/site-packages/airflow/example_dags/example_local_kubernetes_executor.py                                                 0           0  0.11s           2025-03-18T11:04:31                       3
/usr/local/python/3.12.1/lib/python3.12/site-packages/airflow/example_dags/example_dataset_alias.py                                                             4           0  0.11s           2025-03-18T11:05:20                      27
/usr/local/python/3.12.1/lib/python3.12/site-packages/airflow/example_dags/example_params_ui_tutorial.py                                                        1           0  0.11s           2025-03-18T11:05:15                      10
/usr/local/python/3.12.1/lib/python3.12/site-packages/airflow/example_dags/example_passing_params_via_test_command.py                                           1           0  0.11s           2025-03-18T11:05:13                      12
/usr/local/python/3.12.1/lib/python3.12/site-packages/airflow/example_dags/tutorial_dag.py                                                                      1           0  0.11s           2025-03-18T11:05:31                      10
/usr/local/python/3.12.1/lib/python3.12/site-packages/airflow/example_dags/example_python_decorator.py                                                          1           0  0.11s           2025-03-18T11:05:11                      10
/usr/local/python/3.12.1/lib/python3.12/site-packages/airflow/example_dags/example_kubernetes_executor.py                                                       0           0  0.11s           2025-03-18T11:05:18                       3
/usr/local/python/3.12.1/lib/python3.12/site-packages/airflow/example_dags/example_branch_python_dop_operator_3.py                                              1           0  0.11s           2025-03-18T11:04:34                      12
/usr/local/python/3.12.1/lib/python3.12/site-packages/airflow/example_dags/example_short_circuit_decorator.py                                                   1           0  0.11s           2025-03-18T11:05:07                      10
/usr/local/python/3.12.1/lib/python3.12/site-packages/airflow/example_dags/example_params_trigger_ui.py                                                         1           0  0.11s           2025-03-18T11:05:12                      10
/usr/local/python/3.12.1/lib/python3.12/site-packages/airflow/example_dags/example_python_operator.py                                                           1           0  0.11s           2025-03-18T11:05:10                      10
/usr/local/python/3.12.1/lib/python3.12/site-packages/airflow/example_dags/example_sensors.py                                                                   1           0  0.11s           2025-03-18T11:05:06                      10
/usr/local/python/3.12.1/lib/python3.12/site-packages/airflow/example_dags/example_skip_dag.py                                                                  1           0  0.11s           2025-03-18T11:05:01                      12
/usr/local/python/3.12.1/lib/python3.12/site-packages/airflow/example_dags/example_workday_timetable.py                                                         1           0  0.11s           2025-03-18T11:05:36                      12
/usr/local/python/3.12.1/lib/python3.12/site-packages/airflow/example_dags/example_datasets.py                                                                 10           0  0.11s           2025-03-18T11:04:59                      49
/usr/local/python/3.12.1/lib/python3.12/site-packages/airflow/example_dags/example_task_group_decorator.py                                                      1           0  0.11s           2025-03-18T11:04:51                      10
/usr/local/python/3.12.1/lib/python3.12/site-packages/airflow/example_dags/tutorial_taskflow_api.py                                                             1           0  0.11s           2025-03-18T11:05:29                      10
/usr/local/python/3.12.1/lib/python3.12/site-packages/airflow/example_dags/example_bash_operator.py                                                             1           0  0.11s           2025-03-18T11:04:59                      12
/usr/local/python/3.12.1/lib/python3.12/site-packages/airflow/example_dags/example_branch_datetime_operator.py                                                  3           0  0.11s           2025-03-18T11:04:35                      18
/usr/local/python/3.12.1/lib/python3.12/site-packages/airflow/example_dags/plugins/event_listener.py                                                            0           0  0.11s           2025-03-18T11:05:27                       3
/usr/local/python/3.12.1/lib/python3.12/site-packages/airflow/example_dags/example_display_name.py                                                              1           0  0.11s           2025-03-18T11:04:55                      10
/usr/local/python/3.12.1/lib/python3.12/site-packages/airflow/example_dags/example_branch_labels.py                                                             1           0  0.11s           2025-03-18T11:05:22                      12
/usr/local/python/3.12.1/lib/python3.12/site-packages/airflow/example_dags/subdags/subdag.py                                                                    0           0  0.11s           2025-03-18T11:05:25                       3
/usr/local/python/3.12.1/lib/python3.12/site-packages/airflow/example_dags/example_trigger_target_dag.py                                                        1           0  0.11s           2025-03-18T11:05:35                      10
/usr/local/python/3.12.1/lib/python3.12/site-packages/airflow/example_dags/example_trigger_controller_dag.py                                                    1           0  0.11s           2025-03-18T11:04:49                      12
/usr/local/python/3.12.1/lib/python3.12/site-packages/airflow/example_dags/tutorial_objectstorage.py                                                            1           0  0.11s           2025-03-18T11:05:32                      10
/usr/local/python/3.12.1/lib/python3.12/site-packages/airflow/example_dags/example_bash_decorator.py                                                            1           0  0.11s           2025-03-18T11:04:36                      10
/usr/local/python/3.12.1/lib/python3.12/site-packages/airflow/example_dags/example_xcomargs.py                                                                  2           0  0.11s           2025-03-18T11:04:50                      13
/usr/local/python/3.12.1/lib/python3.12/site-packages/airflow/example_dags/tutorial_taskflow_templates.py                                                       1           0  0.11s           2025-03-18T11:05:34                      12
/usr/local/python/3.12.1/lib/python3.12/site-packages/airflow/example_dags/tutorial.py                                                                          1           0  0.11s           2025-03-18T11:04:49                      12
/usr/local/python/3.12.1/lib/python3.12/site-packages/airflow/example_dags/example_branch_operator_decorator.py                                                 1           0  0.11s           2025-03-18T11:05:24                      12
/usr/local/python/3.12.1/lib/python3.12/site-packages/airflow/example_dags/plugins/workday.py                                                                   0           0  0.11s           2025-03-18T11:05:26                       3
/usr/local/python/3.12.1/lib/python3.12/site-packages/airflow/example_dags/plugins/listener_plugin.py                                                           0           0  0.11s           2025-03-18T11:05:25                       3
/usr/local/python/3.12.1/lib/python3.12/site-packages/airflow/example_dags/example_branch_operator.py                                                           1           0  0.10s           2025-03-18T11:05:21                      12
================================================================================
[2025-03-18T11:06:07.212+0000] {manager.py:997} INFO - 
================================================================================
DAG File Processing Stats

File Path                                                                                                                              PID    Runtime      # DAGs    # Errors  Last Runtime    Last Run               Last # of DB Queries
-------------------------------------------------------------------------------------------------------------------------------------  -----  ---------  --------  ----------  --------------  -------------------  ----------------------
/usr/local/python/3.12.1/lib/python3.12/site-packages/airflow/example_dags/example_dag_decorator.py                                                             1           0  0.21s           2025-03-18T11:05:47                      32
/usr/local/python/3.12.1/lib/python3.12/site-packages/airflow/example_dags/example_branch_day_of_week_operator.py                                               1           0  0.11s           2025-03-18T11:04:59                      12
/usr/local/python/3.12.1/lib/python3.12/site-packages/airflow/example_dags/example_dynamic_task_mapping.py                                                      1           0  0.11s           2025-03-18T11:04:56                      10
/usr/local/python/3.12.1/lib/python3.12/site-packages/airflow/example_dags/example_xcom.py                                                                      1           0  0.11s           2025-03-18T11:05:35                      12
/usr/local/python/3.12.1/lib/python3.12/site-packages/airflow/example_dags/example_subdag_operator.py                                                           3           0  0.11s           2025-03-18T11:05:55                      20
/usr/local/python/3.12.1/lib/python3.12/site-packages/airflow/example_dags/tutorial_taskflow_api_virtualenv.py                                                  1           0  0.11s           2025-03-18T11:05:30                      10
/usr/local/python/3.12.1/lib/python3.12/site-packages/airflow/example_dags/example_task_group_decorator.py                                                      1           0  0.11s           2025-03-18T11:05:40                      10
/usr/local/python/3.12.1/lib/python3.12/site-packages/airflow/example_dags/example_task_group.py                                                                1           0  0.11s           2025-03-18T11:05:54                      10
/usr/local/python/3.12.1/lib/python3.12/site-packages/airflow/example_dags/example_dynamic_task_mapping_with_no_taskflow_operators.py                           1           0  0.11s           2025-03-18T11:05:19                      10
/usr/local/python/3.12.1/lib/python3.12/site-packages/airflow/example_dags/example_complex.py                                                                   1           0  0.11s           2025-03-18T11:05:21                      10
/usr/local/python/3.12.1/lib/python3.12/site-packages/airflow/example_dags/example_time_delta_sensor_async.py                                                   1           0  0.11s           2025-03-18T11:05:42                      10
/usr/local/python/3.12.1/lib/python3.12/site-packages/airflow/example_dags/example_dataset_alias_with_no_taskflow.py                                            4           0  0.11s           2025-03-18T11:04:58                      27
/usr/local/python/3.12.1/lib/python3.12/site-packages/airflow/example_dags/example_trigger_controller_dag.py                                                    1           0  0.11s           2025-03-18T11:05:38                      12
/usr/local/python/3.12.1/lib/python3.12/site-packages/airflow/example_dags/example_nested_branch_dag.py                                                         1           0  0.11s           2025-03-18T11:05:44                      12
/usr/local/python/3.12.1/lib/python3.12/site-packages/airflow/example_dags/plugins/decreasing_priority_weight_strategy.py                                       0           0  0.11s           2025-03-18T11:05:28                       3
/usr/local/python/3.12.1/lib/python3.12/site-packages/airflow/example_dags/example_dataset_alias.py                                                             4           0  0.11s           2025-03-18T11:05:20                      27
/usr/local/python/3.12.1/lib/python3.12/site-packages/airflow/example_dags/example_skip_dag.py                                                                  1           0  0.11s           2025-03-18T11:05:52                      12
/usr/local/python/3.12.1/lib/python3.12/site-packages/airflow/example_dags/example_sensor_decorator.py                                                          1           0  0.11s           2025-03-18T11:05:56                      10
/usr/local/python/3.12.1/lib/python3.12/site-packages/airflow/example_dags/tutorial_dag.py                                                                      1           0  0.11s           2025-03-18T11:05:31                      10
/usr/local/python/3.12.1/lib/python3.12/site-packages/airflow/example_dags/example_short_circuit_operator.py                                                    1           0  0.11s           2025-03-18T11:05:53                      10
/usr/local/python/3.12.1/lib/python3.12/site-packages/airflow/example_dags/example_python_operator.py                                                           1           0  0.11s           2025-03-18T11:06:01                      10
/usr/local/python/3.12.1/lib/python3.12/site-packages/airflow/example_dags/example_workday_timetable.py                                                         1           0  0.11s           2025-03-18T11:05:36                      12
/usr/local/python/3.12.1/lib/python3.12/site-packages/airflow/example_dags/example_datasets.py                                                                 10           0  0.11s           2025-03-18T11:04:59                      49
/usr/local/python/3.12.1/lib/python3.12/site-packages/airflow/example_dags/tutorial_taskflow_api.py                                                             1           0  0.11s           2025-03-18T11:05:29                      10
/usr/local/python/3.12.1/lib/python3.12/site-packages/airflow/example_dags/example_xcomargs.py                                                                  2           0  0.11s           2025-03-18T11:05:39                      13
/usr/local/python/3.12.1/lib/python3.12/site-packages/airflow/example_dags/example_bash_operator.py                                                             1           0  0.11s           2025-03-18T11:04:59                      12
/usr/local/python/3.12.1/lib/python3.12/site-packages/airflow/example_dags/example_outlet_event_extra.py                                                        3           0  0.11s           2025-03-18T11:06:04                      19
/usr/local/python/3.12.1/lib/python3.12/site-packages/airflow/example_dags/plugins/event_listener.py                                                            0           0  0.11s           2025-03-18T11:05:27                       3
/usr/local/python/3.12.1/lib/python3.12/site-packages/airflow/example_dags/example_display_name.py                                                              1           0  0.11s           2025-03-18T11:04:55                      10
/usr/local/python/3.12.1/lib/python3.12/site-packages/airflow/example_dags/example_branch_labels.py                                                             1           0  0.11s           2025-03-18T11:05:22                      12
/usr/local/python/3.12.1/lib/python3.12/site-packages/airflow/example_dags/tutorial.py                                                                          1           0  0.11s           2025-03-18T11:05:39                      12
/usr/local/python/3.12.1/lib/python3.12/site-packages/airflow/example_dags/example_external_task_marker_dag.py                                                  2           0  0.11s           2025-03-18T11:05:46                      13
/usr/local/python/3.12.1/lib/python3.12/site-packages/airflow/example_dags/subdags/subdag.py                                                                    0           0  0.11s           2025-03-18T11:05:25                       3
/usr/local/python/3.12.1/lib/python3.12/site-packages/airflow/example_dags/example_trigger_target_dag.py                                                        1           0  0.11s           2025-03-18T11:05:35                      10
/usr/local/python/3.12.1/lib/python3.12/site-packages/airflow/example_dags/tutorial_objectstorage.py                                                            1           0  0.11s           2025-03-18T11:05:32                      10
/usr/local/python/3.12.1/lib/python3.12/site-packages/airflow/example_dags/example_setup_teardown_taskflow.py                                                   1           0  0.11s           2025-03-18T11:06:00                      10
/usr/local/python/3.12.1/lib/python3.12/site-packages/airflow/example_dags/example_branch_datetime_operator.py                                                  3           0  0.11s           2025-03-18T11:05:49                      18
/usr/local/python/3.12.1/lib/python3.12/site-packages/airflow/example_dags/example_sensors.py                                                                   1           0  0.11s           2025-03-18T11:05:57                      10
/usr/local/python/3.12.1/lib/python3.12/site-packages/airflow/example_dags/example_short_circuit_decorator.py                                                   1           0  0.11s           2025-03-18T11:05:58                      10
/usr/local/python/3.12.1/lib/python3.12/site-packages/airflow/example_dags/example_sla_dag.py                                                                   1           0  0.11s           2025-03-18T11:05:51                      12
/usr/local/python/3.12.1/lib/python3.12/site-packages/airflow/example_dags/tutorial_taskflow_templates.py                                                       1           0  0.11s           2025-03-18T11:05:34                      12
/usr/local/python/3.12.1/lib/python3.12/site-packages/airflow/example_dags/example_branch_python_dop_operator_3.py                                              1           0  0.11s           2025-03-18T11:05:48                      12
/usr/local/python/3.12.1/lib/python3.12/site-packages/airflow/example_dags/example_branch_operator_decorator.py                                                 1           0  0.11s           2025-03-18T11:05:24                      12
/usr/local/python/3.12.1/lib/python3.12/site-packages/airflow/example_dags/example_setup_teardown.py                                                            1           0  0.11s           2025-03-18T11:05:59                      10
/usr/local/python/3.12.1/lib/python3.12/site-packages/airflow/example_dags/example_params_trigger_ui.py                                                         1           0  0.11s           2025-03-18T11:06:01                      10
/usr/local/python/3.12.1/lib/python3.12/site-packages/airflow/example_dags/plugins/workday.py                                                                   0           0  0.11s           2025-03-18T11:05:26                       3
/usr/local/python/3.12.1/lib/python3.12/site-packages/airflow/example_dags/example_latest_only.py                                                               1           0  0.11s           2025-03-18T11:06:06                      12
/usr/local/python/3.12.1/lib/python3.12/site-packages/airflow/example_dags/example_latest_only_with_trigger.py                                                  1           0  0.11s           2025-03-18T11:06:06                      12
/usr/local/python/3.12.1/lib/python3.12/site-packages/airflow/example_dags/example_inlet_event_extra.py                                                         2           0  0.11s           2025-03-18T11:05:43                      15
/usr/local/python/3.12.1/lib/python3.12/site-packages/airflow/example_dags/example_passing_params_via_test_command.py                                           1           0  0.11s           2025-03-18T11:06:02                      12
/usr/local/python/3.12.1/lib/python3.12/site-packages/airflow/example_dags/plugins/listener_plugin.py                                                           0           0  0.11s           2025-03-18T11:05:25                       3
/usr/local/python/3.12.1/lib/python3.12/site-packages/airflow/example_dags/example_bash_decorator.py                                                            1           0  0.10s           2025-03-18T11:05:50                      10
/usr/local/python/3.12.1/lib/python3.12/site-packages/airflow/example_dags/example_kubernetes_executor.py                                                       0           0  0.10s           2025-03-18T11:06:07                       3
/usr/local/python/3.12.1/lib/python3.12/site-packages/airflow/example_dags/example_local_kubernetes_executor.py                                                 0           0  0.10s           2025-03-18T11:05:45                       3
/usr/local/python/3.12.1/lib/python3.12/site-packages/airflow/example_dags/example_params_ui_tutorial.py                                                        1           0  0.10s           2025-03-18T11:06:05                      10
/usr/local/python/3.12.1/lib/python3.12/site-packages/airflow/example_dags/example_python_decorator.py                                                          1           0  0.10s           2025-03-18T11:06:01                      10
/usr/local/python/3.12.1/lib/python3.12/site-packages/airflow/example_dags/example_branch_operator.py                                                           1           0  0.10s           2025-03-18T11:05:21                      12
================================================================================
[2025-03-18T11:06:37.452+0000] {manager.py:997} INFO - 
================================================================================
DAG File Processing Stats

File Path                                                                                                                              PID    Runtime      # DAGs    # Errors  Last Runtime    Last Run               Last # of DB Queries
-------------------------------------------------------------------------------------------------------------------------------------  -----  ---------  --------  ----------  --------------  -------------------  ----------------------
/usr/local/python/3.12.1/lib/python3.12/site-packages/airflow/example_dags/example_dag_decorator.py                                                             1           0  0.21s           2025-03-18T11:05:47                      32
/usr/local/python/3.12.1/lib/python3.12/site-packages/airflow/example_dags/tutorial_objectstorage.py                                                            1           0  0.11s           2025-03-18T11:06:22                      10
/usr/local/python/3.12.1/lib/python3.12/site-packages/airflow/example_dags/example_branch_operator.py                                                           1           0  0.11s           2025-03-18T11:06:37                      12
/usr/local/python/3.12.1/lib/python3.12/site-packages/airflow/example_dags/example_subdag_operator.py                                                           3           0  0.11s           2025-03-18T11:05:55                      20
/usr/local/python/3.12.1/lib/python3.12/site-packages/airflow/example_dags/example_xcomargs.py                                                                  2           0  0.11s           2025-03-18T11:06:29                      13
/usr/local/python/3.12.1/lib/python3.12/site-packages/airflow/example_dags/example_task_group.py                                                                1           0  0.11s           2025-03-18T11:05:54                      10
/usr/local/python/3.12.1/lib/python3.12/site-packages/airflow/example_dags/example_time_delta_sensor_async.py                                                   1           0  0.11s           2025-03-18T11:06:31                      10
/usr/local/python/3.12.1/lib/python3.12/site-packages/airflow/example_dags/example_bash_operator.py                                                             1           0  0.11s           2025-03-18T11:06:15                      12
/usr/local/python/3.12.1/lib/python3.12/site-packages/airflow/example_dags/example_skip_dag.py                                                                  1           0  0.11s           2025-03-18T11:05:52                      12
/usr/local/python/3.12.1/lib/python3.12/site-packages/airflow/example_dags/example_sensor_decorator.py                                                          1           0  0.11s           2025-03-18T11:05:56                      10
/usr/local/python/3.12.1/lib/python3.12/site-packages/airflow/example_dags/example_complex.py                                                                   1           0  0.11s           2025-03-18T11:06:36                      10
/usr/local/python/3.12.1/lib/python3.12/site-packages/airflow/example_dags/example_short_circuit_operator.py                                                    1           0  0.11s           2025-03-18T11:05:53                      10
/usr/local/python/3.12.1/lib/python3.12/site-packages/airflow/example_dags/example_python_operator.py                                                           1           0  0.11s           2025-03-18T11:06:01                      10
/usr/local/python/3.12.1/lib/python3.12/site-packages/airflow/example_dags/example_external_task_marker_dag.py                                                  2           0  0.11s           2025-03-18T11:06:35                      13
/usr/local/python/3.12.1/lib/python3.12/site-packages/airflow/example_dags/tutorial_taskflow_templates.py                                                       1           0  0.11s           2025-03-18T11:06:23                      12
/usr/local/python/3.12.1/lib/python3.12/site-packages/airflow/example_dags/example_dynamic_task_mapping.py                                                      1           0  0.11s           2025-03-18T11:06:11                      10
/usr/local/python/3.12.1/lib/python3.12/site-packages/airflow/example_dags/example_outlet_event_extra.py                                                        3           0  0.11s           2025-03-18T11:06:04                      19
/usr/local/python/3.12.1/lib/python3.12/site-packages/airflow/example_dags/example_branch_labels.py                                                             1           0  0.11s           2025-03-18T11:05:22                      12
/usr/local/python/3.12.1/lib/python3.12/site-packages/airflow/example_dags/example_xcom.py                                                                      1           0  0.11s           2025-03-18T11:06:24                      12
/usr/local/python/3.12.1/lib/python3.12/site-packages/airflow/example_dags/example_nested_branch_dag.py                                                         1           0  0.11s           2025-03-18T11:06:33                      12
/usr/local/python/3.12.1/lib/python3.12/site-packages/airflow/example_dags/example_display_name.py                                                              1           0  0.11s           2025-03-18T11:06:08                      10
/usr/local/python/3.12.1/lib/python3.12/site-packages/airflow/example_dags/example_setup_teardown_taskflow.py                                                   1           0  0.11s           2025-03-18T11:06:00                      10
/usr/local/python/3.12.1/lib/python3.12/site-packages/airflow/example_dags/example_inlet_event_extra.py                                                         2           0  0.11s           2025-03-18T11:06:32                      15
/usr/local/python/3.12.1/lib/python3.12/site-packages/airflow/example_dags/plugins/decreasing_priority_weight_strategy.py                                       0           0  0.11s           2025-03-18T11:06:20                       3
/usr/local/python/3.12.1/lib/python3.12/site-packages/airflow/example_dags/example_branch_datetime_operator.py                                                  3           0  0.11s           2025-03-18T11:05:49                      18
/usr/local/python/3.12.1/lib/python3.12/site-packages/airflow/example_dags/example_sensors.py                                                                   1           0  0.11s           2025-03-18T11:05:57                      10
/usr/local/python/3.12.1/lib/python3.12/site-packages/airflow/example_dags/example_trigger_target_dag.py                                                        1           0  0.11s           2025-03-18T11:06:25                      10
/usr/local/python/3.12.1/lib/python3.12/site-packages/airflow/example_dags/example_task_group_decorator.py                                                      1           0  0.11s           2025-03-18T11:06:30                      10
/usr/local/python/3.12.1/lib/python3.12/site-packages/airflow/example_dags/plugins/workday.py                                                                   0           0  0.11s           2025-03-18T11:06:18                       3
/usr/local/python/3.12.1/lib/python3.12/site-packages/airflow/example_dags/tutorial.py                                                                          1           0  0.11s           2025-03-18T11:06:28                      12
/usr/local/python/3.12.1/lib/python3.12/site-packages/airflow/example_dags/example_short_circuit_decorator.py                                                   1           0  0.11s           2025-03-18T11:05:58                      10
/usr/local/python/3.12.1/lib/python3.12/site-packages/airflow/example_dags/example_sla_dag.py                                                                   1           0  0.11s           2025-03-18T11:05:51                      12
/usr/local/python/3.12.1/lib/python3.12/site-packages/airflow/example_dags/example_local_kubernetes_executor.py                                                 0           0  0.11s           2025-03-18T11:06:34                       3
/usr/local/python/3.12.1/lib/python3.12/site-packages/airflow/example_dags/example_branch_python_dop_operator_3.py                                              1           0  0.11s           2025-03-18T11:05:48                      12
/usr/local/python/3.12.1/lib/python3.12/site-packages/airflow/example_dags/example_branch_operator_decorator.py                                                 1           0  0.11s           2025-03-18T11:05:24                      12
/usr/local/python/3.12.1/lib/python3.12/site-packages/airflow/example_dags/example_setup_teardown.py                                                            1           0  0.11s           2025-03-18T11:05:59                      10
/usr/local/python/3.12.1/lib/python3.12/site-packages/airflow/example_dags/example_params_trigger_ui.py                                                         1           0  0.11s           2025-03-18T11:06:01                      10
/usr/local/python/3.12.1/lib/python3.12/site-packages/airflow/example_dags/example_workday_timetable.py                                                         1           0  0.11s           2025-03-18T11:06:26                      12
/usr/local/python/3.12.1/lib/python3.12/site-packages/airflow/example_dags/example_latest_only.py                                                               1           0  0.11s           2025-03-18T11:06:06                      12
/usr/local/python/3.12.1/lib/python3.12/site-packages/airflow/example_dags/tutorial_taskflow_api_virtualenv.py                                                  1           0  0.11s           2025-03-18T11:06:21                      10
/usr/local/python/3.12.1/lib/python3.12/site-packages/airflow/example_dags/example_dataset_alias.py                                                             4           0  0.11s           2025-03-18T11:06:10                      27
/usr/local/python/3.12.1/lib/python3.12/site-packages/airflow/example_dags/plugins/event_listener.py                                                            0           0  0.11s           2025-03-18T11:06:19                       3
/usr/local/python/3.12.1/lib/python3.12/site-packages/airflow/example_dags/example_dynamic_task_mapping_with_no_taskflow_operators.py                           1           0  0.11s           2025-03-18T11:06:09                      10
/usr/local/python/3.12.1/lib/python3.12/site-packages/airflow/example_dags/example_latest_only_with_trigger.py                                                  1           0  0.11s           2025-03-18T11:06:06                      12
/usr/local/python/3.12.1/lib/python3.12/site-packages/airflow/example_dags/subdags/subdag.py                                                                    0           0  0.11s           2025-03-18T11:06:16                       3
/usr/local/python/3.12.1/lib/python3.12/site-packages/airflow/example_dags/example_branch_day_of_week_operator.py                                               1           0  0.11s           2025-03-18T11:06:14                      12
/usr/local/python/3.12.1/lib/python3.12/site-packages/airflow/example_dags/example_passing_params_via_test_command.py                                           1           0  0.11s           2025-03-18T11:06:02                      12
/usr/local/python/3.12.1/lib/python3.12/site-packages/airflow/example_dags/example_datasets.py                                                                 10           0  0.11s           2025-03-18T11:06:12                      49
/usr/local/python/3.12.1/lib/python3.12/site-packages/airflow/example_dags/plugins/listener_plugin.py                                                           0           0  0.11s           2025-03-18T11:06:16                       3
/usr/local/python/3.12.1/lib/python3.12/site-packages/airflow/example_dags/example_bash_decorator.py                                                            1           0  0.10s           2025-03-18T11:05:50                      10
/usr/local/python/3.12.1/lib/python3.12/site-packages/airflow/example_dags/example_kubernetes_executor.py                                                       0           0  0.10s           2025-03-18T11:06:07                       3
/usr/local/python/3.12.1/lib/python3.12/site-packages/airflow/example_dags/tutorial_dag.py                                                                      1           0  0.10s           2025-03-18T11:06:22                      10
/usr/local/python/3.12.1/lib/python3.12/site-packages/airflow/example_dags/example_params_ui_tutorial.py                                                        1           0  0.10s           2025-03-18T11:06:05                      10
/usr/local/python/3.12.1/lib/python3.12/site-packages/airflow/example_dags/example_dataset_alias_with_no_taskflow.py                                            4           0  0.10s           2025-03-18T11:06:11                      27
/usr/local/python/3.12.1/lib/python3.12/site-packages/airflow/example_dags/tutorial_taskflow_api.py                                                             1           0  0.10s           2025-03-18T11:06:20                      10
/usr/local/python/3.12.1/lib/python3.12/site-packages/airflow/example_dags/example_trigger_controller_dag.py                                                    1           0  0.10s           2025-03-18T11:06:27                      12
/usr/local/python/3.12.1/lib/python3.12/site-packages/airflow/example_dags/example_python_decorator.py                                                          1           0  0.10s           2025-03-18T11:06:01                      10
================================================================================
[2025-03-18T11:07:07.675+0000] {manager.py:997} INFO - 
================================================================================
DAG File Processing Stats

File Path                                                                                                                              PID    Runtime      # DAGs    # Errors  Last Runtime    Last Run               Last # of DB Queries
-------------------------------------------------------------------------------------------------------------------------------------  -----  ---------  --------  ----------  --------------  -------------------  ----------------------
/usr/local/python/3.12.1/lib/python3.12/site-packages/airflow/example_dags/example_dag_decorator.py                                                             1           0  0.21s           2025-03-18T11:07:01                      32
/usr/local/python/3.12.1/lib/python3.12/site-packages/airflow/example_dags/subdags/subdag.py                                                                    0           0  0.11s           2025-03-18T11:07:06                       3
/usr/local/python/3.12.1/lib/python3.12/site-packages/airflow/example_dags/tutorial_objectstorage.py                                                            1           0  0.11s           2025-03-18T11:06:22                      10
/usr/local/python/3.12.1/lib/python3.12/site-packages/airflow/example_dags/example_branch_operator.py                                                           1           0  0.11s           2025-03-18T11:06:37                      12
/usr/local/python/3.12.1/lib/python3.12/site-packages/airflow/example_dags/example_sensor_decorator.py                                                          1           0  0.11s           2025-03-18T11:06:45                      10
/usr/local/python/3.12.1/lib/python3.12/site-packages/airflow/example_dags/example_short_circuit_decorator.py                                                   1           0  0.11s           2025-03-18T11:06:47                      10
/usr/local/python/3.12.1/lib/python3.12/site-packages/airflow/example_dags/example_task_group.py                                                                1           0  0.11s           2025-03-18T11:06:43                      10
/usr/local/python/3.12.1/lib/python3.12/site-packages/airflow/example_dags/example_xcomargs.py                                                                  2           0  0.11s           2025-03-18T11:06:29                      13
/usr/local/python/3.12.1/lib/python3.12/site-packages/airflow/example_dags/example_latest_only.py                                                               1           0  0.11s           2025-03-18T11:06:56                      12
/usr/local/python/3.12.1/lib/python3.12/site-packages/airflow/example_dags/example_time_delta_sensor_async.py                                                   1           0  0.11s           2025-03-18T11:06:31                      10
/usr/local/python/3.12.1/lib/python3.12/site-packages/airflow/example_dags/example_params_trigger_ui.py                                                         1           0  0.11s           2025-03-18T11:06:52                      10
/usr/local/python/3.12.1/lib/python3.12/site-packages/airflow/example_dags/example_bash_operator.py                                                             1           0  0.11s           2025-03-18T11:06:15                      12
/usr/local/python/3.12.1/lib/python3.12/site-packages/airflow/example_dags/example_dynamic_task_mapping_with_no_taskflow_operators.py                           1           0  0.11s           2025-03-18T11:07:00                      10
/usr/local/python/3.12.1/lib/python3.12/site-packages/airflow/example_dags/example_subdag_operator.py                                                           3           0  0.11s           2025-03-18T11:06:44                      20
/usr/local/python/3.12.1/lib/python3.12/site-packages/airflow/example_dags/example_complex.py                                                                   1           0  0.11s           2025-03-18T11:06:36                      10
/usr/local/python/3.12.1/lib/python3.12/site-packages/airflow/example_dags/example_external_task_marker_dag.py                                                  2           0  0.11s           2025-03-18T11:06:35                      13
/usr/local/python/3.12.1/lib/python3.12/site-packages/airflow/example_dags/tutorial_taskflow_templates.py                                                       1           0  0.11s           2025-03-18T11:06:23                      12
/usr/local/python/3.12.1/lib/python3.12/site-packages/airflow/example_dags/example_dynamic_task_mapping.py                                                      1           0  0.11s           2025-03-18T11:06:11                      10
/usr/local/python/3.12.1/lib/python3.12/site-packages/airflow/example_dags/example_xcom.py                                                                      1           0  0.11s           2025-03-18T11:06:24                      12
/usr/local/python/3.12.1/lib/python3.12/site-packages/airflow/example_dags/example_short_circuit_operator.py                                                    1           0  0.11s           2025-03-18T11:06:42                      10
/usr/local/python/3.12.1/lib/python3.12/site-packages/airflow/example_dags/example_nested_branch_dag.py                                                         1           0  0.11s           2025-03-18T11:06:33                      12
/usr/local/python/3.12.1/lib/python3.12/site-packages/airflow/example_dags/example_inlet_event_extra.py                                                         2           0  0.11s           2025-03-18T11:06:32                      15
/usr/local/python/3.12.1/lib/python3.12/site-packages/airflow/example_dags/plugins/decreasing_priority_weight_strategy.py                                       0           0  0.11s           2025-03-18T11:06:20                       3
/usr/local/python/3.12.1/lib/python3.12/site-packages/airflow/example_dags/example_trigger_target_dag.py                                                        1           0  0.11s           2025-03-18T11:06:25                      10
/usr/local/python/3.12.1/lib/python3.12/site-packages/airflow/example_dags/example_task_group_decorator.py                                                      1           0  0.11s           2025-03-18T11:06:30                      10
/usr/local/python/3.12.1/lib/python3.12/site-packages/airflow/example_dags/plugins/workday.py                                                                   0           0  0.11s           2025-03-18T11:06:18                       3
/usr/local/python/3.12.1/lib/python3.12/site-packages/airflow/example_dags/tutorial.py                                                                          1           0  0.11s           2025-03-18T11:06:28                      12
/usr/local/python/3.12.1/lib/python3.12/site-packages/airflow/example_dags/example_skip_dag.py                                                                  1           0  0.11s           2025-03-18T11:06:41                      12
/usr/local/python/3.12.1/lib/python3.12/site-packages/airflow/example_dags/example_local_kubernetes_executor.py                                                 0           0  0.11s           2025-03-18T11:06:34                       3
/usr/local/python/3.12.1/lib/python3.12/site-packages/airflow/example_dags/example_kubernetes_executor.py                                                       0           0  0.11s           2025-03-18T11:06:58                       3
/usr/local/python/3.12.1/lib/python3.12/site-packages/airflow/example_dags/example_workday_timetable.py                                                         1           0  0.11s           2025-03-18T11:06:26                      12
/usr/local/python/3.12.1/lib/python3.12/site-packages/airflow/example_dags/example_passing_params_via_test_command.py                                           1           0  0.11s           2025-03-18T11:06:52                      12
/usr/local/python/3.12.1/lib/python3.12/site-packages/airflow/example_dags/example_python_decorator.py                                                          1           0  0.11s           2025-03-18T11:06:51                      10
/usr/local/python/3.12.1/lib/python3.12/site-packages/airflow/example_dags/example_outlet_event_extra.py                                                        3           0  0.11s           2025-03-18T11:06:54                      19
/usr/local/python/3.12.1/lib/python3.12/site-packages/airflow/example_dags/example_display_name.py                                                              1           0  0.11s           2025-03-18T11:06:59                      10
/usr/local/python/3.12.1/lib/python3.12/site-packages/airflow/example_dags/tutorial_taskflow_api_virtualenv.py                                                  1           0  0.11s           2025-03-18T11:06:21                      10
/usr/local/python/3.12.1/lib/python3.12/site-packages/airflow/example_dags/example_bash_decorator.py                                                            1           0  0.11s           2025-03-18T11:07:05                      10
/usr/local/python/3.12.1/lib/python3.12/site-packages/airflow/example_dags/plugins/event_listener.py                                                            0           0  0.11s           2025-03-18T11:06:19                       3
/usr/local/python/3.12.1/lib/python3.12/site-packages/airflow/example_dags/example_branch_operator_decorator.py                                                 1           0  0.11s           2025-03-18T11:06:39                      12
/usr/local/python/3.12.1/lib/python3.12/site-packages/airflow/example_dags/example_sensors.py                                                                   1           0  0.11s           2025-03-18T11:06:47                      10
/usr/local/python/3.12.1/lib/python3.12/site-packages/airflow/example_dags/example_sla_dag.py                                                                   1           0  0.11s           2025-03-18T11:06:40                      12
/usr/local/python/3.12.1/lib/python3.12/site-packages/airflow/example_dags/example_latest_only_with_trigger.py                                                  1           0  0.11s           2025-03-18T11:06:57                      12
/usr/local/python/3.12.1/lib/python3.12/site-packages/airflow/example_dags/example_branch_day_of_week_operator.py                                               1           0  0.11s           2025-03-18T11:06:14                      12
/usr/local/python/3.12.1/lib/python3.12/site-packages/airflow/example_dags/example_branch_datetime_operator.py                                                  3           0  0.11s           2025-03-18T11:07:04                      18
/usr/local/python/3.12.1/lib/python3.12/site-packages/airflow/example_dags/example_branch_labels.py                                                             1           0  0.11s           2025-03-18T11:06:38                      12
/usr/local/python/3.12.1/lib/python3.12/site-packages/airflow/example_dags/example_dataset_alias.py                                                             4           0  0.11s           2025-03-18T11:07:00                      27
/usr/local/python/3.12.1/lib/python3.12/site-packages/airflow/example_dags/example_datasets.py                                                                 10           0  0.11s           2025-03-18T11:06:12                      49
/usr/local/python/3.12.1/lib/python3.12/site-packages/airflow/example_dags/example_branch_python_dop_operator_3.py                                              1           0  0.11s           2025-03-18T11:07:03                      12
/usr/local/python/3.12.1/lib/python3.12/site-packages/airflow/example_dags/example_setup_teardown_taskflow.py                                                   1           0  0.11s           2025-03-18T11:06:50                      10
/usr/local/python/3.12.1/lib/python3.12/site-packages/airflow/example_dags/example_setup_teardown.py                                                            1           0  0.11s           2025-03-18T11:06:48                      10
/usr/local/python/3.12.1/lib/python3.12/site-packages/airflow/example_dags/example_params_ui_tutorial.py                                                        1           0  0.11s           2025-03-18T11:06:55                      10
/usr/local/python/3.12.1/lib/python3.12/site-packages/airflow/example_dags/example_python_operator.py                                                           1           0  0.11s           2025-03-18T11:06:50                      10
/usr/local/python/3.12.1/lib/python3.12/site-packages/airflow/example_dags/plugins/listener_plugin.py                                                           0           0  0.10s           2025-03-18T11:07:07                       3
/usr/local/python/3.12.1/lib/python3.12/site-packages/airflow/example_dags/tutorial_dag.py                                                                      1           0  0.10s           2025-03-18T11:06:22                      10
/usr/local/python/3.12.1/lib/python3.12/site-packages/airflow/example_dags/example_dataset_alias_with_no_taskflow.py                                            4           0  0.10s           2025-03-18T11:06:11                      27
/usr/local/python/3.12.1/lib/python3.12/site-packages/airflow/example_dags/tutorial_taskflow_api.py                                                             1           0  0.10s           2025-03-18T11:06:20                      10
/usr/local/python/3.12.1/lib/python3.12/site-packages/airflow/example_dags/example_trigger_controller_dag.py                                                    1           0  0.10s           2025-03-18T11:06:27                      12
================================================================================
[2025-03-18T11:07:37.953+0000] {manager.py:997} INFO - 
================================================================================
DAG File Processing Stats

File Path                                                                                                                              PID    Runtime      # DAGs    # Errors  Last Runtime    Last Run               Last # of DB Queries
-------------------------------------------------------------------------------------------------------------------------------------  -----  ---------  --------  ----------  --------------  -------------------  ----------------------
/usr/local/python/3.12.1/lib/python3.12/site-packages/airflow/example_dags/example_dag_decorator.py                                                             1           0  0.21s           2025-03-18T11:07:01                      32
/usr/local/python/3.12.1/lib/python3.12/site-packages/airflow/example_dags/example_dynamic_task_mapping.py                                                      1           0  0.11s           2025-03-18T11:07:28                      10
/usr/local/python/3.12.1/lib/python3.12/site-packages/airflow/example_dags/example_sensors.py                                                                   1           0  0.11s           2025-03-18T11:07:37                      10
/usr/local/python/3.12.1/lib/python3.12/site-packages/airflow/example_dags/subdags/subdag.py                                                                    0           0  0.11s           2025-03-18T11:07:06                       3
/usr/local/python/3.12.1/lib/python3.12/site-packages/airflow/example_dags/example_branch_operator.py                                                           1           0  0.11s           2025-03-18T11:06:37                      12
/usr/local/python/3.12.1/lib/python3.12/site-packages/airflow/example_dags/plugins/decreasing_priority_weight_strategy.py                                       0           0  0.11s           2025-03-18T11:07:10                       3
/usr/local/python/3.12.1/lib/python3.12/site-packages/airflow/example_dags/tutorial.py                                                                          1           0  0.11s           2025-03-18T11:07:20                      12
/usr/local/python/3.12.1/lib/python3.12/site-packages/airflow/example_dags/example_short_circuit_decorator.py                                                   1           0  0.11s           2025-03-18T11:06:47                      10
/usr/local/python/3.12.1/lib/python3.12/site-packages/airflow/example_dags/example_time_delta_sensor_async.py                                                   1           0  0.11s           2025-03-18T11:07:22                      10
/usr/local/python/3.12.1/lib/python3.12/site-packages/airflow/example_dags/example_task_group.py                                                                1           0  0.11s           2025-03-18T11:07:35                      10
/usr/local/python/3.12.1/lib/python3.12/site-packages/airflow/example_dags/example_latest_only.py                                                               1           0  0.11s           2025-03-18T11:06:56                      12
/usr/local/python/3.12.1/lib/python3.12/site-packages/airflow/example_dags/plugins/workday.py                                                                   0           0  0.11s           2025-03-18T11:07:08                       3
/usr/local/python/3.12.1/lib/python3.12/site-packages/airflow/example_dags/example_params_trigger_ui.py                                                         1           0  0.11s           2025-03-18T11:06:52                      10
/usr/local/python/3.12.1/lib/python3.12/site-packages/airflow/example_dags/example_dynamic_task_mapping_with_no_taskflow_operators.py                           1           0  0.11s           2025-03-18T11:07:00                      10
/usr/local/python/3.12.1/lib/python3.12/site-packages/airflow/example_dags/example_nested_branch_dag.py                                                         1           0  0.11s           2025-03-18T11:07:24                      12
/usr/local/python/3.12.1/lib/python3.12/site-packages/airflow/example_dags/example_complex.py                                                                   1           0  0.11s           2025-03-18T11:06:36                      10
/usr/local/python/3.12.1/lib/python3.12/site-packages/airflow/example_dags/plugins/event_listener.py                                                            0           0  0.11s           2025-03-18T11:07:09                       3
/usr/local/python/3.12.1/lib/python3.12/site-packages/airflow/example_dags/example_local_kubernetes_executor.py                                                 0           0  0.11s           2025-03-18T11:07:25                       3
/usr/local/python/3.12.1/lib/python3.12/site-packages/airflow/example_dags/example_trigger_controller_dag.py                                                    1           0  0.11s           2025-03-18T11:07:19                      12
/usr/local/python/3.12.1/lib/python3.12/site-packages/airflow/example_dags/example_external_task_marker_dag.py                                                  2           0  0.11s           2025-03-18T11:07:27                      13
/usr/local/python/3.12.1/lib/python3.12/site-packages/airflow/example_dags/example_task_group_decorator.py                                                      1           0  0.11s           2025-03-18T11:07:22                      10
/usr/local/python/3.12.1/lib/python3.12/site-packages/airflow/example_dags/tutorial_taskflow_templates.py                                                       1           0  0.11s           2025-03-18T11:07:15                      12
/usr/local/python/3.12.1/lib/python3.12/site-packages/airflow/example_dags/example_subdag_operator.py                                                           3           0  0.11s           2025-03-18T11:07:36                      20
/usr/local/python/3.12.1/lib/python3.12/site-packages/airflow/example_dags/example_bash_operator.py                                                             1           0  0.11s           2025-03-18T11:07:31                      12
/usr/local/python/3.12.1/lib/python3.12/site-packages/airflow/example_dags/example_xcomargs.py                                                                  2           0  0.11s           2025-03-18T11:07:21                      13
/usr/local/python/3.12.1/lib/python3.12/site-packages/airflow/example_dags/example_sla_dag.py                                                                   1           0  0.11s           2025-03-18T11:07:32                      12
/usr/local/python/3.12.1/lib/python3.12/site-packages/airflow/example_dags/example_trigger_target_dag.py                                                        1           0  0.11s           2025-03-18T11:07:17                      10
/usr/local/python/3.12.1/lib/python3.12/site-packages/airflow/example_dags/example_workday_timetable.py                                                         1           0  0.11s           2025-03-18T11:07:18                      12
/usr/local/python/3.12.1/lib/python3.12/site-packages/airflow/example_dags/tutorial_dag.py                                                                      1           0  0.11s           2025-03-18T11:07:13                      10
/usr/local/python/3.12.1/lib/python3.12/site-packages/airflow/example_dags/example_kubernetes_executor.py                                                       0           0  0.11s           2025-03-18T11:06:58                       3
/usr/local/python/3.12.1/lib/python3.12/site-packages/airflow/example_dags/example_skip_dag.py                                                                  1           0  0.11s           2025-03-18T11:07:33                      12
/usr/local/python/3.12.1/lib/python3.12/site-packages/airflow/example_dags/example_inlet_event_extra.py                                                         2           0  0.11s           2025-03-18T11:07:23                      15
/usr/local/python/3.12.1/lib/python3.12/site-packages/airflow/example_dags/example_passing_params_via_test_command.py                                           1           0  0.11s           2025-03-18T11:06:52                      12
/usr/local/python/3.12.1/lib/python3.12/site-packages/airflow/example_dags/example_python_decorator.py                                                          1           0  0.11s           2025-03-18T11:06:51                      10
/usr/local/python/3.12.1/lib/python3.12/site-packages/airflow/example_dags/example_outlet_event_extra.py                                                        3           0  0.11s           2025-03-18T11:06:54                      19
/usr/local/python/3.12.1/lib/python3.12/site-packages/airflow/example_dags/example_display_name.py                                                              1           0  0.11s           2025-03-18T11:06:59                      10
/usr/local/python/3.12.1/lib/python3.12/site-packages/airflow/example_dags/example_short_circuit_operator.py                                                    1           0  0.11s           2025-03-18T11:07:33                      10
/usr/local/python/3.12.1/lib/python3.12/site-packages/airflow/example_dags/tutorial_taskflow_api_virtualenv.py                                                  1           0  0.11s           2025-03-18T11:07:12                      10
/usr/local/python/3.12.1/lib/python3.12/site-packages/airflow/example_dags/example_dataset_alias_with_no_taskflow.py                                            4           0  0.11s           2025-03-18T11:07:28                      27
/usr/local/python/3.12.1/lib/python3.12/site-packages/airflow/example_dags/example_bash_decorator.py                                                            1           0  0.11s           2025-03-18T11:07:05                      10
/usr/local/python/3.12.1/lib/python3.12/site-packages/airflow/example_dags/tutorial_objectstorage.py                                                            1           0  0.11s           2025-03-18T11:07:14                      10
/usr/local/python/3.12.1/lib/python3.12/site-packages/airflow/example_dags/example_branch_operator_decorator.py                                                 1           0  0.11s           2025-03-18T11:06:39                      12
/usr/local/python/3.12.1/lib/python3.12/site-packages/airflow/example_dags/example_latest_only_with_trigger.py                                                  1           0  0.11s           2025-03-18T11:06:57                      12
/usr/local/python/3.12.1/lib/python3.12/site-packages/airflow/example_dags/example_branch_datetime_operator.py                                                  3           0  0.11s           2025-03-18T11:07:04                      18
/usr/local/python/3.12.1/lib/python3.12/site-packages/airflow/example_dags/example_branch_labels.py                                                             1           0  0.11s           2025-03-18T11:06:38                      12
/usr/local/python/3.12.1/lib/python3.12/site-packages/airflow/example_dags/example_dataset_alias.py                                                             4           0  0.11s           2025-03-18T11:07:00                      27
/usr/local/python/3.12.1/lib/python3.12/site-packages/airflow/example_dags/example_branch_python_dop_operator_3.py                                              1           0  0.11s           2025-03-18T11:07:03                      12
/usr/local/python/3.12.1/lib/python3.12/site-packages/airflow/example_dags/example_setup_teardown_taskflow.py                                                   1           0  0.11s           2025-03-18T11:06:50                      10
/usr/local/python/3.12.1/lib/python3.12/site-packages/airflow/example_dags/example_datasets.py                                                                 10           0  0.11s           2025-03-18T11:07:29                      49
/usr/local/python/3.12.1/lib/python3.12/site-packages/airflow/example_dags/example_setup_teardown.py                                                            1           0  0.11s           2025-03-18T11:06:48                      10
/usr/local/python/3.12.1/lib/python3.12/site-packages/airflow/example_dags/example_params_ui_tutorial.py                                                        1           0  0.11s           2025-03-18T11:06:55                      10
/usr/local/python/3.12.1/lib/python3.12/site-packages/airflow/example_dags/example_python_operator.py                                                           1           0  0.11s           2025-03-18T11:06:50                      10
/usr/local/python/3.12.1/lib/python3.12/site-packages/airflow/example_dags/plugins/listener_plugin.py                                                           0           0  0.10s           2025-03-18T11:07:07                       3
/usr/local/python/3.12.1/lib/python3.12/site-packages/airflow/example_dags/example_sensor_decorator.py                                                          1           0  0.10s           2025-03-18T11:07:37                      10
/usr/local/python/3.12.1/lib/python3.12/site-packages/airflow/example_dags/example_branch_day_of_week_operator.py                                               1           0  0.10s           2025-03-18T11:07:31                      12
/usr/local/python/3.12.1/lib/python3.12/site-packages/airflow/example_dags/tutorial_taskflow_api.py                                                             1           0  0.10s           2025-03-18T11:07:11                      10
/usr/local/python/3.12.1/lib/python3.12/site-packages/airflow/example_dags/example_xcom.py                                                                      1           0  0.10s           2025-03-18T11:07:16                      12
================================================================================
[2025-03-18T11:08:01.531+0000] {manager.py:821} INFO - Searching for files in /workspaces/Data-Management-for-ML/airflow/dags
[2025-03-18T11:08:01.545+0000] {manager.py:824} INFO - There are 57 files in /workspaces/Data-Management-for-ML/airflow/dags
[2025-03-18T11:08:08.183+0000] {manager.py:997} INFO - 
================================================================================
DAG File Processing Stats

File Path                                                                                                                              PID    Runtime      # DAGs    # Errors  Last Runtime    Last Run               Last # of DB Queries
-------------------------------------------------------------------------------------------------------------------------------------  -----  ---------  --------  ----------  --------------  -------------------  ----------------------
/usr/local/python/3.12.1/lib/python3.12/site-packages/airflow/example_dags/example_dag_decorator.py                                                             1           0  0.31s           2025-03-18T11:07:56                      32
/usr/local/python/3.12.1/lib/python3.12/site-packages/airflow/example_dags/example_latest_only_with_trigger.py                                                  1           0  0.11s           2025-03-18T11:07:48                      12
/usr/local/python/3.12.1/lib/python3.12/site-packages/airflow/example_dags/plugins/workday.py                                                                   0           0  0.11s           2025-03-18T11:07:59                       3
/usr/local/python/3.12.1/lib/python3.12/site-packages/airflow/example_dags/example_dynamic_task_mapping.py                                                      1           0  0.11s           2025-03-18T11:07:28                      10
/usr/local/python/3.12.1/lib/python3.12/site-packages/airflow/example_dags/tutorial_taskflow_api.py                                                             1           0  0.11s           2025-03-18T11:08:02                      10
/usr/local/python/3.12.1/lib/python3.12/site-packages/airflow/example_dags/example_sensors.py                                                                   1           0  0.11s           2025-03-18T11:07:37                      10
/usr/local/python/3.12.1/lib/python3.12/site-packages/airflow/example_dags/plugins/decreasing_priority_weight_strategy.py                                       0           0  0.11s           2025-03-18T11:08:01                       3
/usr/local/python/3.12.1/lib/python3.12/site-packages/airflow/example_dags/tutorial.py                                                                          1           0  0.11s           2025-03-18T11:07:20                      12
/usr/local/python/3.12.1/lib/python3.12/site-packages/airflow/example_dags/example_time_delta_sensor_async.py                                                   1           0  0.11s           2025-03-18T11:07:22                      10
/usr/local/python/3.12.1/lib/python3.12/site-packages/airflow/example_dags/example_task_group.py                                                                1           0  0.11s           2025-03-18T11:07:35                      10
/usr/local/python/3.12.1/lib/python3.12/site-packages/airflow/example_dags/tutorial_taskflow_api_virtualenv.py                                                  1           0  0.11s           2025-03-18T11:08:03                      10
/usr/local/python/3.12.1/lib/python3.12/site-packages/airflow/example_dags/example_nested_branch_dag.py                                                         1           0  0.11s           2025-03-18T11:07:24                      12
/usr/local/python/3.12.1/lib/python3.12/site-packages/airflow/example_dags/example_python_decorator.py                                                          1           0  0.11s           2025-03-18T11:07:42                      10
/usr/local/python/3.12.1/lib/python3.12/site-packages/airflow/example_dags/plugins/event_listener.py                                                            0           0  0.11s           2025-03-18T11:08:00                       3
/usr/local/python/3.12.1/lib/python3.12/site-packages/airflow/example_dags/tutorial_taskflow_templates.py                                                       1           0  0.11s           2025-03-18T11:08:05                      12
/usr/local/python/3.12.1/lib/python3.12/site-packages/airflow/example_dags/example_short_circuit_decorator.py                                                   1           0  0.11s           2025-03-18T11:07:39                      10
/usr/local/python/3.12.1/lib/python3.12/site-packages/airflow/example_dags/example_passing_params_via_test_command.py                                           1           0  0.11s           2025-03-18T11:07:44                      12
/usr/local/python/3.12.1/lib/python3.12/site-packages/airflow/example_dags/example_local_kubernetes_executor.py                                                 0           0  0.11s           2025-03-18T11:07:25                       3
/usr/local/python/3.12.1/lib/python3.12/site-packages/airflow/example_dags/example_trigger_controller_dag.py                                                    1           0  0.11s           2025-03-18T11:07:19                      12
/usr/local/python/3.12.1/lib/python3.12/site-packages/airflow/example_dags/example_xcom.py                                                                      1           0  0.11s           2025-03-18T11:08:07                      12
/usr/local/python/3.12.1/lib/python3.12/site-packages/airflow/example_dags/example_display_name.py                                                              1           0  0.11s           2025-03-18T11:07:50                      10
/usr/local/python/3.12.1/lib/python3.12/site-packages/airflow/example_dags/example_trigger_target_dag.py                                                        1           0  0.11s           2025-03-18T11:08:08                      10
/usr/local/python/3.12.1/lib/python3.12/site-packages/airflow/example_dags/example_params_trigger_ui.py                                                         1           0  0.11s           2025-03-18T11:07:43                      10
/usr/local/python/3.12.1/lib/python3.12/site-packages/airflow/example_dags/example_external_task_marker_dag.py                                                  2           0  0.11s           2025-03-18T11:07:27                      13
/usr/local/python/3.12.1/lib/python3.12/site-packages/airflow/example_dags/example_python_operator.py                                                           1           0  0.11s           2025-03-18T11:07:41                      10
/usr/local/python/3.12.1/lib/python3.12/site-packages/airflow/example_dags/example_task_group_decorator.py                                                      1           0  0.11s           2025-03-18T11:07:22                      10
/usr/local/python/3.12.1/lib/python3.12/site-packages/airflow/example_dags/example_dataset_alias.py                                                             4           0  0.11s           2025-03-18T11:07:52                      27
/usr/local/python/3.12.1/lib/python3.12/site-packages/airflow/example_dags/example_subdag_operator.py                                                           3           0  0.11s           2025-03-18T11:07:36                      20
/usr/local/python/3.12.1/lib/python3.12/site-packages/airflow/example_dags/example_bash_operator.py                                                             1           0  0.11s           2025-03-18T11:07:31                      12
/usr/local/python/3.12.1/lib/python3.12/site-packages/airflow/example_dags/example_xcomargs.py                                                                  2           0  0.11s           2025-03-18T11:07:21                      13
/usr/local/python/3.12.1/lib/python3.12/site-packages/airflow/example_dags/example_sla_dag.py                                                                   1           0  0.11s           2025-03-18T11:07:32                      12
/usr/local/python/3.12.1/lib/python3.12/site-packages/airflow/example_dags/example_workday_timetable.py                                                         1           0  0.11s           2025-03-18T11:07:18                      12
/usr/local/python/3.12.1/lib/python3.12/site-packages/airflow/example_dags/subdags/subdag.py                                                                    0           0  0.11s           2025-03-18T11:07:58                       3
/usr/local/python/3.12.1/lib/python3.12/site-packages/airflow/example_dags/example_setup_teardown_taskflow.py                                                   1           0  0.11s           2025-03-18T11:07:41                      10
/usr/local/python/3.12.1/lib/python3.12/site-packages/airflow/example_dags/example_kubernetes_executor.py                                                       0           0  0.11s           2025-03-18T11:07:49                       3
/usr/local/python/3.12.1/lib/python3.12/site-packages/airflow/example_dags/example_skip_dag.py                                                                  1           0  0.11s           2025-03-18T11:07:33                      12
/usr/local/python/3.12.1/lib/python3.12/site-packages/airflow/example_dags/example_inlet_event_extra.py                                                         2           0  0.11s           2025-03-18T11:07:23                      15
/usr/local/python/3.12.1/lib/python3.12/site-packages/airflow/example_dags/example_branch_operator_decorator.py                                                 1           0  0.11s           2025-03-18T11:07:55                      12
/usr/local/python/3.12.1/lib/python3.12/site-packages/airflow/example_dags/tutorial_dag.py                                                                      1           0  0.11s           2025-03-18T11:08:04                      10
/usr/local/python/3.12.1/lib/python3.12/site-packages/airflow/example_dags/example_short_circuit_operator.py                                                    1           0  0.11s           2025-03-18T11:07:33                      10
/usr/local/python/3.12.1/lib/python3.12/site-packages/airflow/example_dags/example_dataset_alias_with_no_taskflow.py                                            4           0  0.11s           2025-03-18T11:07:28                      27
/usr/local/python/3.12.1/lib/python3.12/site-packages/airflow/example_dags/example_bash_decorator.py                                                            1           0  0.11s           2025-03-18T11:07:05                      10
/usr/local/python/3.12.1/lib/python3.12/site-packages/airflow/example_dags/example_setup_teardown.py                                                            1           0  0.11s           2025-03-18T11:07:40                      10
/usr/local/python/3.12.1/lib/python3.12/site-packages/airflow/example_dags/example_branch_datetime_operator.py                                                  3           0  0.11s           2025-03-18T11:07:04                      18
/usr/local/python/3.12.1/lib/python3.12/site-packages/airflow/example_dags/example_branch_python_dop_operator_3.py                                              1           0  0.11s           2025-03-18T11:07:03                      12
/usr/local/python/3.12.1/lib/python3.12/site-packages/airflow/example_dags/example_datasets.py                                                                 10           0  0.11s           2025-03-18T11:07:29                      49
/usr/local/python/3.12.1/lib/python3.12/site-packages/airflow/example_dags/example_params_ui_tutorial.py                                                        1           0  0.11s           2025-03-18T11:07:46                      10
/usr/local/python/3.12.1/lib/python3.12/site-packages/airflow/example_dags/tutorial_objectstorage.py                                                            1           0  0.11s           2025-03-18T11:08:04                      10
/usr/local/python/3.12.1/lib/python3.12/site-packages/airflow/example_dags/plugins/listener_plugin.py                                                           0           0  0.10s           2025-03-18T11:07:59                       3
/usr/local/python/3.12.1/lib/python3.12/site-packages/airflow/example_dags/example_latest_only.py                                                               1           0  0.10s           2025-03-18T11:07:47                      12
/usr/local/python/3.12.1/lib/python3.12/site-packages/airflow/example_dags/example_sensor_decorator.py                                                          1           0  0.10s           2025-03-18T11:07:37                      10
/usr/local/python/3.12.1/lib/python3.12/site-packages/airflow/example_dags/example_outlet_event_extra.py                                                        3           0  0.10s           2025-03-18T11:07:45                      19
/usr/local/python/3.12.1/lib/python3.12/site-packages/airflow/example_dags/example_branch_operator.py                                                           1           0  0.10s           2025-03-18T11:07:54                      12
/usr/local/python/3.12.1/lib/python3.12/site-packages/airflow/example_dags/example_dynamic_task_mapping_with_no_taskflow_operators.py                           1           0  0.10s           2025-03-18T11:07:51                      10
/usr/local/python/3.12.1/lib/python3.12/site-packages/airflow/example_dags/example_branch_day_of_week_operator.py                                               1           0  0.10s           2025-03-18T11:07:31                      12
/usr/local/python/3.12.1/lib/python3.12/site-packages/airflow/example_dags/example_branch_labels.py                                                             1           0  0.10s           2025-03-18T11:07:54                      12
/usr/local/python/3.12.1/lib/python3.12/site-packages/airflow/example_dags/example_complex.py                                                                   1           0  0.10s           2025-03-18T11:07:53                      10
================================================================================
[2025-03-18T11:08:38.459+0000] {manager.py:997} INFO - 
================================================================================
DAG File Processing Stats

File Path                                                                                                                              PID    Runtime      # DAGs    # Errors  Last Runtime    Last Run               Last # of DB Queries
-------------------------------------------------------------------------------------------------------------------------------------  -----  ---------  --------  ----------  --------------  -------------------  ----------------------
/usr/local/python/3.12.1/lib/python3.12/site-packages/airflow/example_dags/example_dag_decorator.py                                                             1           0  0.31s           2025-03-18T11:07:56                      32
/usr/local/python/3.12.1/lib/python3.12/site-packages/airflow/example_dags/plugins/workday.py                                                                   0           0  0.11s           2025-03-18T11:07:59                       3
/usr/local/python/3.12.1/lib/python3.12/site-packages/airflow/example_dags/example_dynamic_task_mapping.py                                                      1           0  0.11s           2025-03-18T11:07:28                      10
/usr/local/python/3.12.1/lib/python3.12/site-packages/airflow/example_dags/tutorial_taskflow_api.py                                                             1           0  0.11s           2025-03-18T11:08:02                      10
/usr/local/python/3.12.1/lib/python3.12/site-packages/airflow/example_dags/plugins/decreasing_priority_weight_strategy.py                                       0           0  0.11s           2025-03-18T11:08:01                       3
/usr/local/python/3.12.1/lib/python3.12/site-packages/airflow/example_dags/example_python_operator.py                                                           1           0  0.11s           2025-03-18T11:08:31                      10
/usr/local/python/3.12.1/lib/python3.12/site-packages/airflow/example_dags/example_latest_only.py                                                               1           0  0.11s           2025-03-18T11:08:37                      12
/usr/local/python/3.12.1/lib/python3.12/site-packages/airflow/example_dags/example_branch_datetime_operator.py                                                  3           0  0.11s           2025-03-18T11:08:20                      18
/usr/local/python/3.12.1/lib/python3.12/site-packages/airflow/example_dags/example_python_decorator.py                                                          1           0  0.11s           2025-03-18T11:08:32                      10
/usr/local/python/3.12.1/lib/python3.12/site-packages/airflow/example_dags/tutorial_taskflow_api_virtualenv.py                                                  1           0  0.11s           2025-03-18T11:08:03                      10
/usr/local/python/3.12.1/lib/python3.12/site-packages/airflow/example_dags/example_nested_branch_dag.py                                                         1           0  0.11s           2025-03-18T11:08:16                      12
/usr/local/python/3.12.1/lib/python3.12/site-packages/airflow/example_dags/example_params_trigger_ui.py                                                         1           0  0.11s           2025-03-18T11:08:33                      10
/usr/local/python/3.12.1/lib/python3.12/site-packages/airflow/example_dags/example_outlet_event_extra.py                                                        3           0  0.11s           2025-03-18T11:08:35                      19
/usr/local/python/3.12.1/lib/python3.12/site-packages/airflow/example_dags/example_local_kubernetes_executor.py                                                 0           0  0.11s           2025-03-18T11:08:17                       3
/usr/local/python/3.12.1/lib/python3.12/site-packages/airflow/example_dags/example_latest_only_with_trigger.py                                                  1           0  0.11s           2025-03-18T11:08:38                      12
/usr/local/python/3.12.1/lib/python3.12/site-packages/airflow/example_dags/plugins/event_listener.py                                                            0           0  0.11s           2025-03-18T11:08:00                       3
/usr/local/python/3.12.1/lib/python3.12/site-packages/airflow/example_dags/tutorial_taskflow_templates.py                                                       1           0  0.11s           2025-03-18T11:08:05                      12
/usr/local/python/3.12.1/lib/python3.12/site-packages/airflow/example_dags/tutorial.py                                                                          1           0  0.11s           2025-03-18T11:08:11                      12
/usr/local/python/3.12.1/lib/python3.12/site-packages/airflow/example_dags/example_sensors.py                                                                   1           0  0.11s           2025-03-18T11:08:27                      10
/usr/local/python/3.12.1/lib/python3.12/site-packages/airflow/example_dags/example_setup_teardown.py                                                            1           0  0.11s           2025-03-18T11:08:29                      10
/usr/local/python/3.12.1/lib/python3.12/site-packages/airflow/example_dags/example_subdag_operator.py                                                           3           0  0.11s           2025-03-18T11:08:25                      20
/usr/local/python/3.12.1/lib/python3.12/site-packages/airflow/example_dags/example_xcom.py                                                                      1           0  0.11s           2025-03-18T11:08:07                      12
/usr/local/python/3.12.1/lib/python3.12/site-packages/airflow/example_dags/example_display_name.py                                                              1           0  0.11s           2025-03-18T11:07:50                      10
/usr/local/python/3.12.1/lib/python3.12/site-packages/airflow/example_dags/example_trigger_target_dag.py                                                        1           0  0.11s           2025-03-18T11:08:08                      10
/usr/local/python/3.12.1/lib/python3.12/site-packages/airflow/example_dags/example_task_group_decorator.py                                                      1           0  0.11s           2025-03-18T11:08:12                      10
/usr/local/python/3.12.1/lib/python3.12/site-packages/airflow/example_dags/example_bash_decorator.py                                                            1           0  0.11s           2025-03-18T11:08:21                      10
/usr/local/python/3.12.1/lib/python3.12/site-packages/airflow/example_dags/example_branch_python_dop_operator_3.py                                              1           0  0.11s           2025-03-18T11:08:19                      12
/usr/local/python/3.12.1/lib/python3.12/site-packages/airflow/example_dags/example_dataset_alias.py                                                             4           0  0.11s           2025-03-18T11:07:52                      27
/usr/local/python/3.12.1/lib/python3.12/site-packages/airflow/example_dags/example_xcomargs.py                                                                  2           0  0.11s           2025-03-18T11:08:11                      13
/usr/local/python/3.12.1/lib/python3.12/site-packages/airflow/example_dags/example_external_task_marker_dag.py                                                  2           0  0.11s           2025-03-18T11:08:18                      13
/usr/local/python/3.12.1/lib/python3.12/site-packages/airflow/example_dags/example_bash_operator.py                                                             1           0  0.11s           2025-03-18T11:07:31                      12
/usr/local/python/3.12.1/lib/python3.12/site-packages/airflow/example_dags/subdags/subdag.py                                                                    0           0  0.11s           2025-03-18T11:07:58                       3
/usr/local/python/3.12.1/lib/python3.12/site-packages/airflow/example_dags/example_time_delta_sensor_async.py                                                   1           0  0.11s           2025-03-18T11:08:14                      10
/usr/local/python/3.12.1/lib/python3.12/site-packages/airflow/example_dags/example_sla_dag.py                                                                   1           0  0.11s           2025-03-18T11:08:21                      12
/usr/local/python/3.12.1/lib/python3.12/site-packages/airflow/example_dags/example_sensor_decorator.py                                                          1           0  0.11s           2025-03-18T11:08:26                      10
/usr/local/python/3.12.1/lib/python3.12/site-packages/airflow/example_dags/example_workday_timetable.py                                                         1           0  0.11s           2025-03-18T11:08:09                      12
/usr/local/python/3.12.1/lib/python3.12/site-packages/airflow/example_dags/example_kubernetes_executor.py                                                       0           0  0.11s           2025-03-18T11:07:49                       3
/usr/local/python/3.12.1/lib/python3.12/site-packages/airflow/example_dags/example_params_ui_tutorial.py                                                        1           0  0.11s           2025-03-18T11:08:36                      10
/usr/local/python/3.12.1/lib/python3.12/site-packages/airflow/example_dags/example_branch_operator_decorator.py                                                 1           0  0.11s           2025-03-18T11:07:55                      12
/usr/local/python/3.12.1/lib/python3.12/site-packages/airflow/example_dags/tutorial_dag.py                                                                      1           0  0.11s           2025-03-18T11:08:04                      10
/usr/local/python/3.12.1/lib/python3.12/site-packages/airflow/example_dags/example_short_circuit_operator.py                                                    1           0  0.11s           2025-03-18T11:08:23                      10
/usr/local/python/3.12.1/lib/python3.12/site-packages/airflow/example_dags/example_dataset_alias_with_no_taskflow.py                                            4           0  0.11s           2025-03-18T11:07:28                      27
/usr/local/python/3.12.1/lib/python3.12/site-packages/airflow/example_dags/example_passing_params_via_test_command.py                                           1           0  0.11s           2025-03-18T11:08:34                      12
/usr/local/python/3.12.1/lib/python3.12/site-packages/airflow/example_dags/example_setup_teardown_taskflow.py                                                   1           0  0.11s           2025-03-18T11:08:30                      10
/usr/local/python/3.12.1/lib/python3.12/site-packages/airflow/example_dags/example_task_group.py                                                                1           0  0.11s           2025-03-18T11:08:24                      10
/usr/local/python/3.12.1/lib/python3.12/site-packages/airflow/example_dags/example_skip_dag.py                                                                  1           0  0.11s           2025-03-18T11:08:23                      12
/usr/local/python/3.12.1/lib/python3.12/site-packages/airflow/example_dags/example_inlet_event_extra.py                                                         2           0  0.11s           2025-03-18T11:08:15                      15
/usr/local/python/3.12.1/lib/python3.12/site-packages/airflow/example_dags/example_short_circuit_decorator.py                                                   1           0  0.11s           2025-03-18T11:08:28                      10
/usr/local/python/3.12.1/lib/python3.12/site-packages/airflow/example_dags/example_datasets.py                                                                 10           0  0.11s           2025-03-18T11:07:29                      49
/usr/local/python/3.12.1/lib/python3.12/site-packages/airflow/example_dags/tutorial_objectstorage.py                                                            1           0  0.11s           2025-03-18T11:08:04                      10
/usr/local/python/3.12.1/lib/python3.12/site-packages/airflow/example_dags/example_trigger_controller_dag.py                                                    1           0  0.10s           2025-03-18T11:08:09                      12
/usr/local/python/3.12.1/lib/python3.12/site-packages/airflow/example_dags/plugins/listener_plugin.py                                                           0           0  0.10s           2025-03-18T11:07:59                       3
/usr/local/python/3.12.1/lib/python3.12/site-packages/airflow/example_dags/example_branch_operator.py                                                           1           0  0.10s           2025-03-18T11:07:54                      12
/usr/local/python/3.12.1/lib/python3.12/site-packages/airflow/example_dags/example_dynamic_task_mapping_with_no_taskflow_operators.py                           1           0  0.10s           2025-03-18T11:07:51                      10
/usr/local/python/3.12.1/lib/python3.12/site-packages/airflow/example_dags/example_branch_day_of_week_operator.py                                               1           0  0.10s           2025-03-18T11:07:31                      12
/usr/local/python/3.12.1/lib/python3.12/site-packages/airflow/example_dags/example_branch_labels.py                                                             1           0  0.10s           2025-03-18T11:07:54                      12
/usr/local/python/3.12.1/lib/python3.12/site-packages/airflow/example_dags/example_complex.py                                                                   1           0  0.10s           2025-03-18T11:07:53                      10
================================================================================
[2025-03-18T11:09:08.524+0000] {manager.py:997} INFO - 
================================================================================
DAG File Processing Stats

File Path                                                                                                                              PID    Runtime      # DAGs    # Errors  Last Runtime    Last Run               Last # of DB Queries
-------------------------------------------------------------------------------------------------------------------------------------  -----  ---------  --------  ----------  --------------  -------------------  ----------------------
/usr/local/python/3.12.1/lib/python3.12/site-packages/airflow/example_dags/example_dag_decorator.py                                                             1           0  0.31s           2025-03-18T11:07:56                      32
/usr/local/python/3.12.1/lib/python3.12/site-packages/airflow/example_dags/example_datasets.py                                                                 10           0  0.21s           2025-03-18T11:08:44                      49
/usr/local/python/3.12.1/lib/python3.12/site-packages/airflow/example_dags/tutorial_taskflow_api.py                                                             1           0  0.11s           2025-03-18T11:08:52                      10
/usr/local/python/3.12.1/lib/python3.12/site-packages/airflow/example_dags/subdags/subdag.py                                                                    0           0  0.11s           2025-03-18T11:08:47                       3
/usr/local/python/3.12.1/lib/python3.12/site-packages/airflow/example_dags/tutorial_dag.py                                                                      1           0  0.11s           2025-03-18T11:08:54                      10
/usr/local/python/3.12.1/lib/python3.12/site-packages/airflow/example_dags/example_python_operator.py                                                           1           0  0.11s           2025-03-18T11:08:31                      10
/usr/local/python/3.12.1/lib/python3.12/site-packages/airflow/example_dags/example_latest_only.py                                                               1           0  0.11s           2025-03-18T11:08:37                      12
/usr/local/python/3.12.1/lib/python3.12/site-packages/airflow/example_dags/example_bash_operator.py                                                             1           0  0.11s           2025-03-18T11:08:46                      12
/usr/local/python/3.12.1/lib/python3.12/site-packages/airflow/example_dags/tutorial_objectstorage.py                                                            1           0  0.11s           2025-03-18T11:08:55                      10
/usr/local/python/3.12.1/lib/python3.12/site-packages/airflow/example_dags/example_branch_datetime_operator.py                                                  3           0  0.11s           2025-03-18T11:08:20                      18
/usr/local/python/3.12.1/lib/python3.12/site-packages/airflow/example_dags/example_python_decorator.py                                                          1           0  0.11s           2025-03-18T11:08:32                      10
/usr/local/python/3.12.1/lib/python3.12/site-packages/airflow/example_dags/example_branch_day_of_week_operator.py                                               1           0  0.11s           2025-03-18T11:08:45                      12
/usr/local/python/3.12.1/lib/python3.12/site-packages/airflow/example_dags/example_params_trigger_ui.py                                                         1           0  0.11s           2025-03-18T11:08:33                      10
/usr/local/python/3.12.1/lib/python3.12/site-packages/airflow/example_dags/example_outlet_event_extra.py                                                        3           0  0.11s           2025-03-18T11:08:35                      19
/usr/local/python/3.12.1/lib/python3.12/site-packages/airflow/example_dags/example_xcom.py                                                                      1           0  0.11s           2025-03-18T11:08:57                      12
/usr/local/python/3.12.1/lib/python3.12/site-packages/airflow/example_dags/example_time_delta_sensor_async.py                                                   1           0  0.11s           2025-03-18T11:09:03                      10
/usr/local/python/3.12.1/lib/python3.12/site-packages/airflow/example_dags/example_complex.py                                                                   1           0  0.11s           2025-03-18T11:09:08                      10
/usr/local/python/3.12.1/lib/python3.12/site-packages/airflow/example_dags/example_latest_only_with_trigger.py                                                  1           0  0.11s           2025-03-18T11:08:38                      12
/usr/local/python/3.12.1/lib/python3.12/site-packages/airflow/example_dags/example_local_kubernetes_executor.py                                                 0           0  0.11s           2025-03-18T11:09:06                       3
/usr/local/python/3.12.1/lib/python3.12/site-packages/airflow/example_dags/example_sensors.py                                                                   1           0  0.11s           2025-03-18T11:08:27                      10
/usr/local/python/3.12.1/lib/python3.12/site-packages/airflow/example_dags/example_dataset_alias.py                                                             4           0  0.11s           2025-03-18T11:09:07                      27
/usr/local/python/3.12.1/lib/python3.12/site-packages/airflow/example_dags/example_setup_teardown.py                                                            1           0  0.11s           2025-03-18T11:08:29                      10
/usr/local/python/3.12.1/lib/python3.12/site-packages/airflow/example_dags/example_dynamic_task_mapping.py                                                      1           0  0.11s           2025-03-18T11:08:42                      10
/usr/local/python/3.12.1/lib/python3.12/site-packages/airflow/example_dags/example_subdag_operator.py                                                           3           0  0.11s           2025-03-18T11:08:25                      20
/usr/local/python/3.12.1/lib/python3.12/site-packages/airflow/example_dags/plugins/listener_plugin.py                                                           0           0  0.11s           2025-03-18T11:08:49                       3
/usr/local/python/3.12.1/lib/python3.12/site-packages/airflow/example_dags/example_xcomargs.py                                                                  2           0  0.11s           2025-03-18T11:09:02                      13
/usr/local/python/3.12.1/lib/python3.12/site-packages/airflow/example_dags/example_bash_decorator.py                                                            1           0  0.11s           2025-03-18T11:08:21                      10
/usr/local/python/3.12.1/lib/python3.12/site-packages/airflow/example_dags/example_branch_python_dop_operator_3.py                                              1           0  0.11s           2025-03-18T11:08:19                      12
/usr/local/python/3.12.1/lib/python3.12/site-packages/airflow/example_dags/example_workday_timetable.py                                                         1           0  0.11s           2025-03-18T11:08:59                      12
/usr/local/python/3.12.1/lib/python3.12/site-packages/airflow/example_dags/example_external_task_marker_dag.py                                                  2           0  0.11s           2025-03-18T11:08:18                      13
/usr/local/python/3.12.1/lib/python3.12/site-packages/airflow/example_dags/example_nested_branch_dag.py                                                         1           0  0.11s           2025-03-18T11:09:05                      12
/usr/local/python/3.12.1/lib/python3.12/site-packages/airflow/example_dags/tutorial_taskflow_api_virtualenv.py                                                  1           0  0.11s           2025-03-18T11:08:53                      10
/usr/local/python/3.12.1/lib/python3.12/site-packages/airflow/example_dags/example_sla_dag.py                                                                   1           0  0.11s           2025-03-18T11:08:21                      12
/usr/local/python/3.12.1/lib/python3.12/site-packages/airflow/example_dags/example_sensor_decorator.py                                                          1           0  0.11s           2025-03-18T11:08:26                      10
/usr/local/python/3.12.1/lib/python3.12/site-packages/airflow/example_dags/example_kubernetes_executor.py                                                       0           0  0.11s           2025-03-18T11:08:39                       3
/usr/local/python/3.12.1/lib/python3.12/site-packages/airflow/example_dags/example_params_ui_tutorial.py                                                        1           0  0.11s           2025-03-18T11:08:36                      10
/usr/local/python/3.12.1/lib/python3.12/site-packages/airflow/example_dags/plugins/workday.py                                                                   0           0  0.11s           2025-03-18T11:08:50                       3
/usr/local/python/3.12.1/lib/python3.12/site-packages/airflow/example_dags/example_branch_operator_decorator.py                                                 1           0  0.11s           2025-03-18T11:07:55                      12
/usr/local/python/3.12.1/lib/python3.12/site-packages/airflow/example_dags/example_trigger_controller_dag.py                                                    1           0  0.11s           2025-03-18T11:09:00                      12
/usr/local/python/3.12.1/lib/python3.12/site-packages/airflow/example_dags/example_short_circuit_operator.py                                                    1           0  0.11s           2025-03-18T11:08:23                      10
/usr/local/python/3.12.1/lib/python3.12/site-packages/airflow/example_dags/example_trigger_target_dag.py                                                        1           0  0.11s           2025-03-18T11:08:58                      10
/usr/local/python/3.12.1/lib/python3.12/site-packages/airflow/example_dags/example_passing_params_via_test_command.py                                           1           0  0.11s           2025-03-18T11:08:34                      12
/usr/local/python/3.12.1/lib/python3.12/site-packages/airflow/example_dags/example_setup_teardown_taskflow.py                                                   1           0  0.11s           2025-03-18T11:08:30                      10
/usr/local/python/3.12.1/lib/python3.12/site-packages/airflow/example_dags/example_task_group.py                                                                1           0  0.11s           2025-03-18T11:08:24                      10
/usr/local/python/3.12.1/lib/python3.12/site-packages/airflow/example_dags/plugins/decreasing_priority_weight_strategy.py                                       0           0  0.11s           2025-03-18T11:08:51                       3
/usr/local/python/3.12.1/lib/python3.12/site-packages/airflow/example_dags/example_dataset_alias_with_no_taskflow.py                                            4           0  0.11s           2025-03-18T11:08:43                      27
/usr/local/python/3.12.1/lib/python3.12/site-packages/airflow/example_dags/example_dynamic_task_mapping_with_no_taskflow_operators.py                           1           0  0.11s           2025-03-18T11:08:41                      10
/usr/local/python/3.12.1/lib/python3.12/site-packages/airflow/example_dags/example_task_group_decorator.py                                                      1           0  0.11s           2025-03-18T11:09:02                      10
/usr/local/python/3.12.1/lib/python3.12/site-packages/airflow/example_dags/example_skip_dag.py                                                                  1           0  0.11s           2025-03-18T11:08:23                      12
/usr/local/python/3.12.1/lib/python3.12/site-packages/airflow/example_dags/example_inlet_event_extra.py                                                         2           0  0.11s           2025-03-18T11:09:04                      15
/usr/local/python/3.12.1/lib/python3.12/site-packages/airflow/example_dags/example_short_circuit_decorator.py                                                   1           0  0.11s           2025-03-18T11:08:28                      10
/usr/local/python/3.12.1/lib/python3.12/site-packages/airflow/example_dags/example_display_name.py                                                              1           0  0.10s           2025-03-18T11:08:40                      10
/usr/local/python/3.12.1/lib/python3.12/site-packages/airflow/example_dags/tutorial.py                                                                          1           0  0.10s           2025-03-18T11:09:01                      12
/usr/local/python/3.12.1/lib/python3.12/site-packages/airflow/example_dags/example_branch_operator.py                                                           1           0  0.10s           2025-03-18T11:07:54                      12
/usr/local/python/3.12.1/lib/python3.12/site-packages/airflow/example_dags/plugins/event_listener.py                                                            0           0  0.10s           2025-03-18T11:08:50                       3
/usr/local/python/3.12.1/lib/python3.12/site-packages/airflow/example_dags/example_branch_labels.py                                                             1           0  0.10s           2025-03-18T11:07:54                      12
/usr/local/python/3.12.1/lib/python3.12/site-packages/airflow/example_dags/tutorial_taskflow_templates.py                                                       1           0  0.10s           2025-03-18T11:08:55                      12
================================================================================
[2025-03-18T11:09:38.800+0000] {manager.py:997} INFO - 
================================================================================
DAG File Processing Stats

File Path                                                                                                                              PID    Runtime      # DAGs    # Errors  Last Runtime    Last Run               Last # of DB Queries
-------------------------------------------------------------------------------------------------------------------------------------  -----  ---------  --------  ----------  --------------  -------------------  ----------------------
/usr/local/python/3.12.1/lib/python3.12/site-packages/airflow/example_dags/example_dag_decorator.py                                                             1           0  0.31s           2025-03-18T11:09:12                      32
/usr/local/python/3.12.1/lib/python3.12/site-packages/airflow/example_dags/example_datasets.py                                                                 10           0  0.21s           2025-03-18T11:08:44                      49
/usr/local/python/3.12.1/lib/python3.12/site-packages/airflow/example_dags/tutorial_taskflow_api.py                                                             1           0  0.11s           2025-03-18T11:08:52                      10
/usr/local/python/3.12.1/lib/python3.12/site-packages/airflow/example_dags/subdags/subdag.py                                                                    0           0  0.11s           2025-03-18T11:08:47                       3
/usr/local/python/3.12.1/lib/python3.12/site-packages/airflow/example_dags/tutorial_dag.py                                                                      1           0  0.11s           2025-03-18T11:08:54                      10
/usr/local/python/3.12.1/lib/python3.12/site-packages/airflow/example_dags/example_skip_dag.py                                                                  1           0  0.11s           2025-03-18T11:09:14                      12
/usr/local/python/3.12.1/lib/python3.12/site-packages/airflow/example_dags/example_branch_python_dop_operator_3.py                                              1           0  0.11s           2025-03-18T11:09:38                      12
/usr/local/python/3.12.1/lib/python3.12/site-packages/airflow/example_dags/example_bash_operator.py                                                             1           0  0.11s           2025-03-18T11:08:46                      12
/usr/local/python/3.12.1/lib/python3.12/site-packages/airflow/example_dags/example_dynamic_task_mapping_with_no_taskflow_operators.py                           1           0  0.11s           2025-03-18T11:09:35                      10
/usr/local/python/3.12.1/lib/python3.12/site-packages/airflow/example_dags/example_dataset_alias_with_no_taskflow.py                                            4           0  0.11s           2025-03-18T11:09:37                      27
/usr/local/python/3.12.1/lib/python3.12/site-packages/airflow/example_dags/tutorial_objectstorage.py                                                            1           0  0.11s           2025-03-18T11:08:55                      10
/usr/local/python/3.12.1/lib/python3.12/site-packages/airflow/example_dags/example_branch_operator.py                                                           1           0  0.11s           2025-03-18T11:09:09                      12
/usr/local/python/3.12.1/lib/python3.12/site-packages/airflow/example_dags/example_branch_day_of_week_operator.py                                               1           0  0.11s           2025-03-18T11:08:45                      12
/usr/local/python/3.12.1/lib/python3.12/site-packages/airflow/example_dags/example_kubernetes_executor.py                                                       0           0  0.11s           2025-03-18T11:09:31                       3
/usr/local/python/3.12.1/lib/python3.12/site-packages/airflow/example_dags/example_sla_dag.py                                                                   1           0  0.11s           2025-03-18T11:09:13                      12
/usr/local/python/3.12.1/lib/python3.12/site-packages/airflow/example_dags/example_xcom.py                                                                      1           0  0.11s           2025-03-18T11:08:57                      12
/usr/local/python/3.12.1/lib/python3.12/site-packages/airflow/example_dags/example_time_delta_sensor_async.py                                                   1           0  0.11s           2025-03-18T11:09:03                      10
/usr/local/python/3.12.1/lib/python3.12/site-packages/airflow/example_dags/example_complex.py                                                                   1           0  0.11s           2025-03-18T11:09:08                      10
/usr/local/python/3.12.1/lib/python3.12/site-packages/airflow/example_dags/example_display_name.py                                                              1           0  0.11s           2025-03-18T11:09:34                      10
/usr/local/python/3.12.1/lib/python3.12/site-packages/airflow/example_dags/example_local_kubernetes_executor.py                                                 0           0  0.11s           2025-03-18T11:09:06                       3
/usr/local/python/3.12.1/lib/python3.12/site-packages/airflow/example_dags/example_external_task_marker_dag.py                                                  2           0  0.11s           2025-03-18T11:09:32                      13
/usr/local/python/3.12.1/lib/python3.12/site-packages/airflow/example_dags/example_dataset_alias.py                                                             4           0  0.11s           2025-03-18T11:09:07                      27
/usr/local/python/3.12.1/lib/python3.12/site-packages/airflow/example_dags/example_passing_params_via_test_command.py                                           1           0  0.11s           2025-03-18T11:09:26                      12
/usr/local/python/3.12.1/lib/python3.12/site-packages/airflow/example_dags/example_branch_labels.py                                                             1           0  0.11s           2025-03-18T11:09:10                      12
/usr/local/python/3.12.1/lib/python3.12/site-packages/airflow/example_dags/plugins/listener_plugin.py                                                           0           0  0.11s           2025-03-18T11:08:49                       3
/usr/local/python/3.12.1/lib/python3.12/site-packages/airflow/example_dags/example_xcomargs.py                                                                  2           0  0.11s           2025-03-18T11:09:02                      13
/usr/local/python/3.12.1/lib/python3.12/site-packages/airflow/example_dags/example_python_decorator.py                                                          1           0  0.11s           2025-03-18T11:09:24                      10
/usr/local/python/3.12.1/lib/python3.12/site-packages/airflow/example_dags/example_bash_decorator.py                                                            1           0  0.11s           2025-03-18T11:08:21                      10
/usr/local/python/3.12.1/lib/python3.12/site-packages/airflow/example_dags/example_workday_timetable.py                                                         1           0  0.11s           2025-03-18T11:08:59                      12
/usr/local/python/3.12.1/lib/python3.12/site-packages/airflow/example_dags/example_nested_branch_dag.py                                                         1           0  0.11s           2025-03-18T11:09:05                      12
/usr/local/python/3.12.1/lib/python3.12/site-packages/airflow/example_dags/tutorial_taskflow_api_virtualenv.py                                                  1           0  0.11s           2025-03-18T11:08:53                      10
/usr/local/python/3.12.1/lib/python3.12/site-packages/airflow/example_dags/example_dynamic_task_mapping.py                                                      1           0  0.11s           2025-03-18T11:09:36                      10
/usr/local/python/3.12.1/lib/python3.12/site-packages/airflow/example_dags/example_short_circuit_decorator.py                                                   1           0  0.11s           2025-03-18T11:09:21                      10
/usr/local/python/3.12.1/lib/python3.12/site-packages/airflow/example_dags/example_branch_datetime_operator.py                                                  3           0  0.11s           2025-03-18T11:09:38                      18
/usr/local/python/3.12.1/lib/python3.12/site-packages/airflow/example_dags/example_setup_teardown_taskflow.py                                                   1           0  0.11s           2025-03-18T11:09:22                      10
/usr/local/python/3.12.1/lib/python3.12/site-packages/airflow/example_dags/plugins/workday.py                                                                   0           0  0.11s           2025-03-18T11:08:50                       3
/usr/local/python/3.12.1/lib/python3.12/site-packages/airflow/example_dags/example_trigger_controller_dag.py                                                    1           0  0.11s           2025-03-18T11:09:00                      12
/usr/local/python/3.12.1/lib/python3.12/site-packages/airflow/example_dags/example_subdag_operator.py                                                           3           0  0.11s           2025-03-18T11:09:17                      20
/usr/local/python/3.12.1/lib/python3.12/site-packages/airflow/example_dags/example_trigger_target_dag.py                                                        1           0  0.11s           2025-03-18T11:08:58                      10
/usr/local/python/3.12.1/lib/python3.12/site-packages/airflow/example_dags/example_latest_only.py                                                               1           0  0.11s           2025-03-18T11:09:30                      12
/usr/local/python/3.12.1/lib/python3.12/site-packages/airflow/example_dags/example_short_circuit_operator.py                                                    1           0  0.11s           2025-03-18T11:09:16                      10
/usr/local/python/3.12.1/lib/python3.12/site-packages/airflow/example_dags/example_latest_only_with_trigger.py                                                  1           0  0.11s           2025-03-18T11:09:31                      12
/usr/local/python/3.12.1/lib/python3.12/site-packages/airflow/example_dags/plugins/decreasing_priority_weight_strategy.py                                       0           0  0.11s           2025-03-18T11:08:51                       3
/usr/local/python/3.12.1/lib/python3.12/site-packages/airflow/example_dags/example_branch_operator_decorator.py                                                 1           0  0.11s           2025-03-18T11:09:11                      12
/usr/local/python/3.12.1/lib/python3.12/site-packages/airflow/example_dags/example_params_ui_tutorial.py                                                        1           0  0.11s           2025-03-18T11:09:29                      10
/usr/local/python/3.12.1/lib/python3.12/site-packages/airflow/example_dags/example_task_group_decorator.py                                                      1           0  0.11s           2025-03-18T11:09:02                      10
/usr/local/python/3.12.1/lib/python3.12/site-packages/airflow/example_dags/example_setup_teardown.py                                                            1           0  0.11s           2025-03-18T11:09:21                      10
/usr/local/python/3.12.1/lib/python3.12/site-packages/airflow/example_dags/example_inlet_event_extra.py                                                         2           0  0.11s           2025-03-18T11:09:04                      15
/usr/local/python/3.12.1/lib/python3.12/site-packages/airflow/example_dags/example_sensor_decorator.py                                                          1           0  0.11s           2025-03-18T11:09:18                      10
/usr/local/python/3.12.1/lib/python3.12/site-packages/airflow/example_dags/example_task_group.py                                                                1           0  0.11s           2025-03-18T11:09:16                      10
/usr/local/python/3.12.1/lib/python3.12/site-packages/airflow/example_dags/example_outlet_event_extra.py                                                        3           0  0.11s           2025-03-18T11:09:27                      19
/usr/local/python/3.12.1/lib/python3.12/site-packages/airflow/example_dags/example_params_trigger_ui.py                                                         1           0  0.11s           2025-03-18T11:09:25                      10
/usr/local/python/3.12.1/lib/python3.12/site-packages/airflow/example_dags/example_python_operator.py                                                           1           0  0.10s           2025-03-18T11:09:23                      10
/usr/local/python/3.12.1/lib/python3.12/site-packages/airflow/example_dags/example_sensors.py                                                                   1           0  0.10s           2025-03-18T11:09:19                      10
/usr/local/python/3.12.1/lib/python3.12/site-packages/airflow/example_dags/tutorial.py                                                                          1           0  0.10s           2025-03-18T11:09:01                      12
/usr/local/python/3.12.1/lib/python3.12/site-packages/airflow/example_dags/plugins/event_listener.py                                                            0           0  0.10s           2025-03-18T11:08:50                       3
/usr/local/python/3.12.1/lib/python3.12/site-packages/airflow/example_dags/tutorial_taskflow_templates.py                                                       1           0  0.10s           2025-03-18T11:08:55                      12
================================================================================
[2025-03-18T11:10:09.024+0000] {manager.py:997} INFO - 
================================================================================
DAG File Processing Stats

File Path                                                                                                                              PID    Runtime      # DAGs    # Errors  Last Runtime    Last Run               Last # of DB Queries
-------------------------------------------------------------------------------------------------------------------------------------  -----  ---------  --------  ----------  --------------  -------------------  ----------------------
/usr/local/python/3.12.1/lib/python3.12/site-packages/airflow/example_dags/example_dag_decorator.py                                                             1           0  0.31s           2025-03-18T11:09:12                      32
/usr/local/python/3.12.1/lib/python3.12/site-packages/airflow/example_dags/example_datasets.py                                                                 10           0  0.21s           2025-03-18T11:10:02                      49
/usr/local/python/3.12.1/lib/python3.12/site-packages/airflow/example_dags/plugins/listener_plugin.py                                                           0           0  0.11s           2025-03-18T11:09:42                       3
/usr/local/python/3.12.1/lib/python3.12/site-packages/airflow/example_dags/example_branch_python_dop_operator_3.py                                              1           0  0.11s           2025-03-18T11:09:38                      12
/usr/local/python/3.12.1/lib/python3.12/site-packages/airflow/example_dags/tutorial_taskflow_api_virtualenv.py                                                  1           0  0.11s           2025-03-18T11:09:47                      10
/usr/local/python/3.12.1/lib/python3.12/site-packages/airflow/example_dags/example_dynamic_task_mapping_with_no_taskflow_operators.py                           1           0  0.11s           2025-03-18T11:09:35                      10
/usr/local/python/3.12.1/lib/python3.12/site-packages/airflow/example_dags/example_dataset_alias_with_no_taskflow.py                                            4           0  0.11s           2025-03-18T11:09:37                      27
/usr/local/python/3.12.1/lib/python3.12/site-packages/airflow/example_dags/tutorial_taskflow_templates.py                                                       1           0  0.11s           2025-03-18T11:09:50                      12
/usr/local/python/3.12.1/lib/python3.12/site-packages/airflow/example_dags/tutorial_taskflow_api.py                                                             1           0  0.11s           2025-03-18T11:09:46                      10
/usr/local/python/3.12.1/lib/python3.12/site-packages/airflow/example_dags/example_dataset_alias.py                                                             4           0  0.11s           2025-03-18T11:10:02                      27
/usr/local/python/3.12.1/lib/python3.12/site-packages/airflow/example_dags/example_xcomargs.py                                                                  2           0  0.11s           2025-03-18T11:09:56                      13
/usr/local/python/3.12.1/lib/python3.12/site-packages/airflow/example_dags/example_kubernetes_executor.py                                                       0           0  0.11s           2025-03-18T11:09:31                       3
/usr/local/python/3.12.1/lib/python3.12/site-packages/airflow/example_dags/example_branch_operator.py                                                           1           0  0.11s           2025-03-18T11:10:03                      12
/usr/local/python/3.12.1/lib/python3.12/site-packages/airflow/example_dags/example_local_kubernetes_executor.py                                                 0           0  0.11s           2025-03-18T11:10:01                       3
/usr/local/python/3.12.1/lib/python3.12/site-packages/airflow/example_dags/plugins/workday.py                                                                   0           0  0.11s           2025-03-18T11:09:43                       3
/usr/local/python/3.12.1/lib/python3.12/site-packages/airflow/example_dags/example_task_group_decorator.py                                                      1           0  0.11s           2025-03-18T11:09:57                      10
/usr/local/python/3.12.1/lib/python3.12/site-packages/airflow/example_dags/example_bash_operator.py                                                             1           0  0.11s           2025-03-18T11:10:06                      12
/usr/local/python/3.12.1/lib/python3.12/site-packages/airflow/example_dags/example_display_name.py                                                              1           0  0.11s           2025-03-18T11:09:34                      10
/usr/local/python/3.12.1/lib/python3.12/site-packages/airflow/example_dags/example_skip_dag.py                                                                  1           0  0.11s           2025-03-18T11:10:09                      12
/usr/local/python/3.12.1/lib/python3.12/site-packages/airflow/example_dags/example_external_task_marker_dag.py                                                  2           0  0.11s           2025-03-18T11:09:32                      13
/usr/local/python/3.12.1/lib/python3.12/site-packages/airflow/example_dags/example_workday_timetable.py                                                         1           0  0.11s           2025-03-18T11:09:53                      12
/usr/local/python/3.12.1/lib/python3.12/site-packages/airflow/example_dags/example_sla_dag.py                                                                   1           0  0.11s           2025-03-18T11:10:07                      12
/usr/local/python/3.12.1/lib/python3.12/site-packages/airflow/example_dags/example_passing_params_via_test_command.py                                           1           0  0.11s           2025-03-18T11:09:26                      12
/usr/local/python/3.12.1/lib/python3.12/site-packages/airflow/example_dags/tutorial_dag.py                                                                      1           0  0.11s           2025-03-18T11:09:48                      10
/usr/local/python/3.12.1/lib/python3.12/site-packages/airflow/example_dags/example_xcom.py                                                                      1           0  0.11s           2025-03-18T11:09:51                      12
/usr/local/python/3.12.1/lib/python3.12/site-packages/airflow/example_dags/example_python_decorator.py                                                          1           0  0.11s           2025-03-18T11:09:24                      10
/usr/local/python/3.12.1/lib/python3.12/site-packages/airflow/example_dags/example_branch_day_of_week_operator.py                                               1           0  0.11s           2025-03-18T11:10:05                      12
/usr/local/python/3.12.1/lib/python3.12/site-packages/airflow/example_dags/example_complex.py                                                                   1           0  0.11s           2025-03-18T11:10:02                      10
/usr/local/python/3.12.1/lib/python3.12/site-packages/airflow/example_dags/plugins/event_listener.py                                                            0           0  0.11s           2025-03-18T11:09:44                       3
/usr/local/python/3.12.1/lib/python3.12/site-packages/airflow/example_dags/plugins/decreasing_priority_weight_strategy.py                                       0           0  0.11s           2025-03-18T11:09:45                       3
/usr/local/python/3.12.1/lib/python3.12/site-packages/airflow/example_dags/example_trigger_target_dag.py                                                        1           0  0.11s           2025-03-18T11:09:52                      10
/usr/local/python/3.12.1/lib/python3.12/site-packages/airflow/example_dags/example_trigger_controller_dag.py                                                    1           0  0.11s           2025-03-18T11:09:53                      12
/usr/local/python/3.12.1/lib/python3.12/site-packages/airflow/example_dags/example_inlet_event_extra.py                                                         2           0  0.11s           2025-03-18T11:09:58                      15
/usr/local/python/3.12.1/lib/python3.12/site-packages/airflow/example_dags/example_dynamic_task_mapping.py                                                      1           0  0.11s           2025-03-18T11:09:36                      10
/usr/local/python/3.12.1/lib/python3.12/site-packages/airflow/example_dags/example_branch_labels.py                                                             1           0  0.11s           2025-03-18T11:10:04                      12
/usr/local/python/3.12.1/lib/python3.12/site-packages/airflow/example_dags/tutorial_objectstorage.py                                                            1           0  0.11s           2025-03-18T11:09:49                      10
/usr/local/python/3.12.1/lib/python3.12/site-packages/airflow/example_dags/subdags/subdag.py                                                                    0           0  0.11s           2025-03-18T11:09:41                       3
/usr/local/python/3.12.1/lib/python3.12/site-packages/airflow/example_dags/example_short_circuit_decorator.py                                                   1           0  0.11s           2025-03-18T11:09:21                      10
/usr/local/python/3.12.1/lib/python3.12/site-packages/airflow/example_dags/example_branch_datetime_operator.py                                                  3           0  0.11s           2025-03-18T11:09:38                      18
/usr/local/python/3.12.1/lib/python3.12/site-packages/airflow/example_dags/example_setup_teardown_taskflow.py                                                   1           0  0.11s           2025-03-18T11:09:22                      10
/usr/local/python/3.12.1/lib/python3.12/site-packages/airflow/example_dags/example_subdag_operator.py                                                           3           0  0.11s           2025-03-18T11:09:17                      20
/usr/local/python/3.12.1/lib/python3.12/site-packages/airflow/example_dags/example_latest_only.py                                                               1           0  0.11s           2025-03-18T11:09:30                      12
/usr/local/python/3.12.1/lib/python3.12/site-packages/airflow/example_dags/example_short_circuit_operator.py                                                    1           0  0.11s           2025-03-18T11:09:16                      10
/usr/local/python/3.12.1/lib/python3.12/site-packages/airflow/example_dags/example_latest_only_with_trigger.py                                                  1           0  0.11s           2025-03-18T11:09:31                      12
/usr/local/python/3.12.1/lib/python3.12/site-packages/airflow/example_dags/example_nested_branch_dag.py                                                         1           0  0.11s           2025-03-18T11:09:59                      12
/usr/local/python/3.12.1/lib/python3.12/site-packages/airflow/example_dags/example_branch_operator_decorator.py                                                 1           0  0.11s           2025-03-18T11:09:11                      12
/usr/local/python/3.12.1/lib/python3.12/site-packages/airflow/example_dags/example_params_ui_tutorial.py                                                        1           0  0.11s           2025-03-18T11:09:29                      10
/usr/local/python/3.12.1/lib/python3.12/site-packages/airflow/example_dags/example_setup_teardown.py                                                            1           0  0.11s           2025-03-18T11:09:21                      10
/usr/local/python/3.12.1/lib/python3.12/site-packages/airflow/example_dags/example_bash_decorator.py                                                            1           0  0.11s           2025-03-18T11:09:39                      10
/usr/local/python/3.12.1/lib/python3.12/site-packages/airflow/example_dags/tutorial.py                                                                          1           0  0.11s           2025-03-18T11:09:55                      12
/usr/local/python/3.12.1/lib/python3.12/site-packages/airflow/example_dags/example_sensor_decorator.py                                                          1           0  0.11s           2025-03-18T11:09:18                      10
/usr/local/python/3.12.1/lib/python3.12/site-packages/airflow/example_dags/example_task_group.py                                                                1           0  0.11s           2025-03-18T11:09:16                      10
/usr/local/python/3.12.1/lib/python3.12/site-packages/airflow/example_dags/example_outlet_event_extra.py                                                        3           0  0.11s           2025-03-18T11:09:27                      19
/usr/local/python/3.12.1/lib/python3.12/site-packages/airflow/example_dags/example_params_trigger_ui.py                                                         1           0  0.11s           2025-03-18T11:09:25                      10
/usr/local/python/3.12.1/lib/python3.12/site-packages/airflow/example_dags/example_python_operator.py                                                           1           0  0.10s           2025-03-18T11:09:23                      10
/usr/local/python/3.12.1/lib/python3.12/site-packages/airflow/example_dags/example_sensors.py                                                                   1           0  0.10s           2025-03-18T11:09:19                      10
/usr/local/python/3.12.1/lib/python3.12/site-packages/airflow/example_dags/example_time_delta_sensor_async.py                                                   1           0  0.10s           2025-03-18T11:09:57                      10
================================================================================
[2025-03-18T11:10:39.312+0000] {manager.py:997} INFO - 
================================================================================
DAG File Processing Stats

File Path                                                                                                                              PID    Runtime      # DAGs    # Errors  Last Runtime    Last Run               Last # of DB Queries
-------------------------------------------------------------------------------------------------------------------------------------  -----  ---------  --------  ----------  --------------  -------------------  ----------------------
/usr/local/python/3.12.1/lib/python3.12/site-packages/airflow/example_dags/example_dag_decorator.py                                                             1           0  0.31s           2025-03-18T11:10:32                      32
/usr/local/python/3.12.1/lib/python3.12/site-packages/airflow/example_dags/example_datasets.py                                                                 10           0  0.21s           2025-03-18T11:10:02                      49
/usr/local/python/3.12.1/lib/python3.12/site-packages/airflow/example_dags/example_params_ui_tutorial.py                                                        1           0  0.11s           2025-03-18T11:10:22                      10
/usr/local/python/3.12.1/lib/python3.12/site-packages/airflow/example_dags/tutorial_taskflow_api.py                                                             1           0  0.11s           2025-03-18T11:10:37                      10
/usr/local/python/3.12.1/lib/python3.12/site-packages/airflow/example_dags/example_branch_python_dop_operator_3.py                                              1           0  0.11s           2025-03-18T11:09:38                      12
/usr/local/python/3.12.1/lib/python3.12/site-packages/airflow/example_dags/tutorial_taskflow_templates.py                                                       1           0  0.11s           2025-03-18T11:09:50                      12
/usr/local/python/3.12.1/lib/python3.12/site-packages/airflow/example_dags/example_dataset_alias.py                                                             4           0  0.11s           2025-03-18T11:10:02                      27
/usr/local/python/3.12.1/lib/python3.12/site-packages/airflow/example_dags/example_dynamic_task_mapping.py                                                      1           0  0.11s           2025-03-18T11:10:28                      10
/usr/local/python/3.12.1/lib/python3.12/site-packages/airflow/example_dags/example_xcomargs.py                                                                  2           0  0.11s           2025-03-18T11:09:56                      13
/usr/local/python/3.12.1/lib/python3.12/site-packages/airflow/example_dags/tutorial_taskflow_api_virtualenv.py                                                  1           0  0.11s           2025-03-18T11:10:38                      10
/usr/local/python/3.12.1/lib/python3.12/site-packages/airflow/example_dags/example_branch_operator.py                                                           1           0  0.11s           2025-03-18T11:10:03                      12
/usr/local/python/3.12.1/lib/python3.12/site-packages/airflow/example_dags/example_short_circuit_decorator.py                                                   1           0  0.11s           2025-03-18T11:10:14                      10
/usr/local/python/3.12.1/lib/python3.12/site-packages/airflow/example_dags/example_local_kubernetes_executor.py                                                 0           0  0.11s           2025-03-18T11:10:01                       3
/usr/local/python/3.12.1/lib/python3.12/site-packages/airflow/example_dags/tutorial_objectstorage.py                                                            1           0  0.11s           2025-03-18T11:10:39                      10
/usr/local/python/3.12.1/lib/python3.12/site-packages/airflow/example_dags/example_task_group_decorator.py                                                      1           0  0.11s           2025-03-18T11:09:57                      10
/usr/local/python/3.12.1/lib/python3.12/site-packages/airflow/example_dags/example_bash_operator.py                                                             1           0  0.11s           2025-03-18T11:10:06                      12
/usr/local/python/3.12.1/lib/python3.12/site-packages/airflow/example_dags/example_skip_dag.py                                                                  1           0  0.11s           2025-03-18T11:10:09                      12
/usr/local/python/3.12.1/lib/python3.12/site-packages/airflow/example_dags/plugins/event_listener.py                                                            0           0  0.11s           2025-03-18T11:10:34                       3
/usr/local/python/3.12.1/lib/python3.12/site-packages/airflow/example_dags/example_params_trigger_ui.py                                                         1           0  0.11s           2025-03-18T11:10:19                      10
/usr/local/python/3.12.1/lib/python3.12/site-packages/airflow/example_dags/example_workday_timetable.py                                                         1           0  0.11s           2025-03-18T11:09:53                      12
/usr/local/python/3.12.1/lib/python3.12/site-packages/airflow/example_dags/example_sla_dag.py                                                                   1           0  0.11s           2025-03-18T11:10:07                      12
/usr/local/python/3.12.1/lib/python3.12/site-packages/airflow/example_dags/example_xcom.py                                                                      1           0  0.11s           2025-03-18T11:09:51                      12
/usr/local/python/3.12.1/lib/python3.12/site-packages/airflow/example_dags/example_dynamic_task_mapping_with_no_taskflow_operators.py                           1           0  0.11s           2025-03-18T11:10:27                      10
/usr/local/python/3.12.1/lib/python3.12/site-packages/airflow/example_dags/example_dataset_alias_with_no_taskflow.py                                            4           0  0.11s           2025-03-18T11:10:29                      27
/usr/local/python/3.12.1/lib/python3.12/site-packages/airflow/example_dags/example_task_group.py                                                                1           0  0.11s           2025-03-18T11:10:11                      10
/usr/local/python/3.12.1/lib/python3.12/site-packages/airflow/example_dags/example_branch_day_of_week_operator.py                                               1           0  0.11s           2025-03-18T11:10:05                      12
/usr/local/python/3.12.1/lib/python3.12/site-packages/airflow/example_dags/example_complex.py                                                                   1           0  0.11s           2025-03-18T11:10:02                      10
/usr/local/python/3.12.1/lib/python3.12/site-packages/airflow/example_dags/example_sensor_decorator.py                                                          1           0  0.11s           2025-03-18T11:10:13                      10
/usr/local/python/3.12.1/lib/python3.12/site-packages/airflow/example_dags/example_trigger_target_dag.py                                                        1           0  0.11s           2025-03-18T11:09:52                      10
/usr/local/python/3.12.1/lib/python3.12/site-packages/airflow/example_dags/example_latest_only.py                                                               1           0  0.11s           2025-03-18T11:10:23                      12
/usr/local/python/3.12.1/lib/python3.12/site-packages/airflow/example_dags/example_trigger_controller_dag.py                                                    1           0  0.11s           2025-03-18T11:09:53                      12
/usr/local/python/3.12.1/lib/python3.12/site-packages/airflow/example_dags/example_python_operator.py                                                           1           0  0.11s           2025-03-18T11:10:18                      10
/usr/local/python/3.12.1/lib/python3.12/site-packages/airflow/example_dags/example_inlet_event_extra.py                                                         2           0  0.11s           2025-03-18T11:09:58                      15
/usr/local/python/3.12.1/lib/python3.12/site-packages/airflow/example_dags/example_branch_labels.py                                                             1           0  0.11s           2025-03-18T11:10:04                      12
/usr/local/python/3.12.1/lib/python3.12/site-packages/airflow/example_dags/example_subdag_operator.py                                                           3           0  0.11s           2025-03-18T11:10:12                      20
/usr/local/python/3.12.1/lib/python3.12/site-packages/airflow/example_dags/example_kubernetes_executor.py                                                       0           0  0.11s           2025-03-18T11:10:24                       3
/usr/local/python/3.12.1/lib/python3.12/site-packages/airflow/example_dags/plugins/decreasing_priority_weight_strategy.py                                       0           0  0.11s           2025-03-18T11:10:36                       3
/usr/local/python/3.12.1/lib/python3.12/site-packages/airflow/example_dags/example_passing_params_via_test_command.py                                           1           0  0.11s           2025-03-18T11:10:20                      12
/usr/local/python/3.12.1/lib/python3.12/site-packages/airflow/example_dags/example_sensors.py                                                                   1           0  0.11s           2025-03-18T11:10:13                      10
/usr/local/python/3.12.1/lib/python3.12/site-packages/airflow/example_dags/example_branch_datetime_operator.py                                                  3           0  0.11s           2025-03-18T11:09:38                      18
/usr/local/python/3.12.1/lib/python3.12/site-packages/airflow/example_dags/example_external_task_marker_dag.py                                                  2           0  0.11s           2025-03-18T11:10:25                      13
/usr/local/python/3.12.1/lib/python3.12/site-packages/airflow/example_dags/example_display_name.py                                                              1           0  0.11s           2025-03-18T11:10:26                      10
/usr/local/python/3.12.1/lib/python3.12/site-packages/airflow/example_dags/tutorial_dag.py                                                                      1           0  0.11s           2025-03-18T11:10:38                      10
/usr/local/python/3.12.1/lib/python3.12/site-packages/airflow/example_dags/plugins/workday.py                                                                   0           0  0.11s           2025-03-18T11:10:33                       3
/usr/local/python/3.12.1/lib/python3.12/site-packages/airflow/example_dags/example_nested_branch_dag.py                                                         1           0  0.11s           2025-03-18T11:09:59                      12
/usr/local/python/3.12.1/lib/python3.12/site-packages/airflow/example_dags/example_setup_teardown.py                                                            1           0  0.11s           2025-03-18T11:10:15                      10
/usr/local/python/3.12.1/lib/python3.12/site-packages/airflow/example_dags/example_bash_decorator.py                                                            1           0  0.11s           2025-03-18T11:09:39                      10
/usr/local/python/3.12.1/lib/python3.12/site-packages/airflow/example_dags/tutorial.py                                                                          1           0  0.11s           2025-03-18T11:09:55                      12
/usr/local/python/3.12.1/lib/python3.12/site-packages/airflow/example_dags/plugins/listener_plugin.py                                                           0           0  0.11s           2025-03-18T11:10:33                       3
/usr/local/python/3.12.1/lib/python3.12/site-packages/airflow/example_dags/example_setup_teardown_taskflow.py                                                   1           0  0.11s           2025-03-18T11:10:16                      10
/usr/local/python/3.12.1/lib/python3.12/site-packages/airflow/example_dags/example_short_circuit_operator.py                                                    1           0  0.11s           2025-03-18T11:10:10                      10
/usr/local/python/3.12.1/lib/python3.12/site-packages/airflow/example_dags/example_branch_operator_decorator.py                                                 1           0  0.10s           2025-03-18T11:10:30                      12
/usr/local/python/3.12.1/lib/python3.12/site-packages/airflow/example_dags/example_outlet_event_extra.py                                                        3           0  0.10s           2025-03-18T11:10:21                      19
/usr/local/python/3.12.1/lib/python3.12/site-packages/airflow/example_dags/example_latest_only_with_trigger.py                                                  1           0  0.10s           2025-03-18T11:10:23                      12
/usr/local/python/3.12.1/lib/python3.12/site-packages/airflow/example_dags/subdags/subdag.py                                                                    0           0  0.10s           2025-03-18T11:10:33                       3
/usr/local/python/3.12.1/lib/python3.12/site-packages/airflow/example_dags/example_time_delta_sensor_async.py                                                   1           0  0.10s           2025-03-18T11:09:57                      10
/usr/local/python/3.12.1/lib/python3.12/site-packages/airflow/example_dags/example_python_decorator.py                                                          1           0  0.10s           2025-03-18T11:10:18                      10
================================================================================
[2025-03-18T11:11:09.409+0000] {manager.py:997} INFO - 
================================================================================
DAG File Processing Stats

File Path                                                                                                                              PID    Runtime      # DAGs    # Errors  Last Runtime    Last Run               Last # of DB Queries
-------------------------------------------------------------------------------------------------------------------------------------  -----  ---------  --------  ----------  --------------  -------------------  ----------------------
/usr/local/python/3.12.1/lib/python3.12/site-packages/airflow/example_dags/example_dag_decorator.py                                                             1           0  0.31s           2025-03-18T11:10:32                      32
/usr/local/python/3.12.1/lib/python3.12/site-packages/airflow/example_dags/example_python_decorator.py                                                          1           0  0.11s           2025-03-18T11:11:07                      10
/usr/local/python/3.12.1/lib/python3.12/site-packages/airflow/example_dags/example_params_ui_tutorial.py                                                        1           0  0.11s           2025-03-18T11:10:22                      10
/usr/local/python/3.12.1/lib/python3.12/site-packages/airflow/example_dags/example_branch_python_dop_operator_3.py                                              1           0  0.11s           2025-03-18T11:10:55                      12
/usr/local/python/3.12.1/lib/python3.12/site-packages/airflow/example_dags/example_sensors.py                                                                   1           0  0.11s           2025-03-18T11:11:03                      10
/usr/local/python/3.12.1/lib/python3.12/site-packages/airflow/example_dags/tutorial_taskflow_api.py                                                             1           0  0.11s           2025-03-18T11:10:37                      10
/usr/local/python/3.12.1/lib/python3.12/site-packages/airflow/example_dags/example_short_circuit_decorator.py                                                   1           0  0.11s           2025-03-18T11:11:04                      10
/usr/local/python/3.12.1/lib/python3.12/site-packages/airflow/example_dags/example_dataset_alias.py                                                             4           0  0.11s           2025-03-18T11:10:53                      27
/usr/local/python/3.12.1/lib/python3.12/site-packages/airflow/example_dags/example_inlet_event_extra.py                                                         2           0  0.11s           2025-03-18T11:10:50                      15
/usr/local/python/3.12.1/lib/python3.12/site-packages/airflow/example_dags/example_passing_params_via_test_command.py                                           1           0  0.11s           2025-03-18T11:11:09                      12
/usr/local/python/3.12.1/lib/python3.12/site-packages/airflow/example_dags/example_dynamic_task_mapping.py                                                      1           0  0.11s           2025-03-18T11:10:28                      10
/usr/local/python/3.12.1/lib/python3.12/site-packages/airflow/example_dags/example_complex.py                                                                   1           0  0.11s           2025-03-18T11:10:54                      10
/usr/local/python/3.12.1/lib/python3.12/site-packages/airflow/example_dags/tutorial_taskflow_api_virtualenv.py                                                  1           0  0.11s           2025-03-18T11:10:38                      10
/usr/local/python/3.12.1/lib/python3.12/site-packages/airflow/example_dags/example_branch_operator.py                                                           1           0  0.11s           2025-03-18T11:10:03                      12
/usr/local/python/3.12.1/lib/python3.12/site-packages/airflow/example_dags/example_xcomargs.py                                                                  2           0  0.11s           2025-03-18T11:10:47                      13
/usr/local/python/3.12.1/lib/python3.12/site-packages/airflow/example_dags/example_nested_branch_dag.py                                                         1           0  0.11s           2025-03-18T11:10:51                      12
/usr/local/python/3.12.1/lib/python3.12/site-packages/airflow/example_dags/tutorial_objectstorage.py                                                            1           0  0.11s           2025-03-18T11:10:39                      10
/usr/local/python/3.12.1/lib/python3.12/site-packages/airflow/example_dags/example_setup_teardown_taskflow.py                                                   1           0  0.11s           2025-03-18T11:11:05                      10
/usr/local/python/3.12.1/lib/python3.12/site-packages/airflow/example_dags/example_short_circuit_operator.py                                                    1           0  0.11s           2025-03-18T11:11:00                      10
/usr/local/python/3.12.1/lib/python3.12/site-packages/airflow/example_dags/example_bash_operator.py                                                             1           0  0.11s           2025-03-18T11:10:06                      12
/usr/local/python/3.12.1/lib/python3.12/site-packages/airflow/example_dags/example_python_operator.py                                                           1           0  0.11s           2025-03-18T11:11:06                      10
/usr/local/python/3.12.1/lib/python3.12/site-packages/airflow/example_dags/tutorial_taskflow_templates.py                                                       1           0  0.11s           2025-03-18T11:10:40                      12
/usr/local/python/3.12.1/lib/python3.12/site-packages/airflow/example_dags/example_trigger_controller_dag.py                                                    1           0  0.11s           2025-03-18T11:10:44                      12
/usr/local/python/3.12.1/lib/python3.12/site-packages/airflow/example_dags/example_trigger_target_dag.py                                                        1           0  0.11s           2025-03-18T11:10:42                      10
/usr/local/python/3.12.1/lib/python3.12/site-packages/airflow/example_dags/example_local_kubernetes_executor.py                                                 0           0  0.11s           2025-03-18T11:10:52                       3
/usr/local/python/3.12.1/lib/python3.12/site-packages/airflow/example_dags/plugins/event_listener.py                                                            0           0  0.11s           2025-03-18T11:10:34                       3
/usr/local/python/3.12.1/lib/python3.12/site-packages/airflow/example_dags/example_dynamic_task_mapping_with_no_taskflow_operators.py                           1           0  0.11s           2025-03-18T11:10:27                      10
/usr/local/python/3.12.1/lib/python3.12/site-packages/airflow/example_dags/example_dataset_alias_with_no_taskflow.py                                            4           0  0.11s           2025-03-18T11:10:29                      27
/usr/local/python/3.12.1/lib/python3.12/site-packages/airflow/example_dags/example_task_group.py                                                                1           0  0.11s           2025-03-18T11:11:01                      10
/usr/local/python/3.12.1/lib/python3.12/site-packages/airflow/example_dags/example_branch_day_of_week_operator.py                                               1           0  0.11s           2025-03-18T11:10:05                      12
/usr/local/python/3.12.1/lib/python3.12/site-packages/airflow/example_dags/tutorial.py                                                                          1           0  0.11s           2025-03-18T11:10:46                      12
/usr/local/python/3.12.1/lib/python3.12/site-packages/airflow/example_dags/example_sla_dag.py                                                                   1           0  0.11s           2025-03-18T11:10:58                      12
/usr/local/python/3.12.1/lib/python3.12/site-packages/airflow/example_dags/example_xcom.py                                                                      1           0  0.11s           2025-03-18T11:10:41                      12
/usr/local/python/3.12.1/lib/python3.12/site-packages/airflow/example_dags/example_latest_only.py                                                               1           0  0.11s           2025-03-18T11:10:23                      12
/usr/local/python/3.12.1/lib/python3.12/site-packages/airflow/example_dags/example_sensor_decorator.py                                                          1           0  0.11s           2025-03-18T11:11:02                      10
/usr/local/python/3.12.1/lib/python3.12/site-packages/airflow/example_dags/example_branch_datetime_operator.py                                                  3           0  0.11s           2025-03-18T11:10:56                      18
/usr/local/python/3.12.1/lib/python3.12/site-packages/airflow/example_dags/example_branch_labels.py                                                             1           0  0.11s           2025-03-18T11:10:04                      12
/usr/local/python/3.12.1/lib/python3.12/site-packages/airflow/example_dags/example_kubernetes_executor.py                                                       0           0  0.11s           2025-03-18T11:10:24                       3
/usr/local/python/3.12.1/lib/python3.12/site-packages/airflow/example_dags/plugins/decreasing_priority_weight_strategy.py                                       0           0  0.11s           2025-03-18T11:10:36                       3
/usr/local/python/3.12.1/lib/python3.12/site-packages/airflow/example_dags/example_external_task_marker_dag.py                                                  2           0  0.11s           2025-03-18T11:10:25                      13
/usr/local/python/3.12.1/lib/python3.12/site-packages/airflow/example_dags/example_display_name.py                                                              1           0  0.11s           2025-03-18T11:10:26                      10
/usr/local/python/3.12.1/lib/python3.12/site-packages/airflow/example_dags/example_subdag_operator.py                                                           3           0  0.11s           2025-03-18T11:11:02                      20
/usr/local/python/3.12.1/lib/python3.12/site-packages/airflow/example_dags/example_workday_timetable.py                                                         1           0  0.11s           2025-03-18T11:10:43                      12
/usr/local/python/3.12.1/lib/python3.12/site-packages/airflow/example_dags/tutorial_dag.py                                                                      1           0  0.11s           2025-03-18T11:10:38                      10
/usr/local/python/3.12.1/lib/python3.12/site-packages/airflow/example_dags/example_datasets.py                                                                 10           0  0.11s           2025-03-18T11:10:53                      49
/usr/local/python/3.12.1/lib/python3.12/site-packages/airflow/example_dags/plugins/workday.py                                                                   0           0  0.11s           2025-03-18T11:10:33                       3
/usr/local/python/3.12.1/lib/python3.12/site-packages/airflow/example_dags/example_task_group_decorator.py                                                      1           0  0.11s           2025-03-18T11:10:48                      10
/usr/local/python/3.12.1/lib/python3.12/site-packages/airflow/example_dags/example_bash_decorator.py                                                            1           0  0.11s           2025-03-18T11:10:57                      10
/usr/local/python/3.12.1/lib/python3.12/site-packages/airflow/example_dags/example_time_delta_sensor_async.py                                                   1           0  0.11s           2025-03-18T11:10:48                      10
/usr/local/python/3.12.1/lib/python3.12/site-packages/airflow/example_dags/example_params_trigger_ui.py                                                         1           0  0.11s           2025-03-18T11:11:08                      10
/usr/local/python/3.12.1/lib/python3.12/site-packages/airflow/example_dags/plugins/listener_plugin.py                                                           0           0  0.11s           2025-03-18T11:10:33                       3
/usr/local/python/3.12.1/lib/python3.12/site-packages/airflow/example_dags/example_branch_operator_decorator.py                                                 1           0  0.10s           2025-03-18T11:10:30                      12
/usr/local/python/3.12.1/lib/python3.12/site-packages/airflow/example_dags/example_outlet_event_extra.py                                                        3           0  0.10s           2025-03-18T11:10:21                      19
/usr/local/python/3.12.1/lib/python3.12/site-packages/airflow/example_dags/example_latest_only_with_trigger.py                                                  1           0  0.10s           2025-03-18T11:10:23                      12
/usr/local/python/3.12.1/lib/python3.12/site-packages/airflow/example_dags/subdags/subdag.py                                                                    0           0  0.10s           2025-03-18T11:10:33                       3
/usr/local/python/3.12.1/lib/python3.12/site-packages/airflow/example_dags/example_setup_teardown.py                                                            1           0  0.10s           2025-03-18T11:11:04                      10
/usr/local/python/3.12.1/lib/python3.12/site-packages/airflow/example_dags/example_skip_dag.py                                                                  1           0  0.10s           2025-03-18T11:10:59                      12
================================================================================
[2025-03-18T11:11:39.544+0000] {manager.py:997} INFO - 
================================================================================
DAG File Processing Stats

File Path                                                                                                                              PID    Runtime      # DAGs    # Errors  Last Runtime    Last Run               Last # of DB Queries
-------------------------------------------------------------------------------------------------------------------------------------  -----  ---------  --------  ----------  --------------  -------------------  ----------------------
/usr/local/python/3.12.1/lib/python3.12/site-packages/airflow/example_dags/example_dag_decorator.py                                                             1           0  0.31s           2025-03-18T11:10:32                      32
/usr/local/python/3.12.1/lib/python3.12/site-packages/airflow/example_dags/example_python_decorator.py                                                          1           0  0.11s           2025-03-18T11:11:07                      10
/usr/local/python/3.12.1/lib/python3.12/site-packages/airflow/example_dags/example_branch_python_dop_operator_3.py                                              1           0  0.11s           2025-03-18T11:10:55                      12
/usr/local/python/3.12.1/lib/python3.12/site-packages/airflow/example_dags/example_sensors.py                                                                   1           0  0.11s           2025-03-18T11:11:03                      10
/usr/local/python/3.12.1/lib/python3.12/site-packages/airflow/example_dags/example_kubernetes_executor.py                                                       0           0  0.11s           2025-03-18T11:11:14                       3
/usr/local/python/3.12.1/lib/python3.12/site-packages/airflow/example_dags/example_short_circuit_decorator.py                                                   1           0  0.11s           2025-03-18T11:11:04                      10
/usr/local/python/3.12.1/lib/python3.12/site-packages/airflow/example_dags/plugins/workday.py                                                                   0           0  0.11s           2025-03-18T11:11:24                       3
/usr/local/python/3.12.1/lib/python3.12/site-packages/airflow/example_dags/plugins/decreasing_priority_weight_strategy.py                                       0           0  0.11s           2025-03-18T11:11:24                       3
/usr/local/python/3.12.1/lib/python3.12/site-packages/airflow/example_dags/example_dataset_alias.py                                                             4           0  0.11s           2025-03-18T11:10:53                      27
/usr/local/python/3.12.1/lib/python3.12/site-packages/airflow/example_dags/plugins/listener_plugin.py                                                           0           0  0.11s           2025-03-18T11:11:23                       3
/usr/local/python/3.12.1/lib/python3.12/site-packages/airflow/example_dags/example_branch_operator.py                                                           1           0  0.11s           2025-03-18T11:11:17                      12
/usr/local/python/3.12.1/lib/python3.12/site-packages/airflow/example_dags/example_passing_params_via_test_command.py                                           1           0  0.11s           2025-03-18T11:11:09                      12
/usr/local/python/3.12.1/lib/python3.12/site-packages/airflow/example_dags/example_complex.py                                                                   1           0  0.11s           2025-03-18T11:10:54                      10
/usr/local/python/3.12.1/lib/python3.12/site-packages/airflow/example_dags/example_nested_branch_dag.py                                                         1           0  0.11s           2025-03-18T11:10:51                      12
/usr/local/python/3.12.1/lib/python3.12/site-packages/airflow/example_dags/example_setup_teardown_taskflow.py                                                   1           0  0.11s           2025-03-18T11:11:05                      10
/usr/local/python/3.12.1/lib/python3.12/site-packages/airflow/example_dags/example_short_circuit_operator.py                                                    1           0  0.11s           2025-03-18T11:11:00                      10
/usr/local/python/3.12.1/lib/python3.12/site-packages/airflow/example_dags/example_python_operator.py                                                           1           0  0.11s           2025-03-18T11:11:06                      10
/usr/local/python/3.12.1/lib/python3.12/site-packages/airflow/example_dags/example_dynamic_task_mapping_with_no_taskflow_operators.py                           1           0  0.11s           2025-03-18T11:11:15                      10
/usr/local/python/3.12.1/lib/python3.12/site-packages/airflow/example_dags/example_local_kubernetes_executor.py                                                 0           0  0.11s           2025-03-18T11:10:52                       3
/usr/local/python/3.12.1/lib/python3.12/site-packages/airflow/example_dags/example_latest_only_with_trigger.py                                                  1           0  0.11s           2025-03-18T11:11:12                      12
/usr/local/python/3.12.1/lib/python3.12/site-packages/airflow/example_dags/tutorial_objectstorage.py                                                            1           0  0.11s           2025-03-18T11:11:29                      10
/usr/local/python/3.12.1/lib/python3.12/site-packages/airflow/example_dags/example_external_task_marker_dag.py                                                  2           0  0.11s           2025-03-18T11:11:14                      13
/usr/local/python/3.12.1/lib/python3.12/site-packages/airflow/example_dags/example_display_name.py                                                              1           0  0.11s           2025-03-18T11:11:14                      10
/usr/local/python/3.12.1/lib/python3.12/site-packages/airflow/example_dags/example_xcom.py                                                                      1           0  0.11s           2025-03-18T11:11:31                      12
/usr/local/python/3.12.1/lib/python3.12/site-packages/airflow/example_dags/example_dataset_alias_with_no_taskflow.py                                            4           0  0.11s           2025-03-18T11:10:29                      27
/usr/local/python/3.12.1/lib/python3.12/site-packages/airflow/example_dags/example_task_group.py                                                                1           0  0.11s           2025-03-18T11:11:01                      10
/usr/local/python/3.12.1/lib/python3.12/site-packages/airflow/example_dags/example_workday_timetable.py                                                         1           0  0.11s           2025-03-18T11:11:33                      12
/usr/local/python/3.12.1/lib/python3.12/site-packages/airflow/example_dags/example_dynamic_task_mapping.py                                                      1           0  0.11s           2025-03-18T11:11:16                      10
/usr/local/python/3.12.1/lib/python3.12/site-packages/airflow/example_dags/example_sla_dag.py                                                                   1           0  0.11s           2025-03-18T11:10:58                      12
/usr/local/python/3.12.1/lib/python3.12/site-packages/airflow/example_dags/tutorial_taskflow_templates.py                                                       1           0  0.11s           2025-03-18T11:11:29                      12
/usr/local/python/3.12.1/lib/python3.12/site-packages/airflow/example_dags/example_sensor_decorator.py                                                          1           0  0.11s           2025-03-18T11:11:02                      10
/usr/local/python/3.12.1/lib/python3.12/site-packages/airflow/example_dags/example_branch_datetime_operator.py                                                  3           0  0.11s           2025-03-18T11:10:56                      18
/usr/local/python/3.12.1/lib/python3.12/site-packages/airflow/example_dags/example_task_group_decorator.py                                                      1           0  0.11s           2025-03-18T11:11:37                      10
/usr/local/python/3.12.1/lib/python3.12/site-packages/airflow/example_dags/example_time_delta_sensor_async.py                                                   1           0  0.11s           2025-03-18T11:11:38                      10
/usr/local/python/3.12.1/lib/python3.12/site-packages/airflow/example_dags/example_bash_operator.py                                                             1           0  0.11s           2025-03-18T11:11:20                      12
/usr/local/python/3.12.1/lib/python3.12/site-packages/airflow/example_dags/example_trigger_controller_dag.py                                                    1           0  0.11s           2025-03-18T11:11:34                      12
/usr/local/python/3.12.1/lib/python3.12/site-packages/airflow/example_dags/subdags/subdag.py                                                                    0           0  0.11s           2025-03-18T11:11:21                       3
/usr/local/python/3.12.1/lib/python3.12/site-packages/airflow/example_dags/example_subdag_operator.py                                                           3           0  0.11s           2025-03-18T11:11:02                      20
/usr/local/python/3.12.1/lib/python3.12/site-packages/airflow/example_dags/example_xcomargs.py                                                                  2           0  0.11s           2025-03-18T11:11:36                      13
/usr/local/python/3.12.1/lib/python3.12/site-packages/airflow/example_dags/tutorial_taskflow_api.py                                                             1           0  0.11s           2025-03-18T11:11:25                      10
/usr/local/python/3.12.1/lib/python3.12/site-packages/airflow/example_dags/example_params_ui_tutorial.py                                                        1           0  0.11s           2025-03-18T11:11:10                      10
/usr/local/python/3.12.1/lib/python3.12/site-packages/airflow/example_dags/example_datasets.py                                                                 10           0  0.11s           2025-03-18T11:10:53                      49
/usr/local/python/3.12.1/lib/python3.12/site-packages/airflow/example_dags/example_inlet_event_extra.py                                                         2           0  0.11s           2025-03-18T11:11:39                      15
/usr/local/python/3.12.1/lib/python3.12/site-packages/airflow/example_dags/tutorial.py                                                                          1           0  0.11s           2025-03-18T11:11:35                      12
/usr/local/python/3.12.1/lib/python3.12/site-packages/airflow/example_dags/example_trigger_target_dag.py                                                        1           0  0.11s           2025-03-18T11:11:32                      10
/usr/local/python/3.12.1/lib/python3.12/site-packages/airflow/example_dags/example_bash_decorator.py                                                            1           0  0.11s           2025-03-18T11:10:57                      10
/usr/local/python/3.12.1/lib/python3.12/site-packages/airflow/example_dags/tutorial_dag.py                                                                      1           0  0.11s           2025-03-18T11:11:28                      10
/usr/local/python/3.12.1/lib/python3.12/site-packages/airflow/example_dags/example_params_trigger_ui.py                                                         1           0  0.11s           2025-03-18T11:11:08                      10
/usr/local/python/3.12.1/lib/python3.12/site-packages/airflow/example_dags/example_branch_day_of_week_operator.py                                               1           0  0.11s           2025-03-18T11:11:19                      12
/usr/local/python/3.12.1/lib/python3.12/site-packages/airflow/example_dags/tutorial_taskflow_api_virtualenv.py                                                  1           0  0.11s           2025-03-18T11:11:26                      10
/usr/local/python/3.12.1/lib/python3.12/site-packages/airflow/example_dags/example_latest_only.py                                                               1           0  0.11s           2025-03-18T11:11:11                      12
/usr/local/python/3.12.1/lib/python3.12/site-packages/airflow/example_dags/example_branch_operator_decorator.py                                                 1           0  0.10s           2025-03-18T11:10:30                      12
/usr/local/python/3.12.1/lib/python3.12/site-packages/airflow/example_dags/example_branch_labels.py                                                             1           0  0.10s           2025-03-18T11:11:19                      12
/usr/local/python/3.12.1/lib/python3.12/site-packages/airflow/example_dags/example_outlet_event_extra.py                                                        3           0  0.10s           2025-03-18T11:11:09                      19
/usr/local/python/3.12.1/lib/python3.12/site-packages/airflow/example_dags/example_setup_teardown.py                                                            1           0  0.10s           2025-03-18T11:11:04                      10
/usr/local/python/3.12.1/lib/python3.12/site-packages/airflow/example_dags/example_skip_dag.py                                                                  1           0  0.10s           2025-03-18T11:10:59                      12
/usr/local/python/3.12.1/lib/python3.12/site-packages/airflow/example_dags/plugins/event_listener.py                                                            0           0  0.10s           2025-03-18T11:11:24                       3
================================================================================
[2025-03-18T11:12:10.132+0000] {manager.py:997} INFO - 
================================================================================
DAG File Processing Stats

File Path                                                                                                                              PID    Runtime      # DAGs    # Errors  Last Runtime    Last Run               Last # of DB Queries
-------------------------------------------------------------------------------------------------------------------------------------  -----  ---------  --------  ----------  --------------  -------------------  ----------------------
/usr/local/python/3.12.1/lib/python3.12/site-packages/airflow/example_dags/example_dag_decorator.py                                                             1           0  0.31s           2025-03-18T11:11:42                      32
/usr/local/python/3.12.1/lib/python3.12/site-packages/airflow/example_dags/example_datasets.py                                                                 10           0  0.11s           2025-03-18T11:12:02                      49
/usr/local/python/3.12.1/lib/python3.12/site-packages/airflow/example_dags/example_setup_teardown.py                                                            1           0  0.11s           2025-03-18T11:11:51                      10
/usr/local/python/3.12.1/lib/python3.12/site-packages/airflow/example_dags/example_sensor_decorator.py                                                          1           0  0.11s           2025-03-18T11:11:48                      10
/usr/local/python/3.12.1/lib/python3.12/site-packages/airflow/example_dags/example_task_group.py                                                                1           0  0.11s           2025-03-18T11:11:46                      10
/usr/local/python/3.12.1/lib/python3.12/site-packages/airflow/example_dags/example_passing_params_via_test_command.py                                           1           0  0.11s           2025-03-18T11:11:55                      12
/usr/local/python/3.12.1/lib/python3.12/site-packages/airflow/example_dags/example_kubernetes_executor.py                                                       0           0  0.11s           2025-03-18T11:11:14                       3
/usr/local/python/3.12.1/lib/python3.12/site-packages/airflow/example_dags/example_short_circuit_decorator.py                                                   1           0  0.11s           2025-03-18T11:11:50                      10
/usr/local/python/3.12.1/lib/python3.12/site-packages/airflow/example_dags/plugins/decreasing_priority_weight_strategy.py                                       0           0  0.11s           2025-03-18T11:11:24                       3
/usr/local/python/3.12.1/lib/python3.12/site-packages/airflow/example_dags/example_latest_only.py                                                               1           0  0.11s           2025-03-18T11:11:58                      12
/usr/local/python/3.12.1/lib/python3.12/site-packages/airflow/example_dags/example_local_kubernetes_executor.py                                                 0           0  0.11s           2025-03-18T11:12:00                       3
/usr/local/python/3.12.1/lib/python3.12/site-packages/airflow/example_dags/example_python_decorator.py                                                          1           0  0.11s           2025-03-18T11:11:54                      10
/usr/local/python/3.12.1/lib/python3.12/site-packages/airflow/example_dags/example_branch_operator.py                                                           1           0  0.11s           2025-03-18T11:11:17                      12
/usr/local/python/3.12.1/lib/python3.12/site-packages/airflow/example_dags/example_params_ui_tutorial.py                                                        1           0  0.11s           2025-03-18T11:11:57                      10
/usr/local/python/3.12.1/lib/python3.12/site-packages/airflow/example_dags/example_branch_datetime_operator.py                                                  3           0  0.11s           2025-03-18T11:12:05                      18
/usr/local/python/3.12.1/lib/python3.12/site-packages/airflow/example_dags/subdags/subdag.py                                                                    0           0  0.11s           2025-03-18T11:12:08                       3
/usr/local/python/3.12.1/lib/python3.12/site-packages/airflow/example_dags/example_branch_operator_decorator.py                                                 1           0  0.11s           2025-03-18T11:11:41                      12
/usr/local/python/3.12.1/lib/python3.12/site-packages/airflow/example_dags/example_dynamic_task_mapping_with_no_taskflow_operators.py                           1           0  0.11s           2025-03-18T11:11:15                      10
/usr/local/python/3.12.1/lib/python3.12/site-packages/airflow/example_dags/tutorial_objectstorage.py                                                            1           0  0.11s           2025-03-18T11:11:29                      10
/usr/local/python/3.12.1/lib/python3.12/site-packages/airflow/example_dags/plugins/workday.py                                                                   0           0  0.11s           2025-03-18T11:12:10                       3
/usr/local/python/3.12.1/lib/python3.12/site-packages/airflow/example_dags/example_external_task_marker_dag.py                                                  2           0  0.11s           2025-03-18T11:11:14                      13
/usr/local/python/3.12.1/lib/python3.12/site-packages/airflow/example_dags/example_display_name.py                                                              1           0  0.11s           2025-03-18T11:11:14                      10
/usr/local/python/3.12.1/lib/python3.12/site-packages/airflow/example_dags/example_xcom.py                                                                      1           0  0.11s           2025-03-18T11:11:31                      12
/usr/local/python/3.12.1/lib/python3.12/site-packages/airflow/example_dags/example_bash_decorator.py                                                            1           0  0.11s           2025-03-18T11:12:06                      10
/usr/local/python/3.12.1/lib/python3.12/site-packages/airflow/example_dags/example_workday_timetable.py                                                         1           0  0.11s           2025-03-18T11:11:33                      12
/usr/local/python/3.12.1/lib/python3.12/site-packages/airflow/example_dags/example_branch_python_dop_operator_3.py                                              1           0  0.11s           2025-03-18T11:12:04                      12
/usr/local/python/3.12.1/lib/python3.12/site-packages/airflow/example_dags/example_dynamic_task_mapping.py                                                      1           0  0.11s           2025-03-18T11:11:16                      10
/usr/local/python/3.12.1/lib/python3.12/site-packages/airflow/example_dags/tutorial_taskflow_templates.py                                                       1           0  0.11s           2025-03-18T11:11:29                      12
/usr/local/python/3.12.1/lib/python3.12/site-packages/airflow/example_dags/example_complex.py                                                                   1           0  0.11s           2025-03-18T11:12:03                      10
/usr/local/python/3.12.1/lib/python3.12/site-packages/airflow/example_dags/example_skip_dag.py                                                                  1           0  0.11s           2025-03-18T11:11:44                      12
/usr/local/python/3.12.1/lib/python3.12/site-packages/airflow/example_dags/example_subdag_operator.py                                                           3           0  0.11s           2025-03-18T11:11:47                      20
/usr/local/python/3.12.1/lib/python3.12/site-packages/airflow/example_dags/example_task_group_decorator.py                                                      1           0  0.11s           2025-03-18T11:11:37                      10
/usr/local/python/3.12.1/lib/python3.12/site-packages/airflow/example_dags/example_time_delta_sensor_async.py                                                   1           0  0.11s           2025-03-18T11:11:38                      10
/usr/local/python/3.12.1/lib/python3.12/site-packages/airflow/example_dags/example_bash_operator.py                                                             1           0  0.11s           2025-03-18T11:11:20                      12
/usr/local/python/3.12.1/lib/python3.12/site-packages/airflow/example_dags/example_trigger_controller_dag.py                                                    1           0  0.11s           2025-03-18T11:11:34                      12
/usr/local/python/3.12.1/lib/python3.12/site-packages/airflow/example_dags/example_sla_dag.py                                                                   1           0  0.11s           2025-03-18T11:11:43                      12
/usr/local/python/3.12.1/lib/python3.12/site-packages/airflow/example_dags/example_latest_only_with_trigger.py                                                  1           0  0.11s           2025-03-18T11:12:00                      12
/usr/local/python/3.12.1/lib/python3.12/site-packages/airflow/example_dags/example_sensors.py                                                                   1           0  0.11s           2025-03-18T11:11:49                      10
/usr/local/python/3.12.1/lib/python3.12/site-packages/airflow/example_dags/example_xcomargs.py                                                                  2           0  0.11s           2025-03-18T11:11:36                      13
/usr/local/python/3.12.1/lib/python3.12/site-packages/airflow/example_dags/tutorial_taskflow_api.py                                                             1           0  0.11s           2025-03-18T11:11:25                      10
/usr/local/python/3.12.1/lib/python3.12/site-packages/airflow/example_dags/example_outlet_event_extra.py                                                        3           0  0.11s           2025-03-18T11:11:56                      19
/usr/local/python/3.12.1/lib/python3.12/site-packages/airflow/example_dags/example_python_operator.py                                                           1           0  0.11s           2025-03-18T11:11:53                      10
/usr/local/python/3.12.1/lib/python3.12/site-packages/airflow/example_dags/example_inlet_event_extra.py                                                         2           0  0.11s           2025-03-18T11:11:39                      15
/usr/local/python/3.12.1/lib/python3.12/site-packages/airflow/example_dags/example_dataset_alias.py                                                             4           0  0.11s           2025-03-18T11:12:01                      27
/usr/local/python/3.12.1/lib/python3.12/site-packages/airflow/example_dags/tutorial.py                                                                          1           0  0.11s           2025-03-18T11:11:35                      12
/usr/local/python/3.12.1/lib/python3.12/site-packages/airflow/example_dags/example_trigger_target_dag.py                                                        1           0  0.11s           2025-03-18T11:11:32                      10
/usr/local/python/3.12.1/lib/python3.12/site-packages/airflow/example_dags/example_short_circuit_operator.py                                                    1           0  0.11s           2025-03-18T11:11:45                      10
/usr/local/python/3.12.1/lib/python3.12/site-packages/airflow/example_dags/tutorial_dag.py                                                                      1           0  0.11s           2025-03-18T11:11:28                      10
/usr/local/python/3.12.1/lib/python3.12/site-packages/airflow/example_dags/example_branch_day_of_week_operator.py                                               1           0  0.11s           2025-03-18T11:11:19                      12
/usr/local/python/3.12.1/lib/python3.12/site-packages/airflow/example_dags/tutorial_taskflow_api_virtualenv.py                                                  1           0  0.11s           2025-03-18T11:11:26                      10
/usr/local/python/3.12.1/lib/python3.12/site-packages/airflow/example_dags/example_setup_teardown_taskflow.py                                                   1           0  0.11s           2025-03-18T11:11:52                      10
/usr/local/python/3.12.1/lib/python3.12/site-packages/airflow/example_dags/plugins/listener_plugin.py                                                           0           0  0.10s           2025-03-18T11:12:09                       3
/usr/local/python/3.12.1/lib/python3.12/site-packages/airflow/example_dags/example_branch_labels.py                                                             1           0  0.10s           2025-03-18T11:11:19                      12
/usr/local/python/3.12.1/lib/python3.12/site-packages/airflow/example_dags/example_params_trigger_ui.py                                                         1           0  0.10s           2025-03-18T11:11:54                      10
/usr/local/python/3.12.1/lib/python3.12/site-packages/airflow/example_dags/example_nested_branch_dag.py                                                         1           0  0.10s           2025-03-18T11:11:39                      12
/usr/local/python/3.12.1/lib/python3.12/site-packages/airflow/example_dags/example_dataset_alias_with_no_taskflow.py                                            4           0  0.10s           2025-03-18T11:11:40                      27
/usr/local/python/3.12.1/lib/python3.12/site-packages/airflow/example_dags/plugins/event_listener.py                                                            0           0  0.10s           2025-03-18T11:11:24                       3
================================================================================
[2025-03-18T11:49:39.523+0000] {manager.py:483} INFO - Processing files using up to 1 processes at a time 
[2025-03-18T11:49:39.524+0000] {manager.py:484} INFO - Process each file at most once every 30 seconds
[2025-03-18T11:49:39.524+0000] {manager.py:485} INFO - Checking for new files in /workspaces/Data-Management-for-ML/airflow/dags every 300 seconds
[2025-03-18T11:49:39.524+0000] {manager.py:821} INFO - Searching for files in /workspaces/Data-Management-for-ML/airflow/dags
[2025-03-18T11:49:39.539+0000] {manager.py:824} INFO - There are 57 files in /workspaces/Data-Management-for-ML/airflow/dags
[2025-03-18T11:49:39.678+0000] {manager.py:997} INFO - 
================================================================================
DAG File Processing Stats

File Path                                                                                                                              PID    Runtime      # DAGs    # Errors  Last Runtime    Last Run               Last # of DB Queries
-------------------------------------------------------------------------------------------------------------------------------------  -----  ---------  --------  ----------  --------------  -------------------  ----------------------
/usr/local/python/3.12.1/lib/python3.12/site-packages/airflow/example_dags/subdags/subdag.py                                                                    0           0  0.11s           2025-03-18T11:49:39                       3
/usr/local/python/3.12.1/lib/python3.12/site-packages/airflow/example_dags/example_sensor_decorator.py                                                          0           0                                                            0
/usr/local/python/3.12.1/lib/python3.12/site-packages/airflow/example_dags/example_sensors.py                                                                   0           0                                                            0
/usr/local/python/3.12.1/lib/python3.12/site-packages/airflow/example_dags/example_python_decorator.py                                                          0           0                                                            0
/usr/local/python/3.12.1/lib/python3.12/site-packages/airflow/example_dags/example_complex.py                                                                   0           0                                                            0
/usr/local/python/3.12.1/lib/python3.12/site-packages/airflow/example_dags/example_display_name.py                                                              0           0                                                            0
/usr/local/python/3.12.1/lib/python3.12/site-packages/airflow/example_dags/example_task_group_decorator.py                                                      0           0                                                            0
/usr/local/python/3.12.1/lib/python3.12/site-packages/airflow/example_dags/example_short_circuit_decorator.py                                                   0           0                                                            0
/usr/local/python/3.12.1/lib/python3.12/site-packages/airflow/example_dags/example_dynamic_task_mapping_with_no_taskflow_operators.py                           0           0                                                            0
/usr/local/python/3.12.1/lib/python3.12/site-packages/airflow/example_dags/example_dataset_alias.py                                                             0           0                                                            0
/usr/local/python/3.12.1/lib/python3.12/site-packages/airflow/example_dags/example_branch_datetime_operator.py                                                  0           0                                                            0
/usr/local/python/3.12.1/lib/python3.12/site-packages/airflow/example_dags/example_time_delta_sensor_async.py                                                   0           0                                                            0
/usr/local/python/3.12.1/lib/python3.12/site-packages/airflow/example_dags/example_branch_operator.py                                                           0           0                                                            0
/usr/local/python/3.12.1/lib/python3.12/site-packages/airflow/example_dags/example_bash_decorator.py                                                            0           0                                                            0
/usr/local/python/3.12.1/lib/python3.12/site-packages/airflow/example_dags/example_xcom.py                                                                      0           0                                                            0
/usr/local/python/3.12.1/lib/python3.12/site-packages/airflow/example_dags/example_sla_dag.py                                                                   0           0                                                            0
/usr/local/python/3.12.1/lib/python3.12/site-packages/airflow/example_dags/example_branch_day_of_week_operator.py                                               0           0                                                            0
/usr/local/python/3.12.1/lib/python3.12/site-packages/airflow/example_dags/example_params_trigger_ui.py                                                         0           0                                                            0
/usr/local/python/3.12.1/lib/python3.12/site-packages/airflow/example_dags/example_setup_teardown.py                                                            0           0                                                            0
/usr/local/python/3.12.1/lib/python3.12/site-packages/airflow/example_dags/example_trigger_target_dag.py                                                        0           0                                                            0
/usr/local/python/3.12.1/lib/python3.12/site-packages/airflow/example_dags/example_branch_labels.py                                                             0           0                                                            0
/usr/local/python/3.12.1/lib/python3.12/site-packages/airflow/example_dags/example_setup_teardown_taskflow.py                                                   0           0                                                            0
/usr/local/python/3.12.1/lib/python3.12/site-packages/airflow/example_dags/example_dynamic_task_mapping.py                                                      0           0                                                            0
/usr/local/python/3.12.1/lib/python3.12/site-packages/airflow/example_dags/example_branch_operator_decorator.py                                                 0           0                                                            0
/usr/local/python/3.12.1/lib/python3.12/site-packages/airflow/example_dags/example_skip_dag.py                                                                  0           0                                                            0
/usr/local/python/3.12.1/lib/python3.12/site-packages/airflow/example_dags/example_latest_only.py                                                               0           0                                                            0
/usr/local/python/3.12.1/lib/python3.12/site-packages/airflow/example_dags/example_latest_only_with_trigger.py                                                  0           0                                                            0
/usr/local/python/3.12.1/lib/python3.12/site-packages/airflow/example_dags/tutorial_taskflow_api.py                                                             0           0                                                            0
/usr/local/python/3.12.1/lib/python3.12/site-packages/airflow/example_dags/example_dag_decorator.py                                                             0           0                                                            0
/usr/local/python/3.12.1/lib/python3.12/site-packages/airflow/example_dags/example_workday_timetable.py                                                         0           0                                                            0
/usr/local/python/3.12.1/lib/python3.12/site-packages/airflow/example_dags/example_trigger_controller_dag.py                                                    0           0                                                            0
/usr/local/python/3.12.1/lib/python3.12/site-packages/airflow/example_dags/tutorial_taskflow_api_virtualenv.py                                                  0           0                                                            0
/usr/local/python/3.12.1/lib/python3.12/site-packages/airflow/example_dags/example_kubernetes_executor.py                                                       0           0                                                            0
/usr/local/python/3.12.1/lib/python3.12/site-packages/airflow/example_dags/example_passing_params_via_test_command.py                                           0           0                                                            0
/usr/local/python/3.12.1/lib/python3.12/site-packages/airflow/example_dags/example_inlet_event_extra.py                                                         0           0                                                            0
/usr/local/python/3.12.1/lib/python3.12/site-packages/airflow/example_dags/example_short_circuit_operator.py                                                    0           0                                                            0
/usr/local/python/3.12.1/lib/python3.12/site-packages/airflow/example_dags/example_nested_branch_dag.py                                                         0           0                                                            0
/usr/local/python/3.12.1/lib/python3.12/site-packages/airflow/example_dags/example_bash_operator.py                                                             0           0                                                            0
/usr/local/python/3.12.1/lib/python3.12/site-packages/airflow/example_dags/example_local_kubernetes_executor.py                                                 0           0                                                            0
/usr/local/python/3.12.1/lib/python3.12/site-packages/airflow/example_dags/example_outlet_event_extra.py                                                        0           0                                                            0
/usr/local/python/3.12.1/lib/python3.12/site-packages/airflow/example_dags/example_task_group.py                                                                0           0                                                            0
/usr/local/python/3.12.1/lib/python3.12/site-packages/airflow/example_dags/tutorial_dag.py                                                                      0           0                                                            0
/usr/local/python/3.12.1/lib/python3.12/site-packages/airflow/example_dags/example_params_ui_tutorial.py                                                        0           0                                                            0
/usr/local/python/3.12.1/lib/python3.12/site-packages/airflow/example_dags/example_dataset_alias_with_no_taskflow.py                                            0           0                                                            0
/usr/local/python/3.12.1/lib/python3.12/site-packages/airflow/example_dags/tutorial.py                                                                          0           0                                                            0
/usr/local/python/3.12.1/lib/python3.12/site-packages/airflow/example_dags/example_python_operator.py                                                           0           0                                                            0
/usr/local/python/3.12.1/lib/python3.12/site-packages/airflow/example_dags/example_branch_python_dop_operator_3.py                                              0           0                                                            0
/usr/local/python/3.12.1/lib/python3.12/site-packages/airflow/example_dags/example_external_task_marker_dag.py                                                  0           0                                                            0
/usr/local/python/3.12.1/lib/python3.12/site-packages/airflow/example_dags/example_datasets.py                                                                  0           0                                                            0
/usr/local/python/3.12.1/lib/python3.12/site-packages/airflow/example_dags/tutorial_objectstorage.py                                                            0           0                                                            0
/usr/local/python/3.12.1/lib/python3.12/site-packages/airflow/example_dags/example_xcomargs.py                                                                  0           0                                                            0
/usr/local/python/3.12.1/lib/python3.12/site-packages/airflow/example_dags/example_subdag_operator.py                                                           0           0                                                            0
/usr/local/python/3.12.1/lib/python3.12/site-packages/airflow/example_dags/tutorial_taskflow_templates.py                                                       0           0                                                            0
/usr/local/python/3.12.1/lib/python3.12/site-packages/airflow/example_dags/plugins/event_listener.py                                                            0           0                                                            0
/usr/local/python/3.12.1/lib/python3.12/site-packages/airflow/example_dags/plugins/listener_plugin.py                                                           0           0                                                            0
/usr/local/python/3.12.1/lib/python3.12/site-packages/airflow/example_dags/plugins/decreasing_priority_weight_strategy.py                                       0           0                                                            0
/usr/local/python/3.12.1/lib/python3.12/site-packages/airflow/example_dags/plugins/workday.py                                                                   0           0                                                            0
================================================================================
[2025-03-18T11:49:58.985+0000] {manager.py:465} INFO - Exiting gracefully upon receiving signal 15
[2025-03-18T11:50:14.212+0000] {manager.py:483} INFO - Processing files using up to 1 processes at a time 
[2025-03-18T11:50:14.212+0000] {manager.py:484} INFO - Process each file at most once every 30 seconds
[2025-03-18T11:50:14.212+0000] {manager.py:485} INFO - Checking for new files in /workspaces/Data-Management-for-ML/airflow/dags every 300 seconds
[2025-03-18T11:50:14.213+0000] {manager.py:821} INFO - Searching for files in /workspaces/Data-Management-for-ML/airflow/dags
[2025-03-18T11:50:14.228+0000] {manager.py:824} INFO - There are 57 files in /workspaces/Data-Management-for-ML/airflow/dags
[2025-03-18T11:50:14.373+0000] {manager.py:997} INFO - 
================================================================================
DAG File Processing Stats

File Path                                                                                                                              PID    Runtime      # DAGs    # Errors  Last Runtime    Last Run               Last # of DB Queries
-------------------------------------------------------------------------------------------------------------------------------------  -----  ---------  --------  ----------  --------------  -------------------  ----------------------
/usr/local/python/3.12.1/lib/python3.12/site-packages/airflow/example_dags/subdags/subdag.py                                                                    0           0  0.11s           2025-03-18T11:50:14                       3
/usr/local/python/3.12.1/lib/python3.12/site-packages/airflow/example_dags/example_sensor_decorator.py                                                          0           0                                                            0
/usr/local/python/3.12.1/lib/python3.12/site-packages/airflow/example_dags/example_sensors.py                                                                   0           0                                                            0
/usr/local/python/3.12.1/lib/python3.12/site-packages/airflow/example_dags/example_python_decorator.py                                                          0           0                                                            0
/usr/local/python/3.12.1/lib/python3.12/site-packages/airflow/example_dags/example_complex.py                                                                   0           0                                                            0
/usr/local/python/3.12.1/lib/python3.12/site-packages/airflow/example_dags/example_display_name.py                                                              0           0                                                            0
/usr/local/python/3.12.1/lib/python3.12/site-packages/airflow/example_dags/example_task_group_decorator.py                                                      0           0                                                            0
/usr/local/python/3.12.1/lib/python3.12/site-packages/airflow/example_dags/example_short_circuit_decorator.py                                                   0           0                                                            0
/usr/local/python/3.12.1/lib/python3.12/site-packages/airflow/example_dags/example_dynamic_task_mapping_with_no_taskflow_operators.py                           0           0                                                            0
/usr/local/python/3.12.1/lib/python3.12/site-packages/airflow/example_dags/example_dataset_alias.py                                                             0           0                                                            0
/usr/local/python/3.12.1/lib/python3.12/site-packages/airflow/example_dags/example_branch_datetime_operator.py                                                  0           0                                                            0
/usr/local/python/3.12.1/lib/python3.12/site-packages/airflow/example_dags/example_time_delta_sensor_async.py                                                   0           0                                                            0
/usr/local/python/3.12.1/lib/python3.12/site-packages/airflow/example_dags/example_branch_operator.py                                                           0           0                                                            0
/usr/local/python/3.12.1/lib/python3.12/site-packages/airflow/example_dags/example_bash_decorator.py                                                            0           0                                                            0
/usr/local/python/3.12.1/lib/python3.12/site-packages/airflow/example_dags/example_xcom.py                                                                      0           0                                                            0
/usr/local/python/3.12.1/lib/python3.12/site-packages/airflow/example_dags/example_sla_dag.py                                                                   0           0                                                            0
/usr/local/python/3.12.1/lib/python3.12/site-packages/airflow/example_dags/example_branch_day_of_week_operator.py                                               0           0                                                            0
/usr/local/python/3.12.1/lib/python3.12/site-packages/airflow/example_dags/example_params_trigger_ui.py                                                         0           0                                                            0
/usr/local/python/3.12.1/lib/python3.12/site-packages/airflow/example_dags/example_setup_teardown.py                                                            0           0                                                            0
/usr/local/python/3.12.1/lib/python3.12/site-packages/airflow/example_dags/example_trigger_target_dag.py                                                        0           0                                                            0
/usr/local/python/3.12.1/lib/python3.12/site-packages/airflow/example_dags/example_branch_labels.py                                                             0           0                                                            0
/usr/local/python/3.12.1/lib/python3.12/site-packages/airflow/example_dags/example_setup_teardown_taskflow.py                                                   0           0                                                            0
/usr/local/python/3.12.1/lib/python3.12/site-packages/airflow/example_dags/example_dynamic_task_mapping.py                                                      0           0                                                            0
/usr/local/python/3.12.1/lib/python3.12/site-packages/airflow/example_dags/example_branch_operator_decorator.py                                                 0           0                                                            0
/usr/local/python/3.12.1/lib/python3.12/site-packages/airflow/example_dags/example_skip_dag.py                                                                  0           0                                                            0
/usr/local/python/3.12.1/lib/python3.12/site-packages/airflow/example_dags/example_latest_only.py                                                               0           0                                                            0
/usr/local/python/3.12.1/lib/python3.12/site-packages/airflow/example_dags/example_latest_only_with_trigger.py                                                  0           0                                                            0
/usr/local/python/3.12.1/lib/python3.12/site-packages/airflow/example_dags/tutorial_taskflow_api.py                                                             0           0                                                            0
/usr/local/python/3.12.1/lib/python3.12/site-packages/airflow/example_dags/example_dag_decorator.py                                                             0           0                                                            0
/usr/local/python/3.12.1/lib/python3.12/site-packages/airflow/example_dags/example_workday_timetable.py                                                         0           0                                                            0
/usr/local/python/3.12.1/lib/python3.12/site-packages/airflow/example_dags/example_trigger_controller_dag.py                                                    0           0                                                            0
/usr/local/python/3.12.1/lib/python3.12/site-packages/airflow/example_dags/tutorial_taskflow_api_virtualenv.py                                                  0           0                                                            0
/usr/local/python/3.12.1/lib/python3.12/site-packages/airflow/example_dags/example_kubernetes_executor.py                                                       0           0                                                            0
/usr/local/python/3.12.1/lib/python3.12/site-packages/airflow/example_dags/example_passing_params_via_test_command.py                                           0           0                                                            0
/usr/local/python/3.12.1/lib/python3.12/site-packages/airflow/example_dags/example_inlet_event_extra.py                                                         0           0                                                            0
/usr/local/python/3.12.1/lib/python3.12/site-packages/airflow/example_dags/example_short_circuit_operator.py                                                    0           0                                                            0
/usr/local/python/3.12.1/lib/python3.12/site-packages/airflow/example_dags/example_nested_branch_dag.py                                                         0           0                                                            0
/usr/local/python/3.12.1/lib/python3.12/site-packages/airflow/example_dags/example_bash_operator.py                                                             0           0                                                            0
/usr/local/python/3.12.1/lib/python3.12/site-packages/airflow/example_dags/example_local_kubernetes_executor.py                                                 0           0                                                            0
/usr/local/python/3.12.1/lib/python3.12/site-packages/airflow/example_dags/example_outlet_event_extra.py                                                        0           0                                                            0
/usr/local/python/3.12.1/lib/python3.12/site-packages/airflow/example_dags/example_task_group.py                                                                0           0                                                            0
/usr/local/python/3.12.1/lib/python3.12/site-packages/airflow/example_dags/tutorial_dag.py                                                                      0           0                                                            0
/usr/local/python/3.12.1/lib/python3.12/site-packages/airflow/example_dags/example_params_ui_tutorial.py                                                        0           0                                                            0
/usr/local/python/3.12.1/lib/python3.12/site-packages/airflow/example_dags/example_dataset_alias_with_no_taskflow.py                                            0           0                                                            0
/usr/local/python/3.12.1/lib/python3.12/site-packages/airflow/example_dags/tutorial.py                                                                          0           0                                                            0
/usr/local/python/3.12.1/lib/python3.12/site-packages/airflow/example_dags/example_python_operator.py                                                           0           0                                                            0
/usr/local/python/3.12.1/lib/python3.12/site-packages/airflow/example_dags/example_branch_python_dop_operator_3.py                                              0           0                                                            0
/usr/local/python/3.12.1/lib/python3.12/site-packages/airflow/example_dags/example_external_task_marker_dag.py                                                  0           0                                                            0
/usr/local/python/3.12.1/lib/python3.12/site-packages/airflow/example_dags/example_datasets.py                                                                  0           0                                                            0
/usr/local/python/3.12.1/lib/python3.12/site-packages/airflow/example_dags/tutorial_objectstorage.py                                                            0           0                                                            0
/usr/local/python/3.12.1/lib/python3.12/site-packages/airflow/example_dags/example_xcomargs.py                                                                  0           0                                                            0
/usr/local/python/3.12.1/lib/python3.12/site-packages/airflow/example_dags/example_subdag_operator.py                                                           0           0                                                            0
/usr/local/python/3.12.1/lib/python3.12/site-packages/airflow/example_dags/tutorial_taskflow_templates.py                                                       0           0                                                            0
/usr/local/python/3.12.1/lib/python3.12/site-packages/airflow/example_dags/plugins/event_listener.py                                                            0           0                                                            0
/usr/local/python/3.12.1/lib/python3.12/site-packages/airflow/example_dags/plugins/listener_plugin.py                                                           0           0                                                            0
/usr/local/python/3.12.1/lib/python3.12/site-packages/airflow/example_dags/plugins/decreasing_priority_weight_strategy.py                                       0           0                                                            0
/usr/local/python/3.12.1/lib/python3.12/site-packages/airflow/example_dags/plugins/workday.py                                                                   0           0                                                            0
================================================================================
[2025-03-18T11:50:44.446+0000] {manager.py:997} INFO - 
================================================================================
DAG File Processing Stats

File Path                                                                                                                              PID    Runtime      # DAGs    # Errors  Last Runtime    Last Run               Last # of DB Queries
-------------------------------------------------------------------------------------------------------------------------------------  -----  ---------  --------  ----------  --------------  -------------------  ----------------------
/usr/local/python/3.12.1/lib/python3.12/site-packages/airflow/example_dags/example_python_operator.py                                                           1           0  0.21s           2025-03-18T11:50:39                      32
/usr/local/python/3.12.1/lib/python3.12/site-packages/airflow/example_dags/tutorial_taskflow_api_virtualenv.py                                                  1           0  0.21s           2025-03-18T11:50:20                      32
/usr/local/python/3.12.1/lib/python3.12/site-packages/airflow/example_dags/example_python_decorator.py                                                          1           0  0.21s           2025-03-18T11:50:41                      32
/usr/local/python/3.12.1/lib/python3.12/site-packages/airflow/example_dags/subdags/subdag.py                                                                    0           0  0.11s           2025-03-18T11:50:14                       3
/usr/local/python/3.12.1/lib/python3.12/site-packages/airflow/example_dags/example_trigger_target_dag.py                                                        1           0  0.11s           2025-03-18T11:50:24                      10
/usr/local/python/3.12.1/lib/python3.12/site-packages/airflow/example_dags/example_workday_timetable.py                                                         1           0  0.11s           2025-03-18T11:50:25                      12
/usr/local/python/3.12.1/lib/python3.12/site-packages/airflow/example_dags/example_setup_teardown.py                                                            1           0  0.11s           2025-03-18T11:50:38                      10
/usr/local/python/3.12.1/lib/python3.12/site-packages/airflow/example_dags/example_time_delta_sensor_async.py                                                   1           0  0.11s           2025-03-18T11:50:29                      10
/usr/local/python/3.12.1/lib/python3.12/site-packages/airflow/example_dags/plugins/workday.py                                                                   0           0  0.11s           2025-03-18T11:50:16                       3
/usr/local/python/3.12.1/lib/python3.12/site-packages/airflow/example_dags/example_sla_dag.py                                                                   1           0  0.11s           2025-03-18T11:50:30                      12
/usr/local/python/3.12.1/lib/python3.12/site-packages/airflow/example_dags/example_xcom.py                                                                      1           0  0.11s           2025-03-18T11:50:24                      12
/usr/local/python/3.12.1/lib/python3.12/site-packages/airflow/example_dags/plugins/event_listener.py                                                            0           0  0.11s           2025-03-18T11:50:17                       3
/usr/local/python/3.12.1/lib/python3.12/site-packages/airflow/example_dags/example_subdag_operator.py                                                           3           0  0.11s           2025-03-18T11:50:34                      20
/usr/local/python/3.12.1/lib/python3.12/site-packages/airflow/example_dags/example_setup_teardown_taskflow.py                                                   1           0  0.11s           2025-03-18T11:50:39                      10
/usr/local/python/3.12.1/lib/python3.12/site-packages/airflow/example_dags/example_task_group_decorator.py                                                      1           0  0.11s           2025-03-18T11:50:29                      10
/usr/local/python/3.12.1/lib/python3.12/site-packages/airflow/example_dags/plugins/listener_plugin.py                                                           0           0  0.11s           2025-03-18T11:50:15                       3
/usr/local/python/3.12.1/lib/python3.12/site-packages/airflow/example_dags/tutorial_taskflow_templates.py                                                       1           0  0.11s           2025-03-18T11:50:23                      12
/usr/local/python/3.12.1/lib/python3.12/site-packages/airflow/example_dags/tutorial.py                                                                          1           0  0.11s           2025-03-18T11:50:27                      12
/usr/local/python/3.12.1/lib/python3.12/site-packages/airflow/example_dags/example_sensors.py                                                                   1           0  0.11s           2025-03-18T11:50:35                      10
/usr/local/python/3.12.1/lib/python3.12/site-packages/airflow/example_dags/tutorial_dag.py                                                                      1           0  0.11s           2025-03-18T11:50:21                      10
/usr/local/python/3.12.1/lib/python3.12/site-packages/airflow/example_dags/plugins/decreasing_priority_weight_strategy.py                                       0           0  0.11s           2025-03-18T11:50:18                       3
/usr/local/python/3.12.1/lib/python3.12/site-packages/airflow/example_dags/tutorial_objectstorage.py                                                            1           0  0.11s           2025-03-18T11:50:22                      10
/usr/local/python/3.12.1/lib/python3.12/site-packages/airflow/example_dags/example_skip_dag.py                                                                  1           0  0.11s           2025-03-18T11:50:31                      12
/usr/local/python/3.12.1/lib/python3.12/site-packages/airflow/example_dags/tutorial_taskflow_api.py                                                             1           0  0.11s           2025-03-18T11:50:19                      10
/usr/local/python/3.12.1/lib/python3.12/site-packages/airflow/example_dags/example_task_group.py                                                                1           0  0.11s           2025-03-18T11:50:34                      10
/usr/local/python/3.12.1/lib/python3.12/site-packages/airflow/example_dags/example_outlet_event_extra.py                                                        3           0  0.11s           2025-03-18T11:50:44                      19
/usr/local/python/3.12.1/lib/python3.12/site-packages/airflow/example_dags/example_xcomargs.py                                                                  2           0  0.11s           2025-03-18T11:50:28                      13
/usr/local/python/3.12.1/lib/python3.12/site-packages/airflow/example_dags/example_passing_params_via_test_command.py                                           1           0  0.11s           2025-03-18T11:50:43                      12
/usr/local/python/3.12.1/lib/python3.12/site-packages/airflow/example_dags/example_sensor_decorator.py                                                          1           0  0.11s           2025-03-18T11:50:34                      10
/usr/local/python/3.12.1/lib/python3.12/site-packages/airflow/example_dags/example_params_trigger_ui.py                                                         1           0  0.10s           2025-03-18T11:50:42                      10
/usr/local/python/3.12.1/lib/python3.12/site-packages/airflow/example_dags/example_trigger_controller_dag.py                                                    1           0  0.10s           2025-03-18T11:50:26                      12
/usr/local/python/3.12.1/lib/python3.12/site-packages/airflow/example_dags/example_short_circuit_operator.py                                                    1           0  0.10s           2025-03-18T11:50:32                      10
/usr/local/python/3.12.1/lib/python3.12/site-packages/airflow/example_dags/example_short_circuit_decorator.py                                                   1           0  0.10s           2025-03-18T11:50:36                      10
/usr/local/python/3.12.1/lib/python3.12/site-packages/airflow/example_dags/example_complex.py                                                                   0           0                                                            0
/usr/local/python/3.12.1/lib/python3.12/site-packages/airflow/example_dags/example_display_name.py                                                              0           0                                                            0
/usr/local/python/3.12.1/lib/python3.12/site-packages/airflow/example_dags/example_dynamic_task_mapping_with_no_taskflow_operators.py                           0           0                                                            0
/usr/local/python/3.12.1/lib/python3.12/site-packages/airflow/example_dags/example_dataset_alias.py                                                             0           0                                                            0
/usr/local/python/3.12.1/lib/python3.12/site-packages/airflow/example_dags/example_branch_datetime_operator.py                                                  0           0                                                            0
/usr/local/python/3.12.1/lib/python3.12/site-packages/airflow/example_dags/example_branch_operator.py                                                           0           0                                                            0
/usr/local/python/3.12.1/lib/python3.12/site-packages/airflow/example_dags/example_bash_decorator.py                                                            0           0                                                            0
/usr/local/python/3.12.1/lib/python3.12/site-packages/airflow/example_dags/example_branch_day_of_week_operator.py                                               0           0                                                            0
/usr/local/python/3.12.1/lib/python3.12/site-packages/airflow/example_dags/example_branch_labels.py                                                             0           0                                                            0
/usr/local/python/3.12.1/lib/python3.12/site-packages/airflow/example_dags/example_dynamic_task_mapping.py                                                      0           0                                                            0
/usr/local/python/3.12.1/lib/python3.12/site-packages/airflow/example_dags/example_branch_operator_decorator.py                                                 0           0                                                            0
/usr/local/python/3.12.1/lib/python3.12/site-packages/airflow/example_dags/example_latest_only.py                                                               0           0                                                            0
/usr/local/python/3.12.1/lib/python3.12/site-packages/airflow/example_dags/example_latest_only_with_trigger.py                                                  0           0                                                            0
/usr/local/python/3.12.1/lib/python3.12/site-packages/airflow/example_dags/example_dag_decorator.py                                                             0           0                                                            0
/usr/local/python/3.12.1/lib/python3.12/site-packages/airflow/example_dags/example_kubernetes_executor.py                                                       0           0                                                            0
/usr/local/python/3.12.1/lib/python3.12/site-packages/airflow/example_dags/example_inlet_event_extra.py                                                         0           0                                                            0
/usr/local/python/3.12.1/lib/python3.12/site-packages/airflow/example_dags/example_nested_branch_dag.py                                                         0           0                                                            0
/usr/local/python/3.12.1/lib/python3.12/site-packages/airflow/example_dags/example_bash_operator.py                                                             0           0                                                            0
/usr/local/python/3.12.1/lib/python3.12/site-packages/airflow/example_dags/example_local_kubernetes_executor.py                                                 0           0                                                            0
/usr/local/python/3.12.1/lib/python3.12/site-packages/airflow/example_dags/example_params_ui_tutorial.py                                                        0           0                                                            0
/usr/local/python/3.12.1/lib/python3.12/site-packages/airflow/example_dags/example_dataset_alias_with_no_taskflow.py                                            0           0                                                            0
/usr/local/python/3.12.1/lib/python3.12/site-packages/airflow/example_dags/example_branch_python_dop_operator_3.py                                              0           0                                                            0
/usr/local/python/3.12.1/lib/python3.12/site-packages/airflow/example_dags/example_external_task_marker_dag.py                                                  0           0                                                            0
/usr/local/python/3.12.1/lib/python3.12/site-packages/airflow/example_dags/example_datasets.py                                                                  0           0                                                            0
================================================================================
[2025-03-18T11:50:52.787+0000] {manager.py:465} INFO - Exiting gracefully upon receiving signal 15
[2025-03-18T11:57:31.976+0000] {manager.py:483} INFO - Processing files using up to 1 processes at a time 
[2025-03-18T11:57:31.976+0000] {manager.py:484} INFO - Process each file at most once every 30 seconds
[2025-03-18T11:57:31.976+0000] {manager.py:485} INFO - Checking for new files in /workspaces/Data-Management-for-ML/airflow/dags every 300 seconds
[2025-03-18T11:57:31.977+0000] {manager.py:821} INFO - Searching for files in /workspaces/Data-Management-for-ML/airflow/dags
[2025-03-18T11:57:31.992+0000] {manager.py:824} INFO - There are 57 files in /workspaces/Data-Management-for-ML/airflow/dags
[2025-03-18T11:57:32.138+0000] {manager.py:997} INFO - 
================================================================================
DAG File Processing Stats

File Path                                                                                                                              PID    Runtime      # DAGs    # Errors  Last Runtime    Last Run               Last # of DB Queries
-------------------------------------------------------------------------------------------------------------------------------------  -----  ---------  --------  ----------  --------------  -------------------  ----------------------
/usr/local/python/3.12.1/lib/python3.12/site-packages/airflow/example_dags/subdags/subdag.py                                                                    0           0  0.11s           2025-03-18T11:57:32                       3
/usr/local/python/3.12.1/lib/python3.12/site-packages/airflow/example_dags/example_sensor_decorator.py                                                          0           0                                                            0
/usr/local/python/3.12.1/lib/python3.12/site-packages/airflow/example_dags/example_sensors.py                                                                   0           0                                                            0
/usr/local/python/3.12.1/lib/python3.12/site-packages/airflow/example_dags/example_python_decorator.py                                                          0           0                                                            0
/usr/local/python/3.12.1/lib/python3.12/site-packages/airflow/example_dags/example_complex.py                                                                   0           0                                                            0
/usr/local/python/3.12.1/lib/python3.12/site-packages/airflow/example_dags/example_display_name.py                                                              0           0                                                            0
/usr/local/python/3.12.1/lib/python3.12/site-packages/airflow/example_dags/example_task_group_decorator.py                                                      0           0                                                            0
/usr/local/python/3.12.1/lib/python3.12/site-packages/airflow/example_dags/example_short_circuit_decorator.py                                                   0           0                                                            0
/usr/local/python/3.12.1/lib/python3.12/site-packages/airflow/example_dags/example_dynamic_task_mapping_with_no_taskflow_operators.py                           0           0                                                            0
/usr/local/python/3.12.1/lib/python3.12/site-packages/airflow/example_dags/example_dataset_alias.py                                                             0           0                                                            0
/usr/local/python/3.12.1/lib/python3.12/site-packages/airflow/example_dags/example_branch_datetime_operator.py                                                  0           0                                                            0
/usr/local/python/3.12.1/lib/python3.12/site-packages/airflow/example_dags/example_time_delta_sensor_async.py                                                   0           0                                                            0
/usr/local/python/3.12.1/lib/python3.12/site-packages/airflow/example_dags/example_branch_operator.py                                                           0           0                                                            0
/usr/local/python/3.12.1/lib/python3.12/site-packages/airflow/example_dags/example_bash_decorator.py                                                            0           0                                                            0
/usr/local/python/3.12.1/lib/python3.12/site-packages/airflow/example_dags/example_xcom.py                                                                      0           0                                                            0
/usr/local/python/3.12.1/lib/python3.12/site-packages/airflow/example_dags/example_sla_dag.py                                                                   0           0                                                            0
/usr/local/python/3.12.1/lib/python3.12/site-packages/airflow/example_dags/example_branch_day_of_week_operator.py                                               0           0                                                            0
/usr/local/python/3.12.1/lib/python3.12/site-packages/airflow/example_dags/example_params_trigger_ui.py                                                         0           0                                                            0
/usr/local/python/3.12.1/lib/python3.12/site-packages/airflow/example_dags/example_setup_teardown.py                                                            0           0                                                            0
/usr/local/python/3.12.1/lib/python3.12/site-packages/airflow/example_dags/example_trigger_target_dag.py                                                        0           0                                                            0
/usr/local/python/3.12.1/lib/python3.12/site-packages/airflow/example_dags/example_branch_labels.py                                                             0           0                                                            0
/usr/local/python/3.12.1/lib/python3.12/site-packages/airflow/example_dags/example_setup_teardown_taskflow.py                                                   0           0                                                            0
/usr/local/python/3.12.1/lib/python3.12/site-packages/airflow/example_dags/example_dynamic_task_mapping.py                                                      0           0                                                            0
/usr/local/python/3.12.1/lib/python3.12/site-packages/airflow/example_dags/example_branch_operator_decorator.py                                                 0           0                                                            0
/usr/local/python/3.12.1/lib/python3.12/site-packages/airflow/example_dags/example_skip_dag.py                                                                  0           0                                                            0
/usr/local/python/3.12.1/lib/python3.12/site-packages/airflow/example_dags/example_latest_only.py                                                               0           0                                                            0
/usr/local/python/3.12.1/lib/python3.12/site-packages/airflow/example_dags/example_latest_only_with_trigger.py                                                  0           0                                                            0
/usr/local/python/3.12.1/lib/python3.12/site-packages/airflow/example_dags/tutorial_taskflow_api.py                                                             0           0                                                            0
/usr/local/python/3.12.1/lib/python3.12/site-packages/airflow/example_dags/example_dag_decorator.py                                                             0           0                                                            0
/usr/local/python/3.12.1/lib/python3.12/site-packages/airflow/example_dags/example_workday_timetable.py                                                         0           0                                                            0
/usr/local/python/3.12.1/lib/python3.12/site-packages/airflow/example_dags/example_trigger_controller_dag.py                                                    0           0                                                            0
/usr/local/python/3.12.1/lib/python3.12/site-packages/airflow/example_dags/tutorial_taskflow_api_virtualenv.py                                                  0           0                                                            0
/usr/local/python/3.12.1/lib/python3.12/site-packages/airflow/example_dags/example_kubernetes_executor.py                                                       0           0                                                            0
/usr/local/python/3.12.1/lib/python3.12/site-packages/airflow/example_dags/example_passing_params_via_test_command.py                                           0           0                                                            0
/usr/local/python/3.12.1/lib/python3.12/site-packages/airflow/example_dags/example_inlet_event_extra.py                                                         0           0                                                            0
/usr/local/python/3.12.1/lib/python3.12/site-packages/airflow/example_dags/example_short_circuit_operator.py                                                    0           0                                                            0
/usr/local/python/3.12.1/lib/python3.12/site-packages/airflow/example_dags/example_nested_branch_dag.py                                                         0           0                                                            0
/usr/local/python/3.12.1/lib/python3.12/site-packages/airflow/example_dags/example_bash_operator.py                                                             0           0                                                            0
/usr/local/python/3.12.1/lib/python3.12/site-packages/airflow/example_dags/example_local_kubernetes_executor.py                                                 0           0                                                            0
/usr/local/python/3.12.1/lib/python3.12/site-packages/airflow/example_dags/example_outlet_event_extra.py                                                        0           0                                                            0
/usr/local/python/3.12.1/lib/python3.12/site-packages/airflow/example_dags/example_task_group.py                                                                0           0                                                            0
/usr/local/python/3.12.1/lib/python3.12/site-packages/airflow/example_dags/tutorial_dag.py                                                                      0           0                                                            0
/usr/local/python/3.12.1/lib/python3.12/site-packages/airflow/example_dags/example_params_ui_tutorial.py                                                        0           0                                                            0
/usr/local/python/3.12.1/lib/python3.12/site-packages/airflow/example_dags/example_dataset_alias_with_no_taskflow.py                                            0           0                                                            0
/usr/local/python/3.12.1/lib/python3.12/site-packages/airflow/example_dags/tutorial.py                                                                          0           0                                                            0
/usr/local/python/3.12.1/lib/python3.12/site-packages/airflow/example_dags/example_python_operator.py                                                           0           0                                                            0
/usr/local/python/3.12.1/lib/python3.12/site-packages/airflow/example_dags/example_branch_python_dop_operator_3.py                                              0           0                                                            0
/usr/local/python/3.12.1/lib/python3.12/site-packages/airflow/example_dags/example_external_task_marker_dag.py                                                  0           0                                                            0
/usr/local/python/3.12.1/lib/python3.12/site-packages/airflow/example_dags/example_datasets.py                                                                  0           0                                                            0
/usr/local/python/3.12.1/lib/python3.12/site-packages/airflow/example_dags/tutorial_objectstorage.py                                                            0           0                                                            0
/usr/local/python/3.12.1/lib/python3.12/site-packages/airflow/example_dags/example_xcomargs.py                                                                  0           0                                                            0
/usr/local/python/3.12.1/lib/python3.12/site-packages/airflow/example_dags/example_subdag_operator.py                                                           0           0                                                            0
/usr/local/python/3.12.1/lib/python3.12/site-packages/airflow/example_dags/tutorial_taskflow_templates.py                                                       0           0                                                            0
/usr/local/python/3.12.1/lib/python3.12/site-packages/airflow/example_dags/plugins/event_listener.py                                                            0           0                                                            0
/usr/local/python/3.12.1/lib/python3.12/site-packages/airflow/example_dags/plugins/listener_plugin.py                                                           0           0                                                            0
/usr/local/python/3.12.1/lib/python3.12/site-packages/airflow/example_dags/plugins/decreasing_priority_weight_strategy.py                                       0           0                                                            0
/usr/local/python/3.12.1/lib/python3.12/site-packages/airflow/example_dags/plugins/workday.py                                                                   0           0                                                            0
================================================================================
[2025-03-18T11:57:51.853+0000] {manager.py:465} INFO - Exiting gracefully upon receiving signal 15
